{"type":"FeatureCollection","features":[{"type":"Feature","id":"AR","properties":{"ISO_A2":"AR","name":"Argentina"},"geometry":{"type":"MultiPolygon","coordinates":[[[[-57.608887,-30.187793],[-57.645752,-30.226953],[-57.650879,-30.29502],[-57.712695,-30.384473],[-57.831201,-30.495215],[-57.87251,-30.591016],[-57.818555,-30.712012],[-57.810596,-30.858594],[-57.834082,-30.91748],[-57.886328,-30.937402],[-57.898291,-30.975195],[-57.870068,-31.031055],[-57.868408,-31.104395],[-57.893359,-31.195312],[-57.94834,-31.299414],[-58.033398,-31.416602],[-58.053857,-31.494922],[-58.009668,-31.534375],[-57.987988,-31.576172],[-57.988867,-31.620605],[-58.006982,-31.684961],[-58.042334,-31.769238],[-58.09585,-31.831836],[-58.16748,-31.872656],[-58.189014,-31.924219],[-58.1604,-31.986523],[-58.156348,-32.051563],[-58.177002,-32.119043],[-58.164795,-32.184863],[-58.119727,-32.248926],[-58.123047,-32.321875],[-58.201172,-32.47168],[-58.219971,-32.563965],[-58.170996,-32.959277],[-58.200781,-33.014648],[-58.250391,-33.07832],[-58.308887,-33.08291],[-58.375977,-33.071875],[-58.424463,-33.111523],[-58.454834,-33.285938],[-58.547217,-33.663477],[-58.530566,-33.753027],[-58.456592,-33.89834],[-58.429492,-33.990918],[-58.409033,-34.060742],[-58.39248,-34.192969],[-58.435498,-34.252539],[-58.475244,-34.262988],[-58.525488,-34.296191],[-58.466211,-34.457422],[-58.418945,-34.531641],[-58.28335,-34.683496],[-57.763574,-34.894531],[-57.547852,-35.018945],[-57.303662,-35.188477],[-57.170654,-35.3625],[-57.158887,-35.505957],[-57.353906,-35.720313],[-57.375488,-35.900293],[-57.335449,-36.026758],[-57.26499,-36.144141],[-57.076172,-36.296777],[-56.937158,-36.352539],[-56.749463,-36.346484],[-56.717383,-36.389063],[-56.698096,-36.426465],[-56.668262,-36.735254],[-56.672021,-36.85127],[-56.727148,-36.957715],[-57.087695,-37.446387],[-57.395752,-37.744629],[-57.507275,-37.909277],[-57.546973,-38.085645],[-57.645605,-38.169629],[-58.179199,-38.43584],[-59.007227,-38.67334],[-59.67627,-38.79668],[-59.82832,-38.838184],[-60.903955,-38.973926],[-61.112207,-38.992969],[-61.382861,-38.980859],[-61.602539,-38.998828],[-61.8479,-38.961816],[-62.066895,-38.919141],[-62.189258,-38.813281],[-62.334766,-38.800098],[-62.374463,-38.85293],[-62.303613,-38.988086],[-62.338086,-39.150586],[-62.295068,-39.243262],[-62.209082,-39.261816],[-62.126465,-39.309766],[-62.053662,-39.373828],[-62.179346,-39.380469],[-62.130566,-39.431543],[-62.076807,-39.461523],[-62.082764,-39.568359],[-62.131543,-39.825391],[-62.253955,-39.880469],[-62.286914,-39.895313],[-62.323975,-39.950684],[-62.401855,-40.196582],[-62.427002,-40.355957],[-62.393604,-40.458789],[-62.246338,-40.674609],[-62.301855,-40.814648],[-62.39502,-40.89082],[-62.797998,-41.047168],[-62.959033,-41.109668],[-63.212842,-41.152441],[-63.621777,-41.159766],[-63.772998,-41.15],[-64.123193,-41.007812],[-64.383447,-40.922461],[-64.621484,-40.854492],[-64.852979,-40.81377],[-64.819873,-40.793262],[-64.804395,-40.756543],[-64.869482,-40.73584],[-64.916895,-40.731348],[-65.069434,-40.805273],[-65.133398,-40.880664],[-65.151855,-40.946973],[-65.15498,-41.105664],[-65.127881,-41.23877],[-65.018262,-41.566895],[-65.007031,-41.745117],[-65.059082,-41.969922],[-64.986377,-42.102051],[-64.898047,-42.161816],[-64.699512,-42.220801],[-64.622461,-42.261035],[-64.537744,-42.25459],[-64.511719,-42.270215],[-64.524219,-42.299219],[-64.574121,-42.355957],[-64.570996,-42.416016],[-64.42041,-42.433789],[-64.2646,-42.42168],[-64.100879,-42.395117],[-64.062207,-42.353418],[-64.061182,-42.266113],[-64.25293,-42.250781],[-64.228516,-42.218262],[-64.083252,-42.182813],[-63.892871,-42.124609],[-63.795557,-42.113867],[-63.729492,-42.15293],[-63.684766,-42.188672],[-63.629883,-42.282715],[-63.595898,-42.406543],[-63.594434,-42.555566],[-63.617334,-42.695801],[-63.644482,-42.745703],[-63.69248,-42.805273],[-64.034766,-42.88125],[-64.130664,-42.861426],[-64.219922,-42.755566],[-64.247949,-42.646094],[-64.324268,-42.572266],[-64.487842,-42.513477],[-64.650488,-42.531445],[-64.811963,-42.633203],[-64.970703,-42.666309],[-65.026904,-42.758887],[-64.629199,-42.908984],[-64.441553,-42.950684],[-64.380371,-42.949219],[-64.319141,-42.968945],[-64.375684,-43.024609],[-64.432227,-43.05918],[-64.715234,-43.135547],[-64.839941,-43.188867],[-64.985547,-43.293555],[-65.189746,-43.52207],[-65.252344,-43.571875],[-65.283594,-43.62998],[-65.304688,-43.7875],[-65.238574,-44.04873],[-65.308398,-44.158203],[-65.265527,-44.279687],[-65.289844,-44.360742],[-65.361279,-44.477344],[-65.647607,-44.661426],[-65.69834,-44.796191],[-65.599121,-44.875586],[-65.605713,-44.94502],[-65.63877,-45.007812],[-65.757715,-45.007129],[-66.190137,-44.964746],[-66.347754,-45.033594],[-66.493604,-45.117578],[-66.533447,-45.157813],[-66.585059,-45.18291],[-66.882471,-45.227637],[-66.941406,-45.257324],[-67.257617,-45.577246],[-67.393018,-45.775586],[-67.556641,-45.970117],[-67.599561,-46.052539],[-67.608887,-46.166797],[-67.586084,-46.269531],[-67.563379,-46.34541],[-67.506445,-46.442773],[-67.386621,-46.553809],[-66.776855,-47.005859],[-66.650391,-47.045312],[-65.998535,-47.09375],[-65.853662,-47.156738],[-65.769092,-47.256738],[-65.738086,-47.344922],[-65.775391,-47.568359],[-65.814307,-47.638184],[-65.886328,-47.701562],[-66.040625,-47.783301],[-66.225244,-47.826758],[-66.172363,-47.857617],[-66.097363,-47.853223],[-65.934229,-47.826758],[-65.863672,-47.853223],[-65.810059,-47.941113],[-65.912158,-47.976758],[-65.943408,-48.019336],[-66.017187,-48.084277],[-66.393359,-48.342383],[-66.596289,-48.419531],[-66.782812,-48.522949],[-67.033105,-48.627734],[-67.130957,-48.687891],[-67.26333,-48.814258],[-67.466309,-48.951758],[-67.684863,-49.24668],[-67.693701,-49.304004],[-67.661963,-49.342187],[-67.783496,-49.858887],[-67.825977,-49.919629],[-67.913965,-49.984473],[-68.145654,-50.091406],[-68.257227,-50.10459],[-68.404639,-50.042676],[-68.487891,-49.97793],[-68.569287,-49.866992],[-68.667578,-49.752539],[-68.672656,-49.793457],[-68.638477,-49.862988],[-68.661621,-49.935742],[-68.912988,-49.96875],[-68.97959,-50.003027],[-68.752686,-49.987695],[-68.597949,-50.009473],[-68.532568,-50.036133],[-68.47373,-50.091406],[-68.421875,-50.15791],[-68.46543,-50.194727],[-68.589355,-50.225195],[-68.749854,-50.281152],[-68.939453,-50.382324],[-69.044775,-50.499121],[-69.090186,-50.583105],[-69.141406,-50.752539],[-69.15498,-50.864453],[-69.235156,-50.950586],[-69.358594,-51.028125],[-69.351758,-51.045801],[-69.267969,-51.006152],[-69.201025,-50.993652],[-69.143506,-51.096973],[-69.065723,-51.303516],[-69.02959,-51.446484],[-69.035303,-51.488965],[-69.058301,-51.547168],[-69.218066,-51.56123],[-69.360547,-51.559473],[-69.46543,-51.584473],[-69.409082,-51.610254],[-69.313037,-51.601074],[-69.180127,-51.662305],[-69.03252,-51.63623],[-68.965332,-51.677148],[-68.916797,-51.714648],[-68.69082,-52.013086],[-68.493506,-52.197559],[-68.39375,-52.307031],[-68.443359,-52.356641],[-68.460986,-52.29043],[-68.589795,-52.27334],[-68.715186,-52.255469],[-68.924561,-52.208105],[-69.206201,-52.136133],[-69.488428,-52.136133],[-69.712598,-52.075391],[-69.960254,-52.008203],[-70.482861,-52.002246],[-70.943164,-51.998145],[-71.414746,-51.993945],[-71.716602,-51.991309],[-71.918652,-51.989551],[-71.971094,-51.96416],[-71.953467,-51.880371],[-72.028418,-51.818652],[-72.136963,-51.744043],[-72.268994,-51.691113],[-72.334521,-51.620313],[-72.407666,-51.54082],[-72.366406,-51.470313],[-72.303223,-51.298926],[-72.301855,-51.22334],[-72.35918,-51.17041],[-72.376807,-51.09541],[-72.35918,-51.060156],[-72.307373,-51.033398],[-72.276318,-50.910254],[-72.300635,-50.789551],[-72.340234,-50.681836],[-72.392578,-50.634277],[-72.460156,-50.611719],[-72.509814,-50.60752],[-72.62041,-50.647656],[-72.803613,-50.637695],[-72.865918,-50.653125],[-72.955566,-50.696484],[-73.082373,-50.760352],[-73.15293,-50.738281],[-73.174512,-50.67002],[-73.221631,-50.610742],[-73.251611,-50.558496],[-73.27417,-50.472559],[-73.311719,-50.361914],[-73.386621,-50.231152],[-73.50127,-50.125293],[-73.507715,-50.030273],[-73.528906,-49.910938],[-73.47041,-49.794531],[-73.504541,-49.698047],[-73.57627,-49.58291],[-73.554199,-49.463867],[-73.483643,-49.397656],[-73.461572,-49.313867],[-73.135254,-49.300684],[-73.148877,-49.187988],[-73.09458,-49.096875],[-73.033643,-49.014355],[-72.981738,-48.976758],[-72.86543,-48.943945],[-72.728467,-48.896289],[-72.65127,-48.841602],[-72.614404,-48.792871],[-72.591748,-48.729688],[-72.585938,-48.6625],[-72.608398,-48.519336],[-72.582861,-48.475391],[-72.498145,-48.417383],[-72.354736,-48.36582],[-72.293018,-48.229102],[-72.32832,-48.110059],[-72.40791,-48.015918],[-72.509082,-47.97334],[-72.51792,-47.876367],[-72.472217,-47.78418],[-72.412598,-47.685547],[-72.341504,-47.57207],[-72.345947,-47.492676],[-72.28291,-47.446289],[-72.103418,-47.342773],[-72.041699,-47.241406],[-71.978516,-47.213867],[-71.90498,-47.20166],[-71.900537,-47.144336],[-71.954248,-47.0875],[-71.962988,-47.016016],[-71.956641,-46.936816],[-71.940234,-46.83125],[-71.856445,-46.791602],[-71.732715,-46.705859],[-71.699658,-46.651367],[-71.695215,-46.578418],[-71.731299,-46.427832],[-71.762109,-46.319824],[-71.777637,-46.27998],[-71.834131,-46.206738],[-71.875684,-46.160547],[-71.809277,-46.102734],[-71.684473,-46.041895],[-71.631543,-45.953711],[-71.680078,-45.878711],[-71.750635,-45.839063],[-71.772656,-45.724414],[-71.746191,-45.578906],[-71.693311,-45.534766],[-71.508105,-45.512695],[-71.49043,-45.437695],[-71.349316,-45.331934],[-71.35376,-45.230469],[-71.443457,-45.168262],[-71.531299,-45.067871],[-71.596289,-44.979199],[-71.812354,-44.930664],[-72.041699,-44.904199],[-72.07251,-44.82041],[-72.063721,-44.771875],[-71.957031,-44.791504],[-71.782812,-44.774414],[-71.65166,-44.77041],[-71.5604,-44.762012],[-71.455176,-44.749805],[-71.358154,-44.785156],[-71.261133,-44.763086],[-71.221484,-44.630762],[-71.159717,-44.560254],[-71.150879,-44.494043],[-71.212598,-44.441211],[-71.325732,-44.424902],[-71.82002,-44.383105],[-71.835059,-44.330176],[-71.830762,-44.241406],[-71.812109,-44.150781],[-71.812354,-44.106055],[-71.767187,-44.066699],[-71.716162,-43.984473],[-71.680078,-43.92959],[-71.715967,-43.858398],[-71.794727,-43.753223],[-71.737402,-43.704688],[-71.732764,-43.646777],[-71.750635,-43.590137],[-71.832422,-43.527148],[-71.90498,-43.440137],[-71.90498,-43.347559],[-71.820215,-43.322949],[-71.763867,-43.294629],[-71.750635,-43.237305],[-71.781494,-43.166797],[-71.898584,-43.145313],[-72.054688,-43.101953],[-72.102393,-43.065625],[-72.146436,-42.990039],[-72.113623,-42.776758],[-72.130029,-42.648242],[-72.143701,-42.577148],[-72.10542,-42.522461],[-72.053467,-42.473242],[-72.078125,-42.358496],[-72.124609,-42.29834],[-72.108203,-42.251855],[-72.064404,-42.205371],[-72.026123,-42.147949],[-71.993311,-42.134277],[-71.944092,-42.16709],[-71.860791,-42.147852],[-71.760937,-42.101465],[-71.75,-42.046777],[-71.77002,-41.968555],[-71.844482,-41.771973],[-71.911279,-41.650391],[-71.897607,-41.606641],[-71.871143,-41.560547],[-71.892187,-41.393359],[-71.885596,-41.292383],[-71.880713,-40.994629],[-71.873047,-40.892969],[-71.941357,-40.78916],[-71.932129,-40.691699],[-71.883789,-40.620605],[-71.838525,-40.524414],[-71.804639,-40.43916],[-71.769141,-40.400879],[-71.708984,-40.381738],[-71.695312,-40.335254],[-71.722656,-40.299707],[-71.800586,-40.244336],[-71.818311,-40.17666],[-71.801953,-40.124707],[-71.763672,-40.094629],[-71.704395,-40.094922],[-71.659766,-40.020801],[-71.647119,-39.929199],[-71.637891,-39.886816],[-71.67207,-39.833301],[-71.696826,-39.707031],[-71.719922,-39.635254],[-71.692578,-39.605176],[-71.654297,-39.594238],[-71.587012,-39.611133],[-71.539453,-39.602441],[-71.53125,-39.56416],[-71.525781,-39.523145],[-71.507764,-39.495215],[-71.465381,-39.402344],[-71.42002,-39.287207],[-71.409375,-39.205957],[-71.425586,-38.985645],[-71.401562,-38.935059],[-71.353174,-38.888867],[-71.285742,-38.84541],[-71.197266,-38.809375],[-71.087109,-38.75752],[-70.951611,-38.738477],[-70.896924,-38.681055],[-70.858643,-38.604492],[-70.847656,-38.541602],[-70.899658,-38.497852],[-70.967969,-38.445898],[-71.000488,-38.314844],[-71.018164,-38.193945],[-71.028174,-38.041211],[-71.096191,-37.909961],[-71.167578,-37.762305],[-71.186719,-37.631055],[-71.162842,-37.55918],[-71.134814,-37.445117],[-71.164893,-37.393262],[-71.200391,-37.300293],[-71.163477,-37.227441],[-71.118408,-37.114355],[-71.123828,-37.056934],[-71.159375,-36.920215],[-71.192187,-36.843652],[-71.159375,-36.761621],[-71.107422,-36.685059],[-71.066406,-36.644043],[-71.073242,-36.578027],[-71.055518,-36.52373],[-70.97793,-36.487305],[-70.905127,-36.419922],[-70.853174,-36.411719],[-70.790283,-36.411719],[-70.749268,-36.392578],[-70.732861,-36.340625],[-70.721924,-36.283203],[-70.621875,-36.211914],[-70.563379,-36.146387],[-70.456738,-36.132715],[-70.404785,-36.061719],[-70.403662,-35.970508],[-70.415723,-35.878516],[-70.380176,-35.771875],[-70.419727,-35.60918],[-70.415723,-35.523047],[-70.456738,-35.451953],[-70.448535,-35.375391],[-70.47041,-35.326172],[-70.532324,-35.30791],[-70.555176,-35.246875],[-70.525098,-35.216797],[-70.466602,-35.193652],[-70.393164,-35.146875],[-70.338135,-34.921777],[-70.312109,-34.85498],[-70.286768,-34.774512],[-70.289941,-34.732813],[-70.254687,-34.672656],[-70.210693,-34.58125],[-70.14126,-34.492871],[-70.101465,-34.432031],[-70.062988,-34.35],[-70.052051,-34.300781],[-70.002832,-34.27627],[-69.946338,-34.269922],[-69.879785,-34.254395],[-69.852441,-34.224316],[-69.857373,-34.180469],[-69.861523,-34.083594],[-69.881494,-33.929785],[-69.894336,-33.731348],[-69.882568,-33.600977],[-69.83877,-33.469727],[-69.797754,-33.398633],[-69.808691,-33.343945],[-69.819629,-33.283789],[-69.896191,-33.250977],[-69.969043,-33.279395],[-70.019824,-33.271484],[-70.084863,-33.201758],[-70.104004,-33.12793],[-70.093066,-33.026758],[-70.042139,-32.963672],[-70.021973,-32.88457],[-70.052051,-32.859961],[-70.116162,-32.807422],[-70.176953,-32.626074],[-70.169629,-32.47168],[-70.229785,-32.430664],[-70.257812,-32.309961],[-70.32002,-32.266699],[-70.344629,-32.176465],[-70.36377,-32.083496],[-70.355566,-32.042383],[-70.290918,-32.031055],[-70.254395,-31.957715],[-70.281738,-31.916602],[-70.330957,-31.881055],[-70.393848,-31.883789],[-70.450146,-31.841895],[-70.525635,-31.666406],[-70.585205,-31.569434],[-70.566406,-31.42793],[-70.554688,-31.317383],[-70.529053,-31.222852],[-70.51958,-31.148438],[-70.473096,-31.112793],[-70.429395,-31.129297],[-70.388379,-31.121094],[-70.350586,-31.060449],[-70.309082,-31.022656],[-70.311816,-30.992578],[-70.336426,-30.959766],[-70.348145,-30.902344],[-70.319238,-30.833984],[-70.269385,-30.677246],[-70.193945,-30.504688],[-70.161426,-30.440234],[-70.169629,-30.385547],[-70.153223,-30.360938],[-70.102002,-30.388281],[-69.956348,-30.358203],[-69.907129,-30.281641],[-69.888037,-30.213281],[-69.844287,-30.175],[-69.863379,-30.120313],[-69.923535,-30.103906],[-69.959961,-30.07832],[-69.945459,-30.016406],[-69.924121,-29.874023],[-69.927637,-29.769141],[-69.982617,-29.54541],[-70.026807,-29.324023],[-69.995605,-29.25],[-69.900342,-29.148828],[-69.827881,-29.103223],[-69.814844,-29.045508],[-69.743164,-28.783887],[-69.734912,-28.641113],[-69.687891,-28.562012],[-69.656934,-28.413574],[-69.527148,-28.285645],[-69.488867,-28.200879],[-69.436914,-28.192676],[-69.40957,-28.165332],[-69.340723,-28.070801],[-69.251221,-27.973633],[-69.174414,-27.924707],[-69.155273,-27.848145],[-69.118506,-27.743555],[-69.042187,-27.57002],[-68.999414,-27.449023],[-68.941992,-27.405176],[-68.875098,-27.24668],[-68.846338,-27.153711],[-68.769775,-27.11543],[-68.709619,-27.104492],[-68.652197,-27.14834],[-68.59209,-27.140039],[-68.537354,-27.085352],[-68.405371,-27.048145],[-68.345996,-27.02793],[-68.318652,-26.973242],[-68.318652,-26.877539],[-68.37334,-26.806445],[-68.485107,-26.670313],[-68.581152,-26.518359],[-68.591602,-26.47041],[-68.592187,-26.418066],[-68.575781,-26.351953],[-68.529834,-26.276953],[-68.414502,-26.153711],[-68.426758,-26.06543],[-68.51084,-25.741016],[-68.541895,-25.651563],[-68.600293,-25.485645],[-68.59209,-25.42002],[-68.54082,-25.236719],[-68.496338,-25.162988],[-68.430713,-25.149316],[-68.395215,-25.124707],[-68.384229,-25.091895],[-68.428027,-25.050977],[-68.447119,-24.998926],[-68.466309,-24.925195],[-68.527051,-24.899219],[-68.562012,-24.837695],[-68.562012,-24.747363],[-68.507275,-24.629785],[-68.447119,-24.596973],[-68.422559,-24.545117],[-68.358105,-24.497266],[-68.299512,-24.460352],[-68.250293,-24.391992],[-68.047363,-24.308301],[-67.88623,-24.243359],[-67.571777,-24.118945],[-67.356201,-24.033789],[-67.335596,-23.974805],[-67.319141,-23.934668],[-67.219141,-23.633984],[-67.089746,-23.245117],[-67.008789,-23.001367],[-67.194873,-22.82168],[-67.161914,-22.773828],[-67.05542,-22.650879],[-67.033545,-22.552246],[-66.991113,-22.509863],[-66.800293,-22.409668],[-66.76748,-22.343066],[-66.750635,-22.269336],[-66.711719,-22.216309],[-66.639014,-22.205371],[-66.506982,-22.158398],[-66.365186,-22.11377],[-66.322461,-22.053125],[-66.282129,-21.947461],[-66.247607,-21.830469],[-66.220166,-21.802539],[-66.174658,-21.805664],[-66.098584,-21.835059],[-66.058594,-21.879492],[-65.860156,-22.019727],[-65.771045,-22.099609],[-65.686182,-22.110254],[-65.518799,-22.094531],[-65.484863,-22.098145],[-65.057812,-22.102734],[-64.992627,-22.109668],[-64.843066,-22.143945],[-64.758643,-22.171289],[-64.700098,-22.185547],[-64.605518,-22.228809],[-64.523633,-22.371582],[-64.477734,-22.485352],[-64.445508,-22.585352],[-64.373975,-22.761035],[-64.325293,-22.827637],[-64.30791,-22.795313],[-64.266406,-22.60332],[-64.209082,-22.491309],[-64.131836,-22.36582],[-63.976123,-22.072559],[-63.92168,-22.028613],[-63.861035,-22.007227],[-63.818652,-22.005469],[-63.775586,-22.027246],[-63.716943,-22.027539],[-63.675342,-22.004297],[-63.267187,-22.000586],[-62.843359,-21.997266],[-62.834277,-21.999121],[-62.815088,-22.049609],[-62.74458,-22.159863],[-62.665283,-22.217969],[-62.650977,-22.233691],[-62.625684,-22.261523],[-62.625977,-22.29043],[-62.541553,-22.349609],[-62.37251,-22.43916],[-62.21416,-22.612402],[-62.066602,-22.869434],[-61.928027,-23.059277],[-61.798535,-23.182031],[-61.679492,-23.26875],[-61.570996,-23.319434],[-61.513037,-23.360449],[-61.505518,-23.391992],[-61.403955,-23.45752],[-61.208398,-23.557031],[-61.084717,-23.656445],[-61.03291,-23.755664],[-60.839844,-23.858105],[-60.505371,-23.963574],[-60.262207,-24.013965],[-60.110303,-24.00918],[-59.89248,-24.093555],[-59.608594,-24.266797],[-59.4354,-24.387012],[-59.372949,-24.453906],[-59.187256,-24.562305],[-58.724023,-24.786621],[-58.519629,-24.842871],[-58.422803,-24.894141],[-58.365381,-24.959277],[-58.308691,-24.979102],[-58.252783,-24.953809],[-58.136475,-24.977148],[-57.959814,-25.049219],[-57.82168,-25.136426],[-57.643896,-25.328418],[-57.587158,-25.405078],[-57.563135,-25.47373],[-57.57168,-25.53418],[-57.62583,-25.59873],[-57.725488,-25.667188],[-57.754785,-25.69707],[-57.75708,-25.725977],[-57.782471,-25.783691],[-57.865234,-25.906934],[-57.88623,-25.964258],[-57.890625,-26.006543],[-57.943115,-26.05293],[-58.082422,-26.138574],[-58.111133,-26.180176],[-58.118066,-26.224902],[-58.135645,-26.251465],[-58.154687,-26.262598],[-58.181494,-26.307422],[-58.203027,-26.381445],[-58.205176,-26.476562],[-58.187939,-26.592578],[-58.191309,-26.62998],[-58.22207,-26.65],[-58.239355,-26.676855],[-58.245557,-26.731055],[-58.27168,-26.770703],[-58.317676,-26.795898],[-58.334668,-26.824902],[-58.322559,-26.857617],[-58.356445,-26.890039],[-58.436328,-26.921973],[-58.485254,-26.968457],[-58.503223,-27.029492],[-58.547705,-27.083984],[-58.618604,-27.132129],[-58.641748,-27.196094],[-58.604834,-27.314355],[-58.168262,-27.273438],[-57.812207,-27.316602],[-57.39126,-27.430469],[-57.111816,-27.470117],[-56.973975,-27.435742],[-56.871729,-27.440625],[-56.805176,-27.484668],[-56.715723,-27.49375],[-56.603369,-27.467871],[-56.510547,-27.487891],[-56.437158,-27.553809],[-56.370508,-27.537402],[-56.310547,-27.43877],[-56.241699,-27.366797],[-56.164062,-27.321484],[-56.067334,-27.307715],[-55.951465,-27.325684],[-55.859033,-27.361914],[-55.78999,-27.416406],[-55.714648,-27.414844],[-55.63291,-27.357129],[-55.593799,-27.288086],[-55.597266,-27.207617],[-55.564893,-27.15],[-55.496729,-27.115332],[-55.450635,-27.068359],[-55.42666,-27.009277],[-55.345801,-26.973145],[-55.208008,-26.960156],[-55.135937,-26.931152],[-55.129639,-26.886035],[-55.088867,-26.844531],[-55.013623,-26.806641],[-54.962158,-26.759375],[-54.934473,-26.702539],[-54.888916,-26.666797],[-54.825488,-26.652246],[-54.755078,-26.53291],[-54.677734,-26.308789],[-54.631934,-26.005762],[-54.615869,-25.576074],[-54.537842,-25.576465],[-54.501514,-25.608301],[-54.443945,-25.625],[-54.38335,-25.588672],[-54.331885,-25.571875],[-54.250098,-25.57041],[-54.206152,-25.52959],[-54.15459,-25.523047],[-54.119238,-25.545215],[-54.08501,-25.571875],[-54.012305,-25.57793],[-53.954785,-25.647656],[-53.891162,-25.668848],[-53.864209,-25.748828],[-53.823242,-25.95957],[-53.746924,-26.083691],[-53.671289,-26.225098],[-53.668555,-26.288184],[-53.710938,-26.351855],[-53.718164,-26.443164],[-53.74458,-26.666504],[-53.75332,-26.748633],[-53.727148,-26.804688],[-53.717285,-26.882812],[-53.758496,-26.97832],[-53.838184,-27.121094],[-53.915625,-27.15957],[-53.935352,-27.161133],[-54.040137,-27.24375],[-54.113818,-27.274707],[-54.156445,-27.253809],[-54.205225,-27.289648],[-54.260156,-27.382031],[-54.327002,-27.423535],[-54.448145,-27.446484],[-54.484326,-27.457324],[-54.554932,-27.454102],[-54.61543,-27.477148],[-54.665869,-27.526563],[-54.719727,-27.544922],[-54.7771,-27.53252],[-54.829102,-27.550586],[-54.875732,-27.599219],[-54.902783,-27.651953],[-54.910205,-27.708594],[-54.955908,-27.747168],[-55.039941,-27.767773],[-55.068994,-27.796289],[-55.063867,-27.835938],[-55.101514,-27.866797],[-55.24375,-27.898828],[-55.346484,-27.955957],[-55.409814,-28.037793],[-55.47666,-28.089355],[-55.582373,-28.120996],[-55.725488,-28.204102],[-55.745996,-28.255469],[-55.691504,-28.302832],[-55.671973,-28.344922],[-55.687256,-28.381641],[-55.731982,-28.386621],[-55.806055,-28.359766],[-55.858887,-28.354199],[-55.890527,-28.37002],[-55.90542,-28.399609],[-55.903662,-28.443262],[-55.930176,-28.472852],[-55.984912,-28.488574],[-56.019629,-28.524609],[-56.034229,-28.580859],[-56.102881,-28.651758],[-56.225537,-28.737207],[-56.322363,-28.852441],[-56.393262,-28.997266],[-56.475977,-29.09248],[-56.570703,-29.138086],[-56.63584,-29.203027],[-56.671533,-29.287305],[-56.772461,-29.417871],[-56.938623,-29.594824],[-57.089355,-29.716211],[-57.224658,-29.782129],[-57.300684,-29.856543],[-57.31748,-29.939453],[-57.405225,-30.033887],[-57.563867,-30.139941],[-57.608887,-30.187793]]],[[[-68.653223,-54.853613],[-68.64751,-54.627832],[-68.639795,-54.324023],[-68.638232,-54.05293],[-68.63667,-53.788867],[-68.635059,-53.51543],[-68.633447,-53.241895],[-68.631689,-52.949512],[-68.629932,-52.652637],[-68.571191,-52.694922],[-68.33877,-52.900098],[-68.278223,-52.983984],[-68.240137,-53.081836],[-68.333008,-53.019629],[-68.431152,-53.055273],[-68.479492,-53.11377],[-68.520801,-53.177246],[-68.520508,-53.221875],[-68.488525,-53.260938],[-68.393115,-53.294922],[-68.161133,-53.306445],[-68.144092,-53.319043],[-68.008496,-53.564063],[-67.940283,-53.61875],[-67.861084,-53.662207],[-67.678125,-53.787109],[-67.502588,-53.921973],[-67.294238,-54.049805],[-67.069482,-54.148047],[-66.865137,-54.222559],[-66.670068,-54.313574],[-66.462012,-54.441016],[-66.235645,-54.533496],[-65.992578,-54.598926],[-65.74707,-54.653418],[-65.369287,-54.632129],[-65.251953,-54.638086],[-65.179004,-54.678125],[-65.252344,-54.788867],[-65.345996,-54.87793],[-65.471143,-54.914648],[-65.60332,-54.928125],[-65.722754,-54.926367],[-65.841992,-54.909961],[-65.95376,-54.919336],[-66.060645,-54.956738],[-66.172021,-54.975293],[-66.286768,-54.977734],[-66.398682,-55.009375],[-66.511133,-55.032129],[-66.627686,-55.013281],[-66.930469,-54.924902],[-67.1271,-54.903809],[-67.793262,-54.868652],[-68.007129,-54.848438],[-68.220117,-54.817578],[-68.331689,-54.816309],[-68.491016,-54.83623],[-68.618652,-54.833789],[-68.653223,-54.853613]]],[[[-64.54917,-54.716211],[-64.438818,-54.739355],[-64.220508,-54.721973],[-64.105322,-54.72168],[-64.054932,-54.729883],[-64.032422,-54.742383],[-63.881934,-54.722949],[-63.81543,-54.725098],[-63.832568,-54.767969],[-63.97124,-54.810645],[-64.02832,-54.792578],[-64.3229,-54.796484],[-64.453271,-54.840332],[-64.508691,-54.839941],[-64.637354,-54.902539],[-64.731445,-54.862988],[-64.757324,-54.826562],[-64.689209,-54.774707],[-64.625098,-54.773633],[-64.581348,-54.752734],[-64.54917,-54.716211]]],[[[-61.875781,-39.171875],[-61.865967,-39.234863],[-61.918018,-39.227441],[-62.041602,-39.166895],[-62.083301,-39.110156],[-62.093018,-39.08623],[-61.96665,-39.112207],[-61.907129,-39.135645],[-61.875781,-39.171875]]]]}},{"type":"Feature","id":"AU","properties":{"ISO_A2":"AU","name":"Australia"},"geometry":{"type":"MultiPolygon","coordinates":[[[[143.178906,-11.954492],[143.15293,-12.075879],[143.104688,-12.169629],[143.099023,-12.225977],[143.110254,-12.303516],[143.190625,-12.36123],[143.254102,-12.397656],[143.289648,-12.498828],[143.401563,-12.639941],[143.397559,-12.736133],[143.457715,-12.855762],[143.512012,-13.094531],[143.529492,-13.303809],[143.586621,-13.443652],[143.548438,-13.741016],[143.589258,-13.862793],[143.643359,-13.963672],[143.707227,-14.164551],[143.756348,-14.348828],[143.822363,-14.401074],[143.961816,-14.462891],[144.105859,-14.394531],[144.209863,-14.301953],[144.32168,-14.279395],[144.473047,-14.231836],[144.586426,-14.354688],[144.648047,-14.49248],[144.915723,-14.674316],[145.064453,-14.791016],[145.17998,-14.856934],[145.287695,-14.943164],[145.276953,-15.029395],[145.25166,-15.097461],[145.276172,-15.203906],[145.293066,-15.327246],[145.271582,-15.47666],[145.349512,-15.701563],[145.375391,-15.881055],[145.458008,-16.056445],[145.451855,-16.236914],[145.436426,-16.30498],[145.426074,-16.406152],[145.49043,-16.532129],[145.549902,-16.625098],[145.638281,-16.726074],[145.754785,-16.879492],[145.837891,-16.910352],[145.912109,-16.9125],[145.901953,-17.070215],[146.049805,-17.381055],[146.125879,-17.635254],[146.074023,-17.977344],[146.022852,-18.175781],[146.032227,-18.272852],[146.223047,-18.509863],[146.333203,-18.553711],[146.311719,-18.666699],[146.296875,-18.841211],[146.383398,-18.977051],[146.481152,-19.078711],[146.587305,-19.139453],[146.691992,-19.187402],[146.829004,-19.235742],[147.002637,-19.256055],[147.092773,-19.332617],[147.13877,-19.393164],[147.278125,-19.41416],[147.341504,-19.40293],[147.418555,-19.378125],[147.470898,-19.419336],[147.509766,-19.474121],[147.586035,-19.622754],[147.742383,-19.770117],[147.853223,-19.794727],[147.915625,-19.869238],[148.004492,-19.889551],[148.081055,-19.898633],[148.189648,-19.955859],[148.366895,-20.0875],[148.526758,-20.108887],[148.600488,-20.145215],[148.759375,-20.289551],[148.820996,-20.366406],[148.884766,-20.480859],[148.805078,-20.491699],[148.72998,-20.467773],[148.683691,-20.580176],[148.789453,-20.735645],[148.912402,-20.845215],[149.060547,-20.961133],[149.204883,-21.125098],[149.241406,-21.250195],[149.280273,-21.299512],[149.329297,-21.476074],[149.454102,-21.578711],[149.460059,-21.76543],[149.524023,-22.023633],[149.595703,-22.257617],[149.645313,-22.32832],[149.703906,-22.440527],[149.771582,-22.42627],[149.822461,-22.389844],[149.920313,-22.501367],[149.974414,-22.550684],[150.005566,-22.521582],[149.941895,-22.308105],[149.98125,-22.184277],[150.020605,-22.168359],[150.076172,-22.164453],[150.142969,-22.26543],[150.234863,-22.372949],[150.405078,-22.468945],[150.541309,-22.559082],[150.57959,-22.555762],[150.564355,-22.486133],[150.568555,-22.383984],[150.622852,-22.367285],[150.672461,-22.418164],[150.763867,-22.576172],[150.782813,-22.90293],[150.783008,-23.176563],[150.843164,-23.458008],[150.931055,-23.531934],[150.98877,-23.601758],[151.087695,-23.696094],[151.153809,-23.784082],[151.236328,-23.825],[151.500781,-24.012402],[151.575391,-24.033594],[151.690918,-24.038379],[151.831641,-24.122949],[151.902734,-24.200977],[152.055371,-24.494434],[152.129883,-24.597559],[152.282031,-24.699316],[152.353125,-24.73252],[152.456348,-24.802441],[152.493164,-24.904004],[152.502051,-24.963965],[152.563281,-25.07207],[152.654297,-25.201953],[152.78916,-25.274121],[152.913477,-25.432129],[152.920508,-25.688574],[152.984961,-25.816211],[153.028223,-25.870313],[153.125488,-25.922656],[153.164941,-25.96416],[153.08418,-26.303809],[153.162109,-26.982715],[153.116797,-27.194434],[153.197949,-27.404688],[153.385742,-27.768555],[153.428418,-27.897656],[153.454883,-28.04834],[153.575684,-28.240527],[153.569141,-28.533398],[153.616895,-28.673047],[153.60459,-28.854492],[153.462207,-29.050195],[153.348047,-29.29043],[153.346973,-29.496582],[153.272363,-29.89248],[153.223828,-29.998633],[153.188184,-30.163867],[153.030566,-30.563379],[153.02373,-30.720117],[153.047852,-30.907129],[153.021582,-31.086621],[152.982227,-31.208789],[152.943945,-31.434863],[152.78584,-31.786328],[152.559277,-32.045703],[152.545313,-32.243066],[152.516602,-32.330176],[152.47041,-32.439063],[152.33125,-32.55752],[152.247461,-32.608691],[152.215723,-32.678125],[152.136523,-32.678125],[152.13457,-32.699902],[152.188086,-32.72168],[152.164258,-32.757422],[151.954297,-32.820312],[151.812891,-32.901074],[151.668359,-33.098633],[151.607715,-33.201855],[151.530078,-33.300977],[151.483789,-33.347461],[151.463379,-33.397363],[151.432031,-33.521582],[151.35752,-33.543945],[151.29209,-33.580957],[151.322754,-33.699316],[151.288379,-33.834863],[151.280273,-33.92666],[151.244629,-33.985059],[151.20166,-33.964063],[151.167871,-33.973438],[151.124805,-34.005273],[151.191211,-34.015234],[151.231543,-34.029688],[151.089941,-34.1625],[150.960352,-34.29707],[150.927441,-34.386621],[150.871289,-34.499121],[150.821875,-34.749219],[150.781055,-34.892188],[150.80918,-34.993848],[150.80459,-35.012891],[150.774609,-35.02041],[150.756055,-35.007129],[150.697363,-35.041895],[150.680957,-35.07666],[150.705664,-35.119727],[150.722168,-35.13457],[150.714648,-35.155176],[150.690332,-35.177734],[150.634473,-35.177637],[150.56748,-35.214258],[150.374121,-35.58418],[150.292188,-35.682324],[150.195312,-35.833594],[150.158496,-35.970605],[150.128906,-36.12041],[150.095313,-36.372656],[150.062793,-36.550391],[149.988184,-36.722754],[149.960254,-36.845508],[149.950586,-37.080273],[149.986328,-37.258398],[149.962891,-37.353027],[149.962305,-37.443848],[149.932715,-37.528516],[149.809375,-37.547852],[149.708984,-37.616992],[149.56543,-37.72998],[149.480859,-37.771191],[149.298438,-37.802148],[148.943945,-37.788477],[148.2625,-37.830664],[148.130664,-37.856055],[147.876758,-37.93418],[147.631445,-38.055664],[147.395605,-38.219141],[146.856836,-38.663477],[146.435742,-38.711816],[146.35625,-38.711816],[146.292578,-38.699805],[146.21748,-38.727441],[146.216211,-38.782715],[146.285547,-38.840234],[146.336621,-38.894238],[146.426953,-38.819629],[146.466602,-38.840332],[146.481641,-38.97793],[146.483789,-39.065039],[146.456641,-39.112305],[146.4,-39.145508],[146.340039,-39.123828],[146.332031,-39.07666],[146.254297,-38.964453],[146.158398,-38.865723],[146.069922,-38.834082],[146.018164,-38.86709],[145.935352,-38.901758],[145.865527,-38.775977],[145.79082,-38.666992],[145.691895,-38.655664],[145.606348,-38.656836],[145.535352,-38.609668],[145.397266,-38.535352],[145.424219,-38.477344],[145.462793,-38.416309],[145.542188,-38.393848],[145.518359,-38.311426],[145.475781,-38.24375],[145.366406,-38.225684],[145.292773,-38.237598],[145.248926,-38.291211],[145.191211,-38.383594],[144.95957,-38.500781],[144.847266,-38.436328],[144.717773,-38.340332],[144.780273,-38.347363],[144.911426,-38.344043],[145.020117,-38.258398],[145.066992,-38.204883],[145.119922,-38.091309],[145.049609,-38.010938],[144.984863,-37.952246],[144.891309,-37.899805],[144.538477,-38.077148],[144.465332,-38.102539],[144.395508,-38.136914],[144.517773,-38.166406],[144.589453,-38.157617],[144.665234,-38.209961],[144.543652,-38.284082],[144.447852,-38.303711],[144.328711,-38.348242],[144.101562,-38.462305],[143.811719,-38.698828],[143.686719,-38.766895],[143.538965,-38.820898],[143.338477,-38.757812],[143.226465,-38.743164],[143.082617,-38.645898],[142.840234,-38.580859],[142.612109,-38.45166],[142.455859,-38.386328],[142.344531,-38.372168],[142.187695,-38.399414],[141.924707,-38.283789],[141.725,-38.271387],[141.593945,-38.387793],[141.491797,-38.379785],[141.424219,-38.363477],[141.213867,-38.171973],[141.010938,-38.076953],[140.627246,-38.028418],[140.39043,-37.89668],[140.212109,-37.642188],[139.874805,-37.352051],[139.784277,-37.245801],[139.742285,-37.141699],[139.738477,-37.05957],[139.783887,-36.902637],[139.846582,-36.748047],[139.857324,-36.662109],[139.729004,-36.371387],[139.54873,-36.09668],[139.465918,-36.010352],[139.244922,-35.827344],[139.037695,-35.689258],[138.985059,-35.617578],[138.968945,-35.580762],[139.066895,-35.598438],[139.1125,-35.542285],[139.178027,-35.523047],[139.230566,-35.597656],[139.289453,-35.611328],[139.29209,-35.485938],[139.325098,-35.42666],[139.302539,-35.399414],[139.28252,-35.375391],[139.192773,-35.347266],[139.09375,-35.389551],[139.017676,-35.443262],[138.915234,-35.488867],[138.875293,-35.536816],[138.770996,-35.538379],[138.729688,-35.550781],[138.521875,-35.642383],[138.389258,-35.644727],[138.184375,-35.612695],[138.252148,-35.486523],[138.33291,-35.411719],[138.399805,-35.325781],[138.511133,-35.024414],[138.489941,-34.763574],[138.43623,-34.65625],[138.264355,-34.440332],[138.18623,-34.307227],[138.089258,-34.169824],[138.041309,-34.249805],[138.012305,-34.334082],[137.919238,-34.456055],[137.874121,-34.727441],[137.691699,-35.142969],[137.566406,-35.148047],[137.45957,-35.131348],[137.272363,-35.178711],[137.144434,-35.236426],[137.029883,-35.236523],[136.966602,-35.254883],[136.883594,-35.239746],[137.014258,-34.91582],[137.128418,-34.924707],[137.252051,-34.911523],[137.308398,-34.916992],[137.391016,-34.913281],[137.454297,-34.764453],[137.492969,-34.597754],[137.468555,-34.490234],[137.458984,-34.378906],[137.483594,-34.252148],[137.493848,-34.161133],[137.650391,-33.859082],[137.780859,-33.703125],[137.931836,-33.579102],[137.913965,-33.461328],[137.866016,-33.314063],[137.852344,-33.200781],[137.924316,-33.165137],[137.992578,-33.094238],[137.913184,-32.770703],[137.863086,-32.67373],[137.783203,-32.578125],[137.781836,-32.701953],[137.790918,-32.823242],[137.680176,-32.978027],[137.53623,-33.08916],[137.442285,-33.193555],[137.354199,-33.430176],[137.237305,-33.629492],[137.130273,-33.703027],[137.034473,-33.719531],[136.936523,-33.750195],[136.783496,-33.829688],[136.635547,-33.896582],[136.525879,-33.98418],[136.430664,-34.02998],[136.121094,-34.428711],[135.979688,-34.561914],[135.950586,-34.615723],[135.891016,-34.660938],[135.902637,-34.723828],[135.950586,-34.766797],[135.998535,-34.94375],[135.969727,-34.981836],[135.919141,-34.961914],[135.792383,-34.863281],[135.7125,-34.899219],[135.647559,-34.939648],[135.480859,-34.758203],[135.411719,-34.715527],[135.324219,-34.642676],[135.230664,-34.579785],[135.19082,-34.572656],[135.123047,-34.585742],[135.12959,-34.536523],[135.175977,-34.496582],[135.216797,-34.487305],[135.29248,-34.545605],[135.378711,-34.597656],[135.427344,-34.601953],[135.45,-34.581055],[135.367969,-34.375586],[135.312012,-34.195508],[135.286328,-34.142285],[135.218945,-33.959766],[135.185449,-33.906738],[135.04209,-33.777734],[134.88877,-33.626367],[134.84668,-33.444629],[134.791016,-33.32832],[134.719043,-33.255176],[134.607715,-33.190137],[134.30127,-33.165039],[134.173535,-32.979102],[134.100391,-32.748633],[134.158398,-32.733398],[134.227148,-32.730566],[134.249219,-32.658691],[134.23418,-32.548535],[133.930176,-32.411719],[133.786719,-32.268848],[133.665332,-32.207227],[133.551367,-32.18291],[133.400586,-32.188477],[133.212109,-32.183789],[132.757422,-31.95625],[132.648633,-31.949316],[132.323633,-32.02002],[132.214648,-32.007129],[131.721191,-31.696289],[131.393164,-31.548535],[131.284961,-31.520996],[131.143652,-31.495703],[131.029297,-31.531836],[130.948145,-31.56582],[130.783008,-31.604004],[130.129785,-31.579102],[129.568848,-31.627246],[129.187695,-31.659961],[128.946191,-31.702637],[128.546094,-31.887695],[128.067676,-32.066504],[127.678027,-32.15127],[127.319824,-32.264063],[127.084082,-32.296875],[126.779297,-32.310938],[126.136523,-32.256836],[125.917188,-32.296973],[125.56748,-32.505859],[125.463672,-32.556543],[125.266602,-32.614453],[124.758789,-32.882715],[124.524609,-32.940137],[124.373242,-32.958398],[124.24375,-33.015234],[124.126074,-33.129395],[123.967188,-33.446289],[123.868359,-33.596387],[123.650391,-33.836328],[123.506836,-33.916211],[123.36543,-33.905371],[123.207617,-33.988281],[123.067578,-33.900586],[122.955664,-33.883789],[122.777539,-33.89082],[122.150977,-33.991797],[122.061133,-33.874414],[121.946387,-33.856738],[121.729688,-33.8625],[121.405078,-33.826758],[120.814551,-33.871289],[120.530566,-33.919727],[120.418359,-33.963086],[120.209375,-33.935449],[119.854102,-33.974707],[119.729102,-34.041504],[119.635156,-34.101172],[119.450586,-34.368262],[119.247656,-34.456445],[119.081348,-34.459375],[118.895312,-34.479883],[118.520117,-34.737109],[118.135547,-34.986621],[118.006445,-35.013281],[117.863086,-35.05498],[117.675391,-35.074902],[117.581934,-35.097754],[117.143945,-35.033691],[116.86543,-35.026563],[116.517188,-34.987891],[116.21709,-34.86582],[115.986719,-34.79502],[115.72627,-34.526074],[115.565039,-34.425781],[115.277637,-34.303906],[115.194824,-34.308496],[115.12793,-34.341797],[115.008789,-34.255859],[115.005664,-34.145117],[114.973437,-34.051172],[114.975684,-33.804199],[114.993848,-33.515332],[115.098926,-33.580273],[115.181641,-33.643457],[115.358789,-33.639941],[115.515332,-33.531348],[115.604492,-33.372266],[115.683008,-33.192871],[115.670898,-33.002148],[115.618555,-32.666992],[115.654297,-32.596582],[115.70791,-32.567969],[115.725391,-32.401074],[115.738086,-31.887891],[115.698438,-31.694531],[115.45459,-31.302539],[115.294336,-30.961816],[115.176855,-30.808008],[115.07793,-30.560449],[114.994531,-30.216211],[114.968848,-30.042285],[114.94209,-29.721582],[114.971387,-29.539746],[114.958984,-29.433594],[114.856836,-29.142969],[114.628418,-28.871777],[114.590625,-28.77168],[114.591797,-28.666211],[114.537402,-28.542871],[114.353516,-28.294922],[114.165137,-28.080664],[114.133496,-27.976465],[114.098437,-27.544238],[114.028125,-27.347266],[113.709375,-26.847754],[113.333008,-26.417383],[113.231055,-26.241406],[113.184766,-26.182227],[113.210742,-26.174219],[113.253125,-26.197266],[113.300098,-26.240234],[113.323242,-26.243848],[113.345313,-26.208301],[113.342871,-26.126074],[113.356055,-26.080469],[113.388965,-26.105566],[113.427441,-26.198047],[113.546582,-26.436719],[113.581641,-26.558105],[113.733691,-26.595117],[113.780371,-26.563281],[113.836426,-26.500586],[113.852832,-26.332129],[113.775781,-26.255957],[113.706445,-26.223633],[113.589063,-26.098633],[113.513379,-25.89834],[113.395312,-25.713281],[113.397363,-25.647168],[113.451367,-25.599121],[113.539453,-25.625195],[113.621191,-25.731641],[113.713086,-25.830762],[113.697852,-26.004199],[113.683594,-26.05166],[113.691699,-26.091699],[113.72373,-26.129785],[113.76582,-26.159766],[113.811816,-26.11582],[113.853906,-26.014453],[113.879883,-26.027637],[113.942383,-26.258691],[113.991992,-26.321484],[114.090332,-26.393652],[114.175977,-26.3375],[114.215723,-26.289453],[114.20332,-26.126367],[114.228516,-25.96875],[114.214258,-25.851562],[113.992773,-25.544824],[113.792383,-25.165723],[113.670801,-24.977051],[113.569238,-24.692969],[113.503516,-24.594629],[113.417676,-24.435645],[113.412988,-24.254004],[113.421289,-24.132324],[113.489844,-23.869629],[113.55293,-23.732813],[113.757031,-23.418164],[113.766992,-23.28252],[113.764844,-23.180469],[113.794922,-23.023633],[113.795117,-22.914551],[113.767871,-22.812891],[113.682813,-22.637793],[113.79502,-22.332129],[113.958398,-21.93916],[114.022852,-21.881445],[114.123926,-21.828613],[114.142578,-21.909766],[114.092773,-22.181348],[114.163867,-22.32334],[114.141602,-22.483105],[114.205176,-22.455859],[114.303516,-22.425391],[114.377734,-22.341504],[114.416992,-22.261035],[114.602832,-21.942188],[114.709277,-21.823438],[114.859082,-21.735938],[115.161719,-21.630566],[115.456152,-21.491699],[115.596094,-21.358105],[115.771484,-21.242285],[115.893555,-21.116699],[116.010938,-21.030371],[116.605859,-20.713379],[116.706738,-20.653809],[116.836328,-20.64707],[116.995313,-20.657617],[117.139063,-20.640918],[117.292773,-20.713086],[117.40625,-20.721191],[117.683887,-20.642773],[117.832324,-20.572559],[118.087305,-20.419043],[118.199219,-20.375195],[118.458301,-20.32666],[118.751465,-20.261914],[119.104492,-19.995313],[119.358789,-20.012305],[119.585938,-20.038281],[119.767773,-19.958398],[120.196289,-19.909473],[120.433691,-19.841992],[120.878418,-19.665039],[120.997949,-19.604395],[121.179785,-19.47793],[121.337695,-19.319922],[121.493555,-19.106445],[121.589453,-18.915137],[121.630664,-18.816602],[121.721973,-18.659961],[121.784863,-18.535938],[121.833789,-18.477051],[122.00625,-18.393652],[122.262109,-18.159082],[122.34541,-18.111914],[122.360938,-18.036914],[122.305762,-17.994922],[122.237402,-17.968555],[122.191309,-17.720313],[122.147461,-17.549023],[122.143164,-17.428418],[122.160254,-17.313672],[122.260938,-17.135742],[122.332715,-17.059375],[122.432031,-16.97041],[122.522559,-16.942871],[122.597949,-16.864941],[122.72041,-16.787695],[122.77207,-16.710156],[122.848047,-16.552441],[122.916797,-16.432617],[122.970703,-16.436816],[123.074414,-16.715332],[123.14209,-16.863086],[123.265918,-17.036816],[123.383203,-17.292773],[123.478809,-17.409961],[123.525195,-17.485742],[123.563086,-17.520898],[123.571484,-17.472266],[123.561816,-17.41543],[123.60791,-17.219922],[123.586328,-17.082715],[123.593555,-17.030371],[123.617676,-17.008301],[123.664062,-17.023242],[123.753809,-17.099805],[123.799023,-17.127148],[123.831055,-17.120801],[123.829492,-16.996875],[123.874414,-16.918652],[123.856348,-16.864746],[123.778125,-16.867773],[123.74502,-16.800977],[123.680469,-16.723633],[123.607129,-16.668066],[123.517969,-16.540723],[123.49043,-16.490723],[123.525098,-16.467578],[123.581348,-16.470898],[123.625977,-16.416309],[123.646484,-16.343066],[123.607031,-16.224023],[123.647461,-16.179883],[123.728906,-16.19248],[123.85918,-16.382324],[123.915234,-16.363574],[123.961328,-16.286914],[124.044434,-16.264941],[124.129785,-16.278809],[124.186035,-16.333594],[124.300391,-16.388281],[124.452734,-16.382031],[124.52998,-16.395215],[124.692383,-16.386133],[124.771973,-16.402637],[124.757031,-16.37334],[124.669238,-16.33877],[124.570312,-16.331836],[124.454492,-16.335254],[124.404883,-16.298926],[124.388281,-16.203027],[124.416406,-16.133496],[124.43457,-16.103809],[124.509961,-16.116309],[124.576855,-16.113672],[124.585059,-16.020117],[124.608594,-15.9375],[124.648535,-15.870215],[124.64834,-15.805469],[124.606641,-15.822656],[124.504297,-15.972461],[124.455273,-15.850586],[124.381641,-15.758203],[124.396582,-15.625879],[124.439551,-15.493555],[124.505664,-15.475391],[124.561621,-15.496289],[124.644336,-15.418848],[124.690918,-15.359668],[124.680176,-15.311035],[124.692578,-15.273633],[124.750488,-15.285254],[124.97207,-15.404297],[125.016406,-15.466504],[125.062988,-15.442285],[125.07793,-15.374512],[125.072949,-15.306738],[125.024023,-15.316992],[124.90918,-15.310059],[124.882715,-15.271973],[124.892676,-15.240527],[124.839063,-15.160742],[124.91416,-15.109961],[124.978711,-15.106641],[125.02334,-15.071875],[125.024023,-15.024414],[125.038184,-15.004102],[125.072949,-15.032324],[125.188672,-15.04541],[125.302344,-15.106836],[125.355664,-15.119824],[125.375586,-15.086816],[125.383789,-15.015625],[125.243262,-14.944531],[125.239453,-14.874609],[125.180371,-14.794043],[125.178711,-14.714746],[125.266504,-14.648438],[125.28457,-14.584082],[125.335449,-14.55791],[125.435938,-14.556836],[125.503711,-14.502246],[125.579785,-14.483203],[125.59834,-14.361621],[125.59707,-14.278125],[125.627734,-14.256641],[125.70459,-14.291406],[125.68125,-14.387988],[125.680957,-14.480176],[125.661621,-14.529492],[125.690527,-14.525391],[125.708398,-14.504883],[125.738477,-14.444336],[125.819531,-14.469141],[125.839551,-14.533887],[125.850098,-14.597266],[125.890625,-14.617969],[125.946094,-14.52041],[126.020703,-14.494531],[126.016602,-14.371289],[126.044824,-14.283008],[126.053613,-14.216699],[126.100879,-14.184375],[126.111328,-14.114063],[126.073438,-14.065527],[126.053906,-13.977246],[126.119043,-13.957715],[126.184277,-14.002051],[126.228223,-14.113379],[126.258496,-14.163574],[126.298828,-14.13623],[126.323047,-14.062109],[126.403125,-14.018945],[126.482422,-14.078906],[126.569727,-14.160938],[126.679102,-14.089355],[126.780664,-13.955176],[126.764453,-13.873047],[126.775586,-13.788477],[126.903223,-13.744141],[127.006055,-13.776758],[127.099219,-13.867383],[127.293066,-13.934766],[127.457617,-14.031445],[127.531055,-14.094629],[127.672852,-14.195117],[127.763477,-14.299414],[127.887598,-14.485156],[128.180469,-14.711621],[128.199414,-14.751758],[128.159863,-14.827344],[128.124414,-14.924121],[128.080469,-15.087988],[128.069434,-15.329297],[128.111719,-15.312012],[128.155469,-15.225586],[128.201758,-15.243359],[128.254688,-15.298535],[128.258984,-15.245605],[128.227246,-15.213574],[128.172949,-15.102246],[128.175,-15.043164],[128.218359,-14.995703],[128.285156,-14.938867],[128.358203,-14.90166],[128.403223,-14.869141],[128.409863,-14.828906],[128.477441,-14.787988],[128.575781,-14.774512],[128.635547,-14.780957],[129.058203,-14.884375],[129.165137,-14.987598],[129.175195,-15.115039],[129.21582,-15.160254],[129.237891,-15.080176],[129.233594,-14.906055],[129.267578,-14.871484],[129.38125,-14.898438],[129.458984,-14.933203],[129.56709,-15.047363],[129.587695,-15.10332],[129.634766,-15.139746],[129.650293,-15.086816],[129.628223,-15.011816],[129.612695,-14.925879],[129.637109,-14.850977],[129.763477,-14.84502],[129.84873,-14.828906],[129.808398,-14.799707],[129.753516,-14.789551],[129.662988,-14.720898],[129.604688,-14.64707],[129.698633,-14.575293],[129.697949,-14.557422],[129.60791,-14.559668],[129.483887,-14.489746],[129.378711,-14.39248],[129.45918,-14.213477],[129.619629,-14.038379],[129.709863,-13.97998],[129.718359,-13.920898],[129.761719,-13.811914],[129.789258,-13.719922],[129.797168,-13.648438],[129.838867,-13.572949],[129.937891,-13.50166],[130.072656,-13.476172],[130.135938,-13.44834],[130.199316,-13.382617],[130.259766,-13.302246],[130.134961,-13.145508],[130.145313,-13.05918],[130.168164,-12.957422],[130.317969,-12.88291],[130.399902,-12.687891],[130.454199,-12.658594],[130.571875,-12.664355],[130.61748,-12.646875],[130.60957,-12.491309],[130.622656,-12.431055],[130.672363,-12.406934],[130.736133,-12.427734],[130.776563,-12.495313],[130.867383,-12.557813],[130.898242,-12.523633],[130.88291,-12.455078],[130.873828,-12.367188],[130.956641,-12.348242],[131.023438,-12.342871],[131.030078,-12.271094],[131.019531,-12.213867],[131.045703,-12.189648],[131.219922,-12.17793],[131.26543,-12.119043],[131.291602,-12.067871],[131.31377,-12.095898],[131.34209,-12.210059],[131.438281,-12.276953],[131.72627,-12.278125],[131.887988,-12.231934],[131.956738,-12.259277],[132.064063,-12.280762],[132.182324,-12.226953],[132.253223,-12.186035],[132.37207,-12.23916],[132.411035,-12.295117],[132.441602,-12.176367],[132.510547,-12.134863],[132.583789,-12.110254],[132.676367,-12.130078],[132.712793,-12.123438],[132.630469,-12.035156],[132.635254,-11.954688],[132.629883,-11.83584],[132.644727,-11.727148],[132.674219,-11.649023],[132.475195,-11.491504],[132.27793,-11.467676],[132.133594,-11.500684],[132.072852,-11.474707],[131.944629,-11.348535],[131.822461,-11.302441],[131.811816,-11.271387],[131.961523,-11.180859],[132.018555,-11.196387],[132.105762,-11.281152],[132.155469,-11.311133],[132.197754,-11.30498],[132.225,-11.23877],[132.262695,-11.204004],[132.333984,-11.223535],[132.557324,-11.366895],[132.682813,-11.505566],[132.74707,-11.468945],[132.857129,-11.391113],[132.961035,-11.407324],[133.024902,-11.452832],[133.114355,-11.621777],[133.185254,-11.705664],[133.356152,-11.728223],[133.443164,-11.760352],[133.533203,-11.816211],[133.654492,-11.811328],[133.904199,-11.832031],[134.139453,-11.940137],[134.237109,-12.007715],[134.351074,-12.025781],[134.417383,-12.052734],[134.538086,-12.06084],[134.730273,-11.984375],[134.816406,-12.054688],[134.854688,-12.102539],[135.029688,-12.19375],[135.217969,-12.22168],[135.352344,-12.129199],[135.54873,-12.060645],[135.685547,-11.956152],[135.788477,-11.907031],[135.885254,-11.82168],[135.922461,-11.825781],[135.843555,-11.905469],[135.833984,-11.950684],[135.895801,-11.969531],[135.889453,-11.992773],[135.804297,-12.054785],[135.702539,-12.151563],[135.704395,-12.209863],[135.743945,-12.241699],[135.79082,-12.227539],[135.857422,-12.178516],[135.937793,-12.152148],[136.008496,-12.191406],[136.031445,-12.330859],[136.081836,-12.422461],[136.192676,-12.435156],[136.260645,-12.433789],[136.328516,-12.305566],[136.291895,-12.196387],[136.249902,-12.173047],[136.270117,-12.131641],[136.443359,-11.951465],[136.540234,-11.957617],[136.609766,-12.133594],[136.719434,-12.226465],[136.836426,-12.219141],[136.897461,-12.243555],[136.947461,-12.349902],[136.537012,-12.784277],[136.517773,-12.832813],[136.573047,-12.911621],[136.594336,-13.003809],[136.461035,-13.225195],[136.411914,-13.236133],[136.364551,-13.176367],[136.294141,-13.137988],[136.232324,-13.164941],[136.166113,-13.181055],[135.927344,-13.304297],[135.929199,-13.621582],[135.989551,-13.810156],[135.954492,-13.934863],[135.883398,-14.153125],[135.806348,-14.23418],[135.744531,-14.286621],[135.538867,-14.584961],[135.473242,-14.656641],[135.405176,-14.758203],[135.428027,-14.855664],[135.45332,-14.923145],[135.530762,-15.000391],[135.832617,-15.160156],[135.969531,-15.270215],[136.205371,-15.403418],[136.259277,-15.495215],[136.291406,-15.570117],[136.461914,-15.655273],[136.583594,-15.706543],[136.61875,-15.693359],[136.644141,-15.675586],[136.674609,-15.675391],[136.704883,-15.685254],[136.700098,-15.751953],[136.686719,-15.788477],[136.698145,-15.834961],[136.784668,-15.894238],[136.922656,-15.892383],[137.002148,-15.87832],[137.089844,-15.941309],[137.168945,-15.982129],[137.299316,-16.066309],[137.526367,-16.16709],[137.703711,-16.233008],[137.912891,-16.476562],[138.071582,-16.616992],[138.24502,-16.718359],[138.505664,-16.789551],[138.625684,-16.777832],[138.820312,-16.860645],[139.009863,-16.899316],[139.110352,-17.014063],[139.144531,-17.101074],[139.154102,-17.167773],[139.248438,-17.328613],[139.440527,-17.380566],[139.689648,-17.540723],[139.894531,-17.611328],[139.945996,-17.653613],[140.03584,-17.702637],[140.209668,-17.704395],[140.511133,-17.624512],[140.648438,-17.54375],[140.830469,-17.414453],[140.91582,-17.192578],[140.966016,-17.014551],[141.219141,-16.646191],[141.291406,-16.463477],[141.355664,-16.221094],[141.411914,-16.069531],[141.393164,-15.904688],[141.451563,-15.605273],[141.581445,-15.19541],[141.625488,-15.056641],[141.603516,-14.852734],[141.522949,-14.470117],[141.558984,-14.337891],[141.594336,-14.152832],[141.535449,-14.018652],[141.480664,-13.926758],[141.472559,-13.797559],[141.53418,-13.553809],[141.58877,-13.425098],[141.64541,-13.259082],[141.613574,-12.943457],[141.73457,-12.833496],[141.782227,-12.778711],[141.875781,-12.778223],[141.920313,-12.80293],[141.929785,-12.739844],[141.892871,-12.681348],[141.87832,-12.613281],[141.852148,-12.578711],[141.794531,-12.566602],[141.74668,-12.529395],[141.677734,-12.491406],[141.688574,-12.351074],[141.805762,-12.080078],[141.870508,-11.975586],[141.912988,-12.019238],[141.961133,-12.054297],[141.967773,-11.97627],[141.951563,-11.896191],[142.040527,-11.631738],[142.138965,-11.273242],[142.168359,-10.946582],[142.326465,-10.88418],[142.406836,-10.802246],[142.456445,-10.707324],[142.544824,-10.707324],[142.605078,-10.748242],[142.56543,-10.819434],[142.552734,-10.874414],[142.723047,-11.010449],[142.779688,-11.115332],[142.80332,-11.213965],[142.836816,-11.306934],[142.85293,-11.432227],[142.850586,-11.632324],[142.872559,-11.821387],[142.933984,-11.880762],[142.988477,-11.919043],[143.066406,-11.924121],[143.178906,-11.954492]]],[[[153.077441,-25.750781],[153.051953,-25.77832],[153.006934,-25.728906],[152.97666,-25.551367],[152.999023,-25.448438],[153.051563,-25.354297],[153.060742,-25.302246],[153.038086,-25.193164],[153.189258,-25.070508],[153.227539,-25.005762],[153.241992,-24.922559],[153.186328,-24.832617],[153.14375,-24.814844],[153.180957,-24.764844],[153.223145,-24.739551],[153.256934,-24.728906],[153.282129,-24.738281],[153.297949,-24.915234],[153.359277,-24.977734],[153.350195,-25.063086],[153.141406,-25.512793],[153.083789,-25.68252],[153.077441,-25.750781]]],[[[139.507812,-16.573047],[139.430566,-16.661035],[139.391504,-16.648633],[139.354297,-16.696582],[139.283008,-16.719434],[139.239063,-16.718652],[139.15957,-16.741699],[139.147656,-16.713867],[139.162695,-16.625879],[139.228711,-16.527539],[139.292969,-16.467285],[139.458887,-16.438477],[139.587891,-16.395215],[139.604492,-16.403223],[139.697754,-16.514941],[139.559668,-16.529492],[139.507812,-16.573047]]],[[[136.714648,-13.803906],[136.758008,-13.84541],[136.804492,-13.84248],[136.845313,-13.750977],[136.870703,-13.763672],[136.89082,-13.786621],[136.905566,-13.826953],[136.842969,-13.896582],[136.814941,-13.907324],[136.788184,-13.945801],[136.745313,-14.072656],[136.749902,-14.115234],[136.787012,-14.157813],[136.885449,-14.197266],[136.933887,-14.179004],[136.950781,-14.184277],[136.931348,-14.245996],[136.894336,-14.293066],[136.763184,-14.273438],[136.649707,-14.280469],[136.460547,-14.23457],[136.363281,-14.228906],[136.335449,-14.211816],[136.392188,-14.175488],[136.427734,-14.126465],[136.411133,-14.011133],[136.424707,-13.864844],[136.533789,-13.79375],[136.582813,-13.721094],[136.655664,-13.675879],[136.701953,-13.681641],[136.695996,-13.726172],[136.714648,-13.803906]]],[[[130.459277,-11.679297],[130.541797,-11.703125],[130.579883,-11.737109],[130.602734,-11.773242],[130.60625,-11.816602],[130.502539,-11.835645],[130.31748,-11.771777],[130.13125,-11.824512],[130.076563,-11.825488],[130.043262,-11.787305],[130.07207,-11.680762],[130.139063,-11.69707],[130.197559,-11.658203],[130.187109,-11.541211],[130.152832,-11.477539],[130.251172,-11.360547],[130.294922,-11.336816],[130.339258,-11.337012],[130.376758,-11.420117],[130.385645,-11.509863],[130.432813,-11.592188],[130.459277,-11.679297]]],[[[130.618848,-11.376074],[130.752246,-11.384375],[130.912793,-11.309277],[130.987402,-11.339844],[131.023047,-11.334375],[131.140625,-11.263086],[131.217188,-11.242578],[131.268262,-11.189844],[131.320508,-11.246875],[131.436914,-11.313184],[131.47334,-11.38252],[131.522266,-11.415234],[131.538574,-11.436914],[131.467871,-11.50957],[131.458594,-11.587891],[131.382812,-11.58252],[131.29209,-11.710938],[130.950977,-11.926465],[130.644922,-11.742383],[130.511914,-11.617871],[130.422754,-11.445801],[130.404785,-11.30498],[130.368555,-11.214941],[130.38457,-11.192188],[130.40293,-11.180469],[130.42666,-11.183105],[130.519141,-11.279492],[130.559766,-11.305957],[130.618848,-11.376074]]],[[[113.183008,-26.053125],[113.156445,-26.094531],[112.964258,-25.783105],[112.908203,-25.569824],[112.94707,-25.531543],[112.982422,-25.520215],[113.096289,-25.815039],[113.131543,-25.882617],[113.131836,-25.951953],[113.14834,-25.973828],[113.183008,-26.053125]]],[[[137.596484,-35.738672],[137.835938,-35.762109],[137.928906,-35.726074],[138.046582,-35.755176],[138.123438,-35.852344],[138.066504,-35.900586],[138.011914,-35.907617],[137.835547,-35.867773],[137.670898,-35.897949],[137.622266,-35.938086],[137.590234,-36.027148],[137.448438,-36.074805],[137.382227,-36.020898],[137.20957,-35.982422],[137.147754,-36.039062],[137.025879,-36.023926],[136.912695,-36.04668],[136.755078,-36.033105],[136.589258,-35.935352],[136.540625,-35.890137],[136.579102,-35.808691],[136.638672,-35.748828],[137.091797,-35.663867],[137.334082,-35.59248],[137.530469,-35.605078],[137.584961,-35.620215],[137.635449,-35.656445],[137.598145,-35.722266],[137.596484,-35.738672]]],[[[145.486523,-38.354883],[145.33584,-38.420996],[145.280273,-38.390625],[145.28584,-38.341016],[145.295313,-38.318945],[145.426563,-38.31416],[145.486523,-38.354883]]],[[[145.314453,-38.49082],[145.349219,-38.538184],[145.355078,-38.557031],[145.270898,-38.519727],[145.128418,-38.527637],[145.217773,-38.458594],[145.287891,-38.472168],[145.314453,-38.49082]]],[[[149.04375,-20.291504],[149.019922,-20.302539],[148.987402,-20.301758],[148.938867,-20.283691],[148.981055,-20.153516],[149.004395,-20.221484],[149.045313,-20.277539],[149.04375,-20.291504]]],[[[148.935547,-20.149902],[148.913477,-20.154297],[148.886914,-20.143555],[148.906445,-20.101953],[148.931641,-20.068945],[148.967871,-20.044336],[148.95625,-20.134668],[148.935547,-20.149902]]],[[[151.146582,-23.49082],[151.180762,-23.516211],[151.212012,-23.513086],[151.240137,-23.529688],[151.228809,-23.594922],[151.274316,-23.668457],[151.295801,-23.720313],[151.261523,-23.762305],[151.238281,-23.775781],[151.18418,-23.740723],[151.033301,-23.530176],[151.059961,-23.460547],[151.146582,-23.49082]]],[[[150.516699,-22.322559],[150.488477,-22.324707],[150.462402,-22.307715],[150.484668,-22.267871],[150.488477,-22.210742],[150.521484,-22.22832],[150.548828,-22.306934],[150.516699,-22.322559]]],[[[149.92832,-22.193066],[149.893652,-22.223242],[149.869531,-22.150391],[149.875391,-22.074023],[149.912305,-22.04873],[149.92793,-22.149316],[149.92832,-22.193066]]],[[[153.53877,-27.436426],[153.452734,-27.711719],[153.426563,-27.706445],[153.395801,-27.665039],[153.400879,-27.505664],[153.435449,-27.405371],[153.521875,-27.422461],[153.53877,-27.436426]]],[[[153.44248,-27.316016],[153.420898,-27.330957],[153.376563,-27.235352],[153.365039,-27.138867],[153.379883,-27.049414],[153.432324,-27.029883],[153.466797,-27.038086],[153.426367,-27.201465],[153.44248,-27.316016]]],[[[142.274805,-10.704785],[142.191406,-10.762012],[142.137207,-10.731934],[142.125488,-10.668457],[142.131055,-10.640625],[142.197949,-10.591992],[142.274805,-10.704785]]],[[[142.338965,-10.192188],[142.279395,-10.254199],[142.216211,-10.235645],[142.195117,-10.199316],[142.21875,-10.149414],[142.29873,-10.14043],[142.338965,-10.192188]]],[[[142.167578,-10.154102],[142.141992,-10.18125],[142.097656,-10.121777],[142.148828,-10.051758],[142.191992,-10.085254],[142.167578,-10.154102]]],[[[146.27832,-18.23125],[146.298828,-18.326074],[146.341992,-18.400098],[146.327051,-18.448633],[146.298828,-18.484766],[146.235645,-18.450781],[146.191309,-18.362891],[146.116211,-18.292383],[146.098828,-18.251758],[146.186719,-18.255176],[146.230859,-18.241406],[146.249121,-18.225879],[146.27832,-18.23125]]],[[[136.598535,-11.378906],[136.526563,-11.438867],[136.52168,-11.393848],[136.559766,-11.35791],[136.649023,-11.211621],[136.687988,-11.177637],[136.710547,-11.158398],[136.727344,-11.104785],[136.731738,-11.024609],[136.780273,-11.0125],[136.741406,-11.194629],[136.598535,-11.378906]]],[[[136.338672,-11.602344],[136.180273,-11.676758],[136.267383,-11.576465],[136.449219,-11.487109],[136.479297,-11.465918],[136.470508,-11.509277],[136.379395,-11.583203],[136.338672,-11.602344]]],[[[137.093652,-15.778125],[137.050879,-15.824414],[136.996484,-15.775781],[136.985059,-15.725977],[136.942676,-15.711719],[136.963379,-15.665723],[136.985742,-15.652441],[137.00957,-15.594824],[137.064551,-15.662891],[137.071094,-15.738086],[137.093652,-15.778125]]],[[[136.862695,-15.619922],[136.846777,-15.627344],[136.845605,-15.544043],[136.876855,-15.502539],[136.890234,-15.588867],[136.862695,-15.619922]]],[[[136.591016,-15.628223],[136.531152,-15.632422],[136.514258,-15.627344],[136.502734,-15.583105],[136.522559,-15.543164],[136.586035,-15.533691],[136.612305,-15.544141],[136.591016,-15.628223]]],[[[139.45918,-17.114551],[139.42168,-17.131641],[139.408203,-17.090625],[139.45918,-17.049121],[139.492773,-16.99043],[139.560059,-17.041992],[139.570898,-17.094434],[139.45918,-17.114551]]],[[[136.237402,-13.824512],[136.213672,-13.835938],[136.122656,-13.816602],[136.122266,-13.780566],[136.134375,-13.753125],[136.15957,-13.736719],[136.21543,-13.664746],[136.257422,-13.706641],[136.275391,-13.791113],[136.237402,-13.824512]]],[[[132.593359,-11.302832],[132.573633,-11.318359],[132.49375,-11.163672],[132.516309,-11.116016],[132.483789,-11.037305],[132.537793,-11.028418],[132.578809,-10.968848],[132.593262,-10.997656],[132.596875,-11.106445],[132.629102,-11.169141],[132.593359,-11.302832]]],[[[125.198828,-14.579492],[125.134766,-14.641699],[125.091211,-14.591699],[125.117383,-14.491992],[125.159961,-14.456055],[125.198145,-14.474805],[125.193555,-14.552637],[125.198828,-14.579492]]],[[[124.597266,-15.401953],[124.55957,-15.430176],[124.524219,-15.421484],[124.52373,-15.382422],[124.482813,-15.340332],[124.504102,-15.29248],[124.519336,-15.26748],[124.550879,-15.270313],[124.564551,-15.31084],[124.605078,-15.356543],[124.597266,-15.401953]]],[[[115.446191,-20.787793],[115.388086,-20.866016],[115.318066,-20.850586],[115.308594,-20.811133],[115.354297,-20.746289],[115.43457,-20.667969],[115.457617,-20.716309],[115.446191,-20.787793]]],[[[145.042969,-40.786719],[145.158691,-40.790625],[145.224316,-40.765137],[145.283008,-40.769922],[145.349414,-40.826367],[145.429395,-40.858203],[145.485156,-40.852344],[145.533496,-40.863965],[145.576465,-40.904102],[145.686035,-40.939063],[145.733789,-40.962012],[145.775391,-40.997168],[145.821484,-41.024609],[146.111133,-41.118066],[146.31748,-41.163477],[146.574414,-41.142383],[146.650586,-41.116211],[146.723438,-41.078027],[146.786035,-41.113672],[146.848145,-41.168066],[146.836035,-41.109375],[146.856641,-41.058301],[146.919434,-41.017773],[146.989844,-40.992383],[147.105762,-40.994238],[147.218848,-40.983398],[147.268945,-40.959766],[147.320508,-40.956445],[147.387695,-40.985547],[147.454785,-41.00166],[147.500781,-40.96416],[147.579297,-40.875586],[147.62168,-40.844727],[147.817676,-40.87168],[147.872949,-40.872559],[147.96875,-40.77959],[148.032813,-40.780957],[148.215234,-40.854883],[148.292871,-40.94707],[148.285449,-41.115332],[148.291602,-41.174609],[148.30625,-41.233105],[148.312207,-41.349707],[148.289844,-41.465039],[148.286914,-41.55498],[148.296582,-41.646191],[148.287598,-41.815723],[148.315723,-41.927734],[148.30166,-42.004199],[148.301465,-42.039941],[148.328027,-42.07373],[148.34082,-42.111133],[148.331055,-42.15918],[148.342578,-42.215332],[148.33125,-42.261621],[148.290332,-42.25498],[148.276953,-42.219434],[148.28457,-42.173438],[148.277148,-42.136426],[148.255762,-42.102637],[148.183105,-42.064746],[148.204395,-42.041992],[148.241602,-42.021875],[148.213672,-41.97002],[148.167188,-42.012305],[148.141211,-42.069824],[148.15625,-42.088281],[148.127539,-42.103711],[148.066602,-42.170312],[148.022754,-42.259473],[148.004883,-42.345117],[148.009375,-42.435937],[147.973535,-42.505859],[147.924414,-42.572461],[147.912109,-42.658496],[147.915039,-42.816406],[147.957715,-42.960449],[147.980859,-43.157031],[147.94541,-43.181836],[147.838574,-43.195117],[147.78584,-43.22002],[147.698926,-43.122559],[147.647949,-43.020605],[147.687305,-42.979883],[147.773926,-43.003418],[147.800391,-42.980273],[147.807422,-42.954102],[147.8,-42.928125],[147.693457,-42.871973],[147.573828,-42.845703],[147.53584,-42.878027],[147.549023,-42.974512],[147.536719,-42.996484],[147.452344,-43.033398],[147.408008,-42.893848],[147.297949,-42.790918],[147.301953,-42.840527],[147.347656,-42.926563],[147.342676,-42.964453],[147.325,-43.013477],[147.280762,-43.031738],[147.259766,-43.071094],[147.259766,-43.126465],[147.24502,-43.215918],[147.172852,-43.255859],[146.996973,-43.156348],[146.984863,-43.189844],[146.9875,-43.21875],[147.077344,-43.275879],[147.035938,-43.319043],[147.004688,-43.369629],[146.954688,-43.502441],[146.873926,-43.6125],[146.834277,-43.619336],[146.699219,-43.601953],[146.548535,-43.508887],[146.413184,-43.519531],[146.186719,-43.512793],[146.043164,-43.547168],[146.013086,-43.444824],[145.981738,-43.408398],[145.994434,-43.376074],[146.108789,-43.354395],[146.226367,-43.355273],[146.208008,-43.316211],[146.176465,-43.301758],[146.125098,-43.31123],[145.975293,-43.277148],[145.873242,-43.292383],[145.802734,-43.244043],[145.681543,-43.075977],[145.609961,-42.998242],[145.567383,-42.967969],[145.517578,-42.951367],[145.487598,-42.92666],[145.268164,-42.544336],[145.237109,-42.455566],[145.198828,-42.230859],[145.372949,-42.338477],[145.434863,-42.406543],[145.468262,-42.492871],[145.527246,-42.388184],[145.516602,-42.354492],[145.360352,-42.227539],[145.339648,-42.190723],[145.331055,-42.14707],[145.294434,-42.191016],[145.234863,-42.196973],[145.258984,-42.107324],[145.238184,-42.019629],[145.055371,-41.826758],[144.915527,-41.644043],[144.77793,-41.418848],[144.766113,-41.390039],[144.764355,-41.341504],[144.697754,-41.190723],[144.662402,-41.078906],[144.646094,-40.980859],[144.709668,-40.78291],[144.718555,-40.672266],[144.818555,-40.72168],[145.042969,-40.786719]]],[[[143.92793,-40.116113],[143.89873,-40.120215],[143.875781,-40.063965],[143.887598,-39.983594],[143.838574,-39.904102],[143.865234,-39.824219],[143.861816,-39.737988],[143.879395,-39.7],[143.939355,-39.658105],[143.948828,-39.583691],[144.000781,-39.580176],[144.091309,-39.638086],[144.120898,-39.785254],[144.106055,-39.874023],[144.141016,-39.953809],[144.111914,-40.02207],[144.035059,-40.078223],[143.92793,-40.116113]]],[[[148.000391,-39.757617],[148.17793,-39.938477],[148.27002,-39.966699],[148.297363,-39.985742],[148.289844,-40.06543],[148.250781,-40.099512],[148.323242,-40.144434],[148.313574,-40.173535],[148.299414,-40.172461],[148.210352,-40.233691],[148.105664,-40.262109],[148.073633,-40.24082],[148.046875,-40.212793],[148.024805,-40.171973],[147.890527,-40.014551],[147.905957,-39.971387],[147.87627,-39.905469],[147.812305,-39.910449],[147.767188,-39.870313],[147.83916,-39.831543],[147.933008,-39.725977],[148.000391,-39.757617]]],[[[147.356055,-43.396973],[147.308887,-43.500781],[147.231445,-43.483105],[147.153809,-43.500195],[147.10498,-43.431152],[147.104688,-43.412891],[147.163086,-43.430273],[147.184668,-43.407813],[147.198438,-43.379199],[147.219727,-43.371387],[147.233984,-43.330469],[147.283887,-43.278906],[147.3125,-43.280273],[147.34248,-43.346289],[147.356055,-43.396973]]],[[[148.104297,-42.710449],[148.048145,-42.719238],[148.029688,-42.714844],[148.030859,-42.663379],[148.022754,-42.64043],[148.072559,-42.593164],[148.142773,-42.615918],[148.169531,-42.651758],[148.100586,-42.680566],[148.104297,-42.710449]]],[[[147.43457,-43.240723],[147.371875,-43.24082],[147.348828,-43.232422],[147.337598,-43.183301],[147.296094,-43.161719],[147.319141,-43.145313],[147.327344,-43.114648],[147.352539,-43.080273],[147.397266,-43.118262],[147.43457,-43.240723]]],[[[144.784375,-40.506738],[144.748047,-40.589453],[144.710156,-40.485254],[144.751172,-40.470215],[144.783398,-40.434863],[144.79082,-40.440332],[144.784375,-40.506738]]],[[[148.32627,-40.306934],[148.420703,-40.367188],[148.474219,-40.432422],[148.404004,-40.486523],[148.352734,-40.497266],[148.319434,-40.43457],[148.214063,-40.45752],[148.102539,-40.45166],[148.020117,-40.404199],[148.010449,-40.380566],[148.058789,-40.356836],[148.198145,-40.35791],[148.32627,-40.306934]]],[[[148.236914,-40.515137],[148.187793,-40.592578],[148.126953,-40.543945],[148.117285,-40.521484],[148.193164,-40.503125],[148.218359,-40.505078],[148.236914,-40.515137]]],[[[158.878809,-54.709766],[158.845215,-54.749219],[158.835938,-54.704004],[158.896973,-54.506055],[158.958887,-54.472363],[158.945605,-54.575],[158.878809,-54.709766]]]]}},{"type":"Feature","id":"BE","properties":{"ISO_A2":"BE","name":"Belgium"},"geometry":{"type":"Polygon","coordinates":[[[4.226172,51.386475],[4.304492,51.361523],[4.37373,51.356006],[4.404004,51.36709],[4.384766,51.427588],[4.440918,51.459814],[4.503418,51.474707],[4.531641,51.448584],[4.58877,51.421924],[4.633984,51.421729],[4.755664,51.491113],[4.78418,51.477393],[4.810547,51.452734],[4.816016,51.432812],[4.820703,51.412061],[4.848047,51.403271],[4.943945,51.407764],[4.992578,51.445361],[5.030957,51.469092],[5.059473,51.453125],[5.073438,51.406836],[5.099902,51.346484],[5.21416,51.278955],[5.31084,51.259717],[5.429785,51.272998],[5.476855,51.285059],[5.508789,51.275],[5.54043,51.239307],[5.608789,51.198437],[5.752344,51.169482],[5.796484,51.153076],[5.827148,51.125635],[5.818262,51.086426],[5.749805,50.98877],[5.74082,50.959912],[5.75,50.950244],[5.736621,50.932129],[5.647559,50.86665],[5.639453,50.843604],[5.669141,50.805957],[5.693555,50.774756],[5.693652,50.774658],[5.74707,50.75957],[5.797363,50.754541],[5.892461,50.752557],[5.993945,50.750439],[6.005957,50.732227],[6.119434,50.679248],[6.154492,50.637256],[6.235938,50.59668],[6.168457,50.545361],[6.178711,50.52251],[6.203027,50.499121],[6.294922,50.485498],[6.340918,50.451758],[6.343652,50.400244],[6.364453,50.316162],[6.175098,50.232666],[6.121289,50.139355],[6.116504,50.120996],[6.110059,50.123779],[6.089063,50.15459],[6.054785,50.154297],[5.97627,50.167187],[5.866895,50.082812],[5.817383,50.012695],[5.788086,49.96123],[5.744043,49.919629],[5.735254,49.875635],[5.74082,49.857178],[5.725781,49.83335],[5.725,49.808301],[5.787988,49.758887],[5.803711,49.732178],[5.880371,49.644775],[5.856543,49.612842],[5.837598,49.57832],[5.81543,49.553809],[5.789746,49.538281],[5.710449,49.539209],[5.610059,49.528223],[5.542383,49.511035],[5.507324,49.510889],[5.434668,49.554492],[5.353516,49.619824],[5.301953,49.650977],[5.278809,49.67793],[5.215039,49.689258],[5.124121,49.721484],[5.061035,49.756543],[5.006934,49.778369],[4.930566,49.789258],[4.867578,49.788135],[4.849121,49.847119],[4.841504,49.914502],[4.790039,49.95957],[4.860547,50.135889],[4.818652,50.153174],[4.772852,50.139062],[4.706641,50.09707],[4.675098,50.046875],[4.656152,50.002441],[4.54502,49.960254],[4.36875,49.944971],[4.176074,49.960254],[4.149316,49.971582],[4.137012,49.984473],[4.136816,50],[4.150293,50.023877],[4.183887,50.052832],[4.192188,50.094141],[4.157715,50.129883],[4.135254,50.143799],[4.144141,50.178418],[4.169629,50.221777],[4.174609,50.246484],[4.044141,50.321338],[3.949707,50.335938],[3.858105,50.338574],[3.788574,50.346973],[3.748047,50.343506],[3.718848,50.32168],[3.689355,50.306055],[3.667285,50.324805],[3.626758,50.457324],[3.59541,50.477344],[3.476953,50.499463],[3.316211,50.507373],[3.27334,50.531543],[3.249805,50.591162],[3.234961,50.662939],[3.182031,50.731689],[3.154883,50.748926],[3.106836,50.779443],[3.022852,50.766895],[2.921973,50.727051],[2.862402,50.716016],[2.839746,50.711768],[2.759375,50.750635],[2.669141,50.811426],[2.596777,50.875928],[2.579297,50.911768],[2.601465,50.955273],[2.574805,50.988574],[2.536035,51.049512],[2.524902,51.097119],[2.960156,51.26543],[3.225195,51.351611],[3.350098,51.377686],[3.380078,51.291113],[3.402832,51.263623],[3.43252,51.245752],[3.471973,51.242236],[3.51709,51.263623],[3.580273,51.286182],[3.681836,51.275684],[3.755664,51.254834],[3.781934,51.233203],[3.830762,51.212598],[3.902051,51.207666],[4.040039,51.24707],[4.172559,51.30708],[4.211426,51.34873],[4.226172,51.386475]]]}},{"type":"Feature","id":"CL","properties":{"ISO_A2":"CL","name":"Chile"},"geometry":{"type":"MultiPolygon","coordinates":[[[[-109.27998,-27.14043],[-109.434131,-27.171289],[-109.42915,-27.116211],[-109.390479,-27.068359],[-109.276465,-27.095898],[-109.222852,-27.101074],[-109.27998,-27.14043]]],[[[-78.80415,-33.646484],[-78.98335,-33.667773],[-78.989453,-33.661719],[-78.979297,-33.644141],[-78.938135,-33.613574],[-78.888281,-33.576367],[-78.877441,-33.575195],[-78.859033,-33.578125],[-78.838184,-33.585059],[-78.784668,-33.610156],[-78.768945,-33.627344],[-78.774707,-33.641602],[-78.80415,-33.646484]]],[[[-70.418262,-18.345605],[-70.37749,-18.333594],[-70.282275,-18.325391],[-70.183789,-18.325195],[-70.059082,-18.283496],[-69.926367,-18.206055],[-69.839697,-18.093457],[-69.802588,-17.990234],[-69.802441,-17.9],[-69.841504,-17.785156],[-69.8521,-17.703809],[-69.806104,-17.664941],[-69.684766,-17.649805],[-69.586426,-17.573242],[-69.510937,-17.506055],[-69.49502,-17.619531],[-69.358008,-17.77168],[-69.313379,-17.943164],[-69.282324,-17.964844],[-69.093945,-18.050488],[-69.09043,-18.070703],[-69.118066,-18.102734],[-69.145459,-18.144043],[-69.126367,-18.202441],[-69.092285,-18.282422],[-69.080957,-18.356641],[-69.060156,-18.433008],[-69.039404,-18.550098],[-69.026807,-18.65625],[-68.978857,-18.812988],[-68.969092,-18.909668],[-68.968311,-18.967969],[-68.931006,-19.025195],[-68.857959,-19.093359],[-68.759082,-19.162207],[-68.680664,-19.242383],[-68.620557,-19.29668],[-68.547852,-19.341113],[-68.491992,-19.381934],[-68.470166,-19.409961],[-68.462891,-19.432813],[-68.487012,-19.454395],[-68.575293,-19.560156],[-68.698291,-19.721094],[-68.696191,-19.740723],[-68.578271,-19.856543],[-68.559375,-19.902344],[-68.560693,-19.96709],[-68.600195,-20.044922],[-68.72749,-20.069629],[-68.755811,-20.09082],[-68.759326,-20.115527],[-68.730029,-20.148438],[-68.73457,-20.225195],[-68.688574,-20.310059],[-68.712305,-20.338965],[-68.759229,-20.378027],[-68.760547,-20.416211],[-68.745166,-20.458594],[-68.695801,-20.492969],[-68.499854,-20.612012],[-68.484326,-20.628418],[-68.487402,-20.640723],[-68.563184,-20.720117],[-68.571045,-20.769141],[-68.568945,-20.849805],[-68.558252,-20.901953],[-68.533838,-20.923633],[-68.435498,-20.948242],[-68.313867,-21.129688],[-68.197021,-21.300293],[-68.198535,-21.447266],[-68.186426,-21.618555],[-68.112158,-21.753027],[-68.101807,-21.860645],[-68.076758,-21.982813],[-67.988379,-22.057129],[-67.953906,-22.204004],[-67.944922,-22.282227],[-67.950391,-22.333691],[-67.881738,-22.493359],[-67.87373,-22.630566],[-67.88999,-22.729199],[-67.88916,-22.78418],[-67.879443,-22.822949],[-67.820508,-22.857715],[-67.794434,-22.879492],[-67.707324,-22.88916],[-67.579932,-22.891699],[-67.362256,-22.855176],[-67.194873,-22.82168],[-67.008789,-23.001367],[-67.089746,-23.245117],[-67.219141,-23.633984],[-67.319141,-23.934668],[-67.335596,-23.974805],[-67.356201,-24.033789],[-67.571777,-24.118945],[-67.88623,-24.243359],[-68.047363,-24.308301],[-68.250293,-24.391992],[-68.299512,-24.460352],[-68.358105,-24.497266],[-68.422559,-24.545117],[-68.447119,-24.596973],[-68.507275,-24.629785],[-68.562012,-24.747363],[-68.562012,-24.837695],[-68.527051,-24.899219],[-68.466309,-24.925195],[-68.447119,-24.998926],[-68.428027,-25.050977],[-68.384229,-25.091895],[-68.395215,-25.124707],[-68.430713,-25.149316],[-68.496338,-25.162988],[-68.54082,-25.236719],[-68.59209,-25.42002],[-68.600293,-25.485645],[-68.541895,-25.651563],[-68.51084,-25.741016],[-68.426758,-26.06543],[-68.414502,-26.153711],[-68.529834,-26.276953],[-68.575781,-26.351953],[-68.592187,-26.418066],[-68.591602,-26.47041],[-68.581152,-26.518359],[-68.485107,-26.670313],[-68.37334,-26.806445],[-68.318652,-26.877539],[-68.318652,-26.973242],[-68.345996,-27.02793],[-68.405371,-27.048145],[-68.537354,-27.085352],[-68.59209,-27.140039],[-68.652197,-27.14834],[-68.709619,-27.104492],[-68.769775,-27.11543],[-68.846338,-27.153711],[-68.875098,-27.24668],[-68.941992,-27.405176],[-68.999414,-27.449023],[-69.042187,-27.57002],[-69.118506,-27.743555],[-69.155273,-27.848145],[-69.174414,-27.924707],[-69.251221,-27.973633],[-69.340723,-28.070801],[-69.40957,-28.165332],[-69.436914,-28.192676],[-69.488867,-28.200879],[-69.527148,-28.285645],[-69.656934,-28.413574],[-69.687891,-28.562012],[-69.734912,-28.641113],[-69.743164,-28.783887],[-69.814844,-29.045508],[-69.827881,-29.103223],[-69.900342,-29.148828],[-69.995605,-29.25],[-70.026807,-29.324023],[-69.982617,-29.54541],[-69.927637,-29.769141],[-69.924121,-29.874023],[-69.945459,-30.016406],[-69.959961,-30.07832],[-69.923535,-30.103906],[-69.863379,-30.120313],[-69.844287,-30.175],[-69.888037,-30.213281],[-69.907129,-30.281641],[-69.956348,-30.358203],[-70.102002,-30.388281],[-70.153223,-30.360938],[-70.169629,-30.385547],[-70.161426,-30.440234],[-70.193945,-30.504688],[-70.269385,-30.677246],[-70.319238,-30.833984],[-70.348145,-30.902344],[-70.336426,-30.959766],[-70.311816,-30.992578],[-70.309082,-31.022656],[-70.350586,-31.060449],[-70.388379,-31.121094],[-70.429395,-31.129297],[-70.473096,-31.112793],[-70.51958,-31.148438],[-70.529053,-31.222852],[-70.554688,-31.317383],[-70.566406,-31.42793],[-70.585205,-31.569434],[-70.525635,-31.666406],[-70.450146,-31.841895],[-70.393848,-31.883789],[-70.330957,-31.881055],[-70.281738,-31.916602],[-70.254395,-31.957715],[-70.290918,-32.031055],[-70.355566,-32.042383],[-70.36377,-32.083496],[-70.344629,-32.176465],[-70.32002,-32.266699],[-70.257812,-32.309961],[-70.229785,-32.430664],[-70.169629,-32.47168],[-70.176953,-32.626074],[-70.116162,-32.807422],[-70.052051,-32.859961],[-70.021973,-32.88457],[-70.042139,-32.963672],[-70.093066,-33.026758],[-70.104004,-33.12793],[-70.084863,-33.201758],[-70.019824,-33.271484],[-69.969043,-33.279395],[-69.896191,-33.250977],[-69.819629,-33.283789],[-69.808691,-33.343945],[-69.797754,-33.398633],[-69.83877,-33.469727],[-69.882568,-33.600977],[-69.894336,-33.731348],[-69.881494,-33.929785],[-69.861523,-34.083594],[-69.857373,-34.180469],[-69.852441,-34.224316],[-69.879785,-34.254395],[-69.946338,-34.269922],[-70.002832,-34.27627],[-70.052051,-34.300781],[-70.062988,-34.35],[-70.101465,-34.432031],[-70.14126,-34.492871],[-70.210693,-34.58125],[-70.254687,-34.672656],[-70.289941,-34.732813],[-70.286768,-34.774512],[-70.312109,-34.85498],[-70.338135,-34.921777],[-70.393164,-35.146875],[-70.466602,-35.193652],[-70.525098,-35.216797],[-70.555176,-35.246875],[-70.532324,-35.30791],[-70.47041,-35.326172],[-70.448535,-35.375391],[-70.456738,-35.451953],[-70.415723,-35.523047],[-70.419727,-35.60918],[-70.380176,-35.771875],[-70.415723,-35.878516],[-70.403662,-35.970508],[-70.404785,-36.061719],[-70.456738,-36.132715],[-70.563379,-36.146387],[-70.621875,-36.211914],[-70.721924,-36.283203],[-70.732861,-36.340625],[-70.749268,-36.392578],[-70.790283,-36.411719],[-70.853174,-36.411719],[-70.905127,-36.419922],[-70.97793,-36.487305],[-71.055518,-36.52373],[-71.073242,-36.578027],[-71.066406,-36.644043],[-71.107422,-36.685059],[-71.159375,-36.761621],[-71.192187,-36.843652],[-71.159375,-36.920215],[-71.123828,-37.056934],[-71.118408,-37.114355],[-71.163477,-37.227441],[-71.200391,-37.300293],[-71.164893,-37.393262],[-71.134814,-37.445117],[-71.162842,-37.55918],[-71.186719,-37.631055],[-71.167578,-37.762305],[-71.096191,-37.909961],[-71.028174,-38.041211],[-71.018164,-38.193945],[-71.000488,-38.314844],[-70.967969,-38.445898],[-70.899658,-38.497852],[-70.847656,-38.541602],[-70.858643,-38.604492],[-70.896924,-38.681055],[-70.951611,-38.738477],[-71.087109,-38.75752],[-71.197266,-38.809375],[-71.285742,-38.84541],[-71.353174,-38.888867],[-71.401562,-38.935059],[-71.425586,-38.985645],[-71.409375,-39.205957],[-71.42002,-39.287207],[-71.465381,-39.402344],[-71.507764,-39.495215],[-71.525781,-39.523145],[-71.53125,-39.56416],[-71.539453,-39.602441],[-71.587012,-39.611133],[-71.654297,-39.594238],[-71.692578,-39.605176],[-71.719922,-39.635254],[-71.696826,-39.707031],[-71.67207,-39.833301],[-71.637891,-39.886816],[-71.647119,-39.929199],[-71.659766,-40.020801],[-71.704395,-40.094922],[-71.763672,-40.094629],[-71.801953,-40.124707],[-71.818311,-40.17666],[-71.800586,-40.244336],[-71.722656,-40.299707],[-71.695312,-40.335254],[-71.708984,-40.381738],[-71.769141,-40.400879],[-71.804639,-40.43916],[-71.838525,-40.524414],[-71.883789,-40.620605],[-71.932129,-40.691699],[-71.941357,-40.78916],[-71.873047,-40.892969],[-71.880713,-40.994629],[-71.885596,-41.292383],[-71.892187,-41.393359],[-71.871143,-41.560547],[-71.897607,-41.606641],[-71.911279,-41.650391],[-71.844482,-41.771973],[-71.77002,-41.968555],[-71.75,-42.046777],[-71.760937,-42.101465],[-71.860791,-42.147852],[-71.944092,-42.16709],[-71.993311,-42.134277],[-72.026123,-42.147949],[-72.064404,-42.205371],[-72.108203,-42.251855],[-72.124609,-42.29834],[-72.078125,-42.358496],[-72.053467,-42.473242],[-72.10542,-42.522461],[-72.143701,-42.577148],[-72.130029,-42.648242],[-72.113623,-42.776758],[-72.146436,-42.990039],[-72.102393,-43.065625],[-72.054688,-43.101953],[-71.898584,-43.145313],[-71.781494,-43.166797],[-71.750635,-43.237305],[-71.763867,-43.294629],[-71.820215,-43.322949],[-71.90498,-43.347559],[-71.90498,-43.440137],[-71.832422,-43.527148],[-71.750635,-43.590137],[-71.732764,-43.646777],[-71.737402,-43.704688],[-71.794727,-43.753223],[-71.715967,-43.858398],[-71.680078,-43.92959],[-71.716162,-43.984473],[-71.767187,-44.066699],[-71.812354,-44.106055],[-71.812109,-44.150781],[-71.830762,-44.241406],[-71.835059,-44.330176],[-71.82002,-44.383105],[-71.325732,-44.424902],[-71.212598,-44.441211],[-71.150879,-44.494043],[-71.159717,-44.560254],[-71.221484,-44.630762],[-71.261133,-44.763086],[-71.358154,-44.785156],[-71.455176,-44.749805],[-71.5604,-44.762012],[-71.65166,-44.77041],[-71.782812,-44.774414],[-71.957031,-44.791504],[-72.063721,-44.771875],[-72.07251,-44.82041],[-72.041699,-44.904199],[-71.812354,-44.930664],[-71.596289,-44.979199],[-71.531299,-45.067871],[-71.443457,-45.168262],[-71.35376,-45.230469],[-71.349316,-45.331934],[-71.49043,-45.437695],[-71.508105,-45.512695],[-71.693311,-45.534766],[-71.746191,-45.578906],[-71.772656,-45.724414],[-71.750635,-45.839063],[-71.680078,-45.878711],[-71.631543,-45.953711],[-71.684473,-46.041895],[-71.809277,-46.102734],[-71.875684,-46.160547],[-71.834131,-46.206738],[-71.777637,-46.27998],[-71.762109,-46.319824],[-71.731299,-46.427832],[-71.695215,-46.578418],[-71.699658,-46.651367],[-71.732715,-46.705859],[-71.856445,-46.791602],[-71.940234,-46.83125],[-71.956641,-46.936816],[-71.962988,-47.016016],[-71.954248,-47.0875],[-71.900537,-47.144336],[-71.90498,-47.20166],[-71.978516,-47.213867],[-72.041699,-47.241406],[-72.103418,-47.342773],[-72.28291,-47.446289],[-72.345947,-47.492676],[-72.341504,-47.57207],[-72.412598,-47.685547],[-72.472217,-47.78418],[-72.51792,-47.876367],[-72.509082,-47.97334],[-72.40791,-48.015918],[-72.32832,-48.110059],[-72.293018,-48.229102],[-72.354736,-48.36582],[-72.498145,-48.417383],[-72.582861,-48.475391],[-72.608398,-48.519336],[-72.585938,-48.6625],[-72.591748,-48.729688],[-72.614404,-48.792871],[-72.65127,-48.841602],[-72.728467,-48.896289],[-72.86543,-48.943945],[-72.981738,-48.976758],[-73.033643,-49.014355],[-73.09458,-49.096875],[-73.148877,-49.187988],[-73.135254,-49.300684],[-73.461572,-49.313867],[-73.483643,-49.397656],[-73.554199,-49.463867],[-73.57627,-49.58291],[-73.504541,-49.698047],[-73.47041,-49.794531],[-73.528906,-49.910938],[-73.507715,-50.030273],[-73.50127,-50.125293],[-73.386621,-50.231152],[-73.311719,-50.361914],[-73.27417,-50.472559],[-73.251611,-50.558496],[-73.221631,-50.610742],[-73.174512,-50.67002],[-73.15293,-50.738281],[-73.082373,-50.760352],[-72.955566,-50.696484],[-72.865918,-50.653125],[-72.803613,-50.637695],[-72.62041,-50.647656],[-72.509814,-50.60752],[-72.460156,-50.611719],[-72.392578,-50.634277],[-72.340234,-50.681836],[-72.300635,-50.789551],[-72.276318,-50.910254],[-72.307373,-51.033398],[-72.35918,-51.060156],[-72.376807,-51.09541],[-72.35918,-51.17041],[-72.301855,-51.22334],[-72.303223,-51.298926],[-72.366406,-51.470313],[-72.407666,-51.54082],[-72.334521,-51.620313],[-72.268994,-51.691113],[-72.136963,-51.744043],[-72.028418,-51.818652],[-71.953467,-51.880371],[-71.971094,-51.96416],[-71.918652,-51.989551],[-71.716602,-51.991309],[-71.414746,-51.993945],[-70.943164,-51.998145],[-70.482861,-52.002246],[-69.960254,-52.008203],[-69.712598,-52.075391],[-69.488428,-52.136133],[-69.206201,-52.136133],[-68.924561,-52.208105],[-68.715186,-52.255469],[-68.589795,-52.27334],[-68.460986,-52.29043],[-68.443359,-52.356641],[-69.007227,-52.262695],[-69.133789,-52.211426],[-69.241016,-52.205469],[-69.446875,-52.269434],[-69.560596,-52.421582],[-69.620312,-52.464746],[-69.76333,-52.505566],[-69.907227,-52.513574],[-70.390967,-52.66084],[-70.562939,-52.673438],[-70.680322,-52.7125],[-70.795117,-52.76875],[-70.839062,-52.889551],[-70.821191,-52.963086],[-70.952051,-53.226953],[-70.984326,-53.373633],[-70.985107,-53.44834],[-70.947803,-53.57041],[-70.99585,-53.779297],[-71.082812,-53.825],[-71.297754,-53.883398],[-71.443896,-53.840918],[-71.693799,-53.803125],[-71.871875,-53.722656],[-72.100928,-53.66582],[-72.174414,-53.632324],[-72.376807,-53.471191],[-72.398242,-53.417773],[-72.412891,-53.350195],[-72.306055,-53.253711],[-72.248633,-53.24668],[-72.081152,-53.249609],[-71.941699,-53.234082],[-71.852734,-53.285742],[-71.828223,-53.39834],[-71.867334,-53.458398],[-71.902783,-53.495508],[-71.891699,-53.523535],[-71.791455,-53.48457],[-71.740527,-53.232617],[-71.400342,-53.107031],[-71.288965,-53.033691],[-71.180225,-52.920508],[-71.163281,-52.888086],[-71.155078,-52.845605],[-71.227148,-52.810645],[-71.387744,-52.764258],[-71.897998,-53.001758],[-72.129102,-53.064355],[-72.278027,-53.132324],[-72.458301,-53.254492],[-72.492578,-53.290625],[-72.530811,-53.37168],[-72.548926,-53.460742],[-72.726807,-53.42002],[-72.998389,-53.290723],[-73.052734,-53.243457],[-72.998242,-53.177246],[-72.915527,-53.121973],[-72.909912,-52.936523],[-72.88916,-52.871582],[-72.831885,-52.819531],[-72.727686,-52.762305],[-72.675977,-52.749023],[-72.63208,-52.773828],[-72.626611,-52.817578],[-72.453467,-52.814453],[-72.117578,-52.65],[-71.979297,-52.646094],[-71.79707,-52.682813],[-71.591211,-52.660742],[-71.55415,-52.643945],[-71.511279,-52.605371],[-71.664746,-52.560059],[-71.811914,-52.537012],[-72.225684,-52.520996],[-72.315381,-52.538574],[-72.437695,-52.625781],[-72.478271,-52.604004],[-72.504395,-52.560059],[-72.644824,-52.529102],[-72.712109,-52.535547],[-72.776562,-52.577441],[-72.766016,-52.642578],[-72.801904,-52.712402],[-72.931885,-52.781641],[-73.020264,-52.891797],[-73.016113,-52.977441],[-73.022998,-53.02207],[-73.055469,-53.045605],[-73.122461,-53.073926],[-73.338184,-53.054688],[-73.459863,-52.964844],[-73.50752,-52.903516],[-73.645215,-52.837012],[-73.345947,-52.754297],[-73.24082,-52.707129],[-73.144824,-52.601953],[-73.073193,-52.535059],[-73.123926,-52.487988],[-73.183789,-52.487891],[-73.178174,-52.562695],[-73.244141,-52.624023],[-73.382129,-52.595117],[-73.585693,-52.685742],[-73.71084,-52.661523],[-73.914697,-52.688184],[-74.014453,-52.639355],[-74.03584,-52.577246],[-73.999902,-52.512598],[-74.037354,-52.40293],[-74.093506,-52.37627],[-74.15083,-52.38252],[-74.176562,-52.317188],[-74.238477,-52.202344],[-74.265967,-52.171289],[-74.295654,-52.117871],[-74.264941,-52.104883],[-74.194922,-52.120215],[-74.133545,-52.154785],[-74.040234,-52.15918],[-73.834473,-52.233984],[-73.749121,-52.216016],[-73.702783,-52.198828],[-73.6854,-52.136719],[-73.684326,-52.077734],[-73.649023,-52.077734],[-73.532227,-52.153125],[-73.457959,-52.145996],[-73.326758,-52.165918],[-73.260449,-52.157813],[-73.137354,-52.129688],[-72.943701,-52.046875],[-72.843213,-51.961133],[-72.79502,-51.949512],[-72.7354,-51.960547],[-72.695459,-51.985156],[-72.694824,-52.044727],[-72.649561,-52.099902],[-72.587988,-52.145117],[-72.57085,-52.200098],[-72.583447,-52.254199],[-72.693604,-52.330273],[-72.714014,-52.356738],[-72.677051,-52.384668],[-72.631494,-52.371582],[-72.568701,-52.333984],[-72.53291,-52.282324],[-72.52334,-52.255469],[-72.519336,-52.21709],[-72.524121,-52.170312],[-72.613574,-52.037012],[-72.624756,-52.006934],[-72.624609,-51.946484],[-72.522852,-51.890918],[-72.494141,-51.847559],[-72.489648,-51.763672],[-72.542529,-51.706152],[-72.76123,-51.573242],[-73.126758,-51.439941],[-73.16875,-51.453906],[-73.197021,-51.478027],[-73.163379,-51.495605],[-73.11499,-51.504492],[-72.789355,-51.614258],[-72.70459,-51.67793],[-72.649072,-51.69502],[-72.583301,-51.737305],[-72.600049,-51.799121],[-72.928369,-51.859863],[-73.188672,-51.990625],[-73.383252,-52.07002],[-73.518164,-52.041016],[-73.582324,-51.960352],[-73.650293,-51.85625],[-73.752637,-51.795508],[-73.810645,-51.801172],[-73.857568,-51.789941],[-73.894434,-51.757812],[-73.973242,-51.784473],[-74.146436,-51.712109],[-74.19668,-51.680566],[-74.06958,-51.578711],[-73.929785,-51.617871],[-73.895898,-51.331445],[-73.939502,-51.266309],[-74.12124,-51.19541],[-74.210498,-51.20459],[-74.332324,-51.19502],[-74.414355,-51.1625],[-74.507861,-51.149609],[-74.586865,-51.130664],[-74.690088,-51.086523],[-74.814746,-51.062891],[-74.983105,-50.881055],[-75.055322,-50.785547],[-75.094678,-50.68125],[-74.836621,-50.678906],[-74.685742,-50.662012],[-74.648926,-50.618457],[-74.702051,-50.535352],[-74.775879,-50.469922],[-74.72168,-50.408496],[-74.644482,-50.360938],[-74.564111,-50.382031],[-74.365576,-50.487891],[-74.331445,-50.55957],[-74.190186,-50.778027],[-74.156104,-50.797461],[-74.139404,-50.817773],[-73.847461,-50.940039],[-73.806543,-50.938379],[-73.824609,-50.83584],[-73.740576,-50.69668],[-73.659033,-50.650684],[-73.618164,-50.651172],[-73.613965,-50.62793],[-73.693262,-50.57002],[-73.654443,-50.492676],[-73.679932,-50.490234],[-73.750195,-50.539844],[-73.891504,-50.782715],[-73.978027,-50.827051],[-74.096729,-50.71709],[-74.164111,-50.637891],[-74.197217,-50.609766],[-74.185596,-50.485352],[-73.950342,-50.510547],[-74.031055,-50.469824],[-74.305566,-50.398047],[-74.374121,-50.362988],[-74.425098,-50.350195],[-74.516406,-50.265625],[-74.62959,-50.194043],[-74.434326,-50.065234],[-74.33374,-49.974609],[-74.019434,-50.022754],[-73.958594,-49.994727],[-74.01123,-49.928516],[-74.073291,-49.948535],[-74.171338,-49.907324],[-74.323926,-49.783398],[-74.31875,-49.720117],[-74.29082,-49.604102],[-74.230371,-49.579297],[-74.102002,-49.555371],[-73.955518,-49.593066],[-73.891553,-49.62373],[-73.836377,-49.609375],[-73.89248,-49.523438],[-73.988037,-49.490918],[-74.094434,-49.429688],[-74.083496,-49.361816],[-74.049219,-49.305664],[-74.023438,-49.244141],[-74.005615,-49.158008],[-74.015381,-49.090918],[-73.984766,-49.059961],[-73.937891,-49.046094],[-73.934961,-49.020898],[-74.027734,-49.026172],[-74.061328,-49.111035],[-74.073877,-49.188379],[-74.139795,-49.250488],[-74.167871,-49.320508],[-74.18457,-49.404395],[-74.221289,-49.500586],[-74.301514,-49.463965],[-74.348535,-49.42627],[-74.366553,-49.400488],[-74.358154,-49.351367],[-74.37998,-49.047852],[-74.382129,-48.793652],[-74.341016,-48.595703],[-74.227686,-48.516992],[-74.176221,-48.494141],[-74.129297,-48.504199],[-74.056934,-48.503613],[-74.009082,-48.475],[-74.171533,-48.427441],[-74.270068,-48.45459],[-74.342969,-48.492578],[-74.474414,-48.463965],[-74.499414,-48.362305],[-74.577197,-48.274414],[-74.590723,-48.161914],[-74.584668,-47.999023],[-74.400488,-48.013086],[-74.250439,-48.044922],[-73.853809,-48.042188],[-73.528174,-48.198242],[-73.384473,-48.177344],[-73.391064,-48.145898],[-73.500977,-48.106641],[-73.56958,-48.019336],[-73.609912,-47.993945],[-73.628906,-47.941504],[-73.635107,-47.880371],[-73.715869,-47.655469],[-73.748242,-47.661328],[-73.779248,-47.738477],[-73.84668,-47.866992],[-73.940869,-47.929395],[-74.084766,-47.954688],[-74.227051,-47.968945],[-74.350586,-47.944336],[-74.379346,-47.891211],[-74.376221,-47.829688],[-74.429688,-47.799609],[-74.569238,-47.772949],[-74.608887,-47.758008],[-74.654932,-47.702246],[-74.588428,-47.617969],[-74.533789,-47.567676],[-74.466895,-47.577637],[-74.403564,-47.600391],[-74.322559,-47.666699],[-74.242969,-47.679297],[-74.151953,-47.62666],[-74.134082,-47.59082],[-74.191016,-47.568359],[-74.24292,-47.559668],[-74.323682,-47.531445],[-74.482666,-47.430469],[-74.403271,-47.327539],[-74.215674,-47.20957],[-74.158398,-47.18252],[-74.208057,-47.083105],[-74.151904,-46.974414],[-74.209473,-46.884766],[-74.313574,-46.788184],[-74.454199,-46.766797],[-74.484424,-46.79502],[-74.489355,-46.83457],[-74.466992,-46.864355],[-74.480176,-46.88584],[-74.512256,-46.885156],[-74.69082,-46.863965],[-74.810645,-46.799707],[-75.005957,-46.741113],[-75.031445,-46.695312],[-75.052539,-46.628027],[-74.98418,-46.512109],[-75.01875,-46.510547],[-75.145752,-46.600098],[-75.337402,-46.64707],[-75.478418,-46.662402],[-75.540332,-46.69873],[-75.565088,-46.728711],[-75.527588,-46.746387],[-75.445996,-46.750781],[-75.386426,-46.862695],[-75.401221,-46.905664],[-75.430371,-46.93457],[-75.496631,-46.940137],[-75.635254,-46.862793],[-75.708105,-46.775],[-75.706396,-46.705273],[-75.656787,-46.610352],[-75.436914,-46.483008],[-75.376025,-46.429102],[-75.247021,-46.369336],[-75.074854,-46.23457],[-74.924463,-46.159668],[-74.997656,-46.097656],[-75.074512,-46.004492],[-75.066699,-45.874902],[-74.763135,-45.823633],[-74.630664,-45.844727],[-74.462793,-45.840723],[-74.369141,-45.809668],[-74.301172,-45.803027],[-74.157861,-45.767188],[-74.096191,-45.716797],[-74.081836,-45.67832],[-74.08252,-45.644727],[-74.099268,-45.603418],[-74.122705,-45.496191],[-74.098926,-45.460352],[-74.037549,-45.417676],[-73.957178,-45.404395],[-73.920312,-45.407715],[-73.825,-45.446875],[-73.844141,-45.502441],[-73.882324,-45.569336],[-73.960254,-45.835254],[-73.999512,-45.895313],[-74.061035,-45.947363],[-74.019922,-46.055859],[-74.081543,-46.131836],[-74.356787,-46.212695],[-74.392969,-46.217383],[-74.372461,-46.246289],[-74.213135,-46.239453],[-74.089746,-46.222363],[-73.967578,-46.154102],[-73.929199,-46.049902],[-73.878711,-45.846875],[-73.812549,-45.818164],[-73.735254,-45.811719],[-73.694873,-45.85957],[-73.70791,-45.966699],[-73.708154,-46.070312],[-73.810645,-46.377344],[-73.934814,-46.500684],[-73.948633,-46.533105],[-73.94375,-46.571582],[-73.845361,-46.566016],[-73.770264,-46.499805],[-73.716211,-46.415234],[-73.662061,-46.297461],[-73.668213,-46.212109],[-73.65166,-46.159277],[-73.629443,-45.986523],[-73.591846,-45.899121],[-73.594336,-45.776855],[-73.661963,-45.730762],[-73.756592,-45.702832],[-73.780371,-45.62793],[-73.730762,-45.47998],[-73.549902,-45.483789],[-73.378564,-45.382812],[-73.266211,-45.346191],[-73.202344,-45.353809],[-72.978174,-45.451172],[-72.933838,-45.452344],[-72.94082,-45.417285],[-72.975537,-45.392578],[-73.063867,-45.359766],[-73.226367,-45.255176],[-73.444971,-45.238184],[-73.404883,-45.102344],[-73.362451,-44.978223],[-73.256445,-44.961035],[-73.078418,-44.920215],[-72.738965,-44.73418],[-72.680078,-44.593945],[-72.663867,-44.436426],[-72.827539,-44.39541],[-73.001025,-44.292383],[-73.140967,-44.2375],[-73.265088,-44.168652],[-73.240723,-44.065723],[-73.224463,-43.897949],[-73.068799,-43.862012],[-72.996582,-43.631543],[-73.100977,-43.455176],[-73.075977,-43.323633],[-72.93999,-43.211328],[-72.915479,-43.133594],[-72.878027,-43.048145],[-72.758008,-43.039453],[-72.755371,-42.992969],[-72.766016,-42.908203],[-72.844971,-42.808008],[-72.848047,-42.669141],[-72.773926,-42.505176],[-72.654834,-42.516602],[-72.631836,-42.509668],[-72.716309,-42.410449],[-72.785156,-42.30127],[-72.773242,-42.257715],[-72.707373,-42.220508],[-72.631055,-42.199805],[-72.548437,-42.255762],[-72.430273,-42.433887],[-72.412354,-42.388184],[-72.460107,-42.206641],[-72.499414,-41.980859],[-72.623975,-42.010547],[-72.738184,-41.994629],[-72.781201,-41.95957],[-72.824072,-41.908789],[-72.783838,-41.846777],[-72.743701,-41.800586],[-72.659863,-41.74248],[-72.486035,-41.72207],[-72.3604,-41.649121],[-72.318262,-41.499023],[-72.359473,-41.513867],[-72.427734,-41.645898],[-72.542383,-41.690625],[-72.60083,-41.684082],[-72.669775,-41.659375],[-72.805127,-41.544336],[-72.87998,-41.517578],[-72.952832,-41.514746],[-73.01499,-41.543848],[-73.174072,-41.746582],[-73.241797,-41.780859],[-73.521289,-41.79707],[-73.624023,-41.773633],[-73.735156,-41.74248],[-73.721875,-41.69248],[-73.688086,-41.639258],[-73.625049,-41.611914],[-73.623926,-41.581348],[-73.710645,-41.573633],[-73.810742,-41.51748],[-73.855029,-41.446387],[-73.876172,-41.319336],[-73.965869,-41.118262],[-73.983594,-40.974316],[-73.920312,-40.871582],[-73.784033,-40.468457],[-73.74248,-40.262988],[-73.669434,-40.082324],[-73.670996,-39.963184],[-73.482227,-39.854297],[-73.4104,-39.78916],[-73.249902,-39.422363],[-73.226465,-39.224414],[-73.480762,-38.624023],[-73.520215,-38.509375],[-73.532568,-38.366797],[-73.471875,-38.130078],[-73.464795,-38.040332],[-73.516748,-37.910547],[-73.661816,-37.698535],[-73.6646,-37.59043],[-73.603418,-37.479102],[-73.662402,-37.341016],[-73.633643,-37.255469],[-73.60166,-37.188477],[-73.374561,-37.224316],[-73.271094,-37.207422],[-73.215967,-37.166895],[-73.172852,-37.053516],[-73.15127,-36.876172],[-73.137793,-36.799902],[-73.118066,-36.688379],[-73.006592,-36.643457],[-72.967822,-36.537793],[-72.874561,-36.39043],[-72.778418,-35.978516],[-72.683398,-35.876953],[-72.587354,-35.759668],[-72.623926,-35.585742],[-72.562061,-35.505371],[-72.505176,-35.446973],[-72.45498,-35.34082],[-72.386719,-35.24043],[-72.223779,-35.096191],[-72.182422,-34.920215],[-72.055957,-34.61582],[-72.030762,-34.420508],[-71.991504,-34.288477],[-72.002832,-34.165332],[-71.926855,-34.015625],[-71.853955,-33.889551],[-71.830957,-33.819531],[-71.664355,-33.652637],[-71.636279,-33.519238],[-71.695508,-33.429004],[-71.696582,-33.289062],[-71.742969,-33.095117],[-71.635547,-33.022559],[-71.592041,-32.969531],[-71.452246,-32.65957],[-71.461426,-32.537891],[-71.421289,-32.386816],[-71.513037,-32.20791],[-71.525879,-31.805859],[-71.577295,-31.496387],[-71.661963,-31.169531],[-71.653906,-30.986621],[-71.705664,-30.759277],[-71.708936,-30.628027],[-71.669482,-30.330371],[-71.400391,-30.142969],[-71.348047,-29.933203],[-71.315723,-29.649707],[-71.326709,-29.443164],[-71.353271,-29.350391],[-71.48584,-29.198242],[-71.519238,-28.926465],[-71.493604,-28.855273],[-71.384082,-28.778711],[-71.306738,-28.672461],[-71.266846,-28.50752],[-71.186426,-28.377832],[-71.154492,-28.064063],[-71.086523,-27.814453],[-71.052637,-27.727344],[-70.945801,-27.617871],[-70.925781,-27.588672],[-70.909277,-27.505176],[-70.914258,-27.30791],[-70.8979,-27.1875],[-70.812744,-26.950586],[-70.80293,-26.840918],[-70.708398,-26.596973],[-70.686963,-26.421777],[-70.646582,-26.329395],[-70.662256,-26.225391],[-70.635449,-25.992676],[-70.699609,-25.861133],[-70.713721,-25.78418],[-70.633008,-25.545605],[-70.578125,-25.4875],[-70.489502,-25.376465],[-70.452197,-25.251855],[-70.445361,-25.172656],[-70.558643,-24.778516],[-70.574121,-24.644336],[-70.546436,-24.331641],[-70.507422,-24.129688],[-70.520068,-23.968555],[-70.507422,-23.885742],[-70.487793,-23.781738],[-70.409961,-23.655566],[-70.392334,-23.565918],[-70.419629,-23.528516],[-70.511963,-23.482813],[-70.588135,-23.368359],[-70.593359,-23.255469],[-70.568848,-23.17334],[-70.563184,-23.057031],[-70.449658,-23.03418],[-70.38916,-22.969629],[-70.331689,-22.848633],[-70.259521,-22.556055],[-70.228516,-22.193164],[-70.185449,-21.974609],[-70.155078,-21.866602],[-70.12959,-21.64082],[-70.087549,-21.493066],[-70.080029,-21.356836],[-70.088379,-21.253223],[-70.197021,-20.725391],[-70.193652,-20.531445],[-70.147461,-20.229785],[-70.148145,-19.805078],[-70.157422,-19.705859],[-70.19834,-19.612988],[-70.2104,-19.486914],[-70.275781,-19.267578],[-70.334863,-18.827539],[-70.336084,-18.595215],[-70.361621,-18.398047],[-70.418262,-18.345605]]],[[[-68.629932,-52.652637],[-68.631689,-52.949512],[-68.633447,-53.241895],[-68.635059,-53.51543],[-68.63667,-53.788867],[-68.638232,-54.05293],[-68.639795,-54.324023],[-68.64751,-54.627832],[-68.653223,-54.853613],[-68.803857,-54.853613],[-68.843555,-54.876758],[-69.081641,-54.909863],[-69.486279,-54.858887],[-69.587549,-54.812793],[-69.723437,-54.712109],[-69.771826,-54.73916],[-69.899463,-54.781836],[-70.030518,-54.815527],[-70.138086,-54.819238],[-70.237793,-54.777539],[-70.259082,-54.756348],[-70.281738,-54.751758],[-70.497168,-54.80957],[-70.735156,-54.750586],[-70.924707,-54.714355],[-71.229248,-54.694141],[-71.440918,-54.619629],[-71.831543,-54.626172],[-71.901562,-54.601562],[-71.927734,-54.528711],[-71.906982,-54.494824],[-71.823437,-54.474414],[-71.800146,-54.433984],[-71.71582,-54.443652],[-71.606299,-54.497168],[-71.572754,-54.495313],[-71.500391,-54.444922],[-71.393408,-54.400195],[-71.355225,-54.39541],[-71.158838,-54.450586],[-71.079932,-54.444238],[-70.966455,-54.419531],[-70.946191,-54.398047],[-70.928174,-54.360059],[-70.898242,-54.337891],[-70.797266,-54.327246],[-70.698828,-54.348828],[-70.687549,-54.414746],[-70.701123,-54.485449],[-70.572998,-54.504395],[-70.41792,-54.502246],[-70.310986,-54.528516],[-70.297656,-54.485547],[-70.468311,-54.373242],[-70.53999,-54.303418],[-70.636133,-54.262305],[-70.759863,-54.241309],[-70.863086,-54.110449],[-70.856738,-53.995801],[-70.867725,-53.88418],[-70.644482,-53.822852],[-70.695605,-53.727441],[-70.61875,-53.655078],[-70.531299,-53.627344],[-70.443164,-53.893457],[-70.379736,-53.986719],[-70.460547,-54.005664],[-70.629834,-54.005566],[-70.535303,-54.136133],[-70.37998,-54.180664],[-70.246094,-54.277441],[-70.243359,-54.347656],[-70.168994,-54.379297],[-69.990137,-54.381348],[-69.866992,-54.36748],[-69.809082,-54.320801],[-69.741846,-54.305859],[-69.62168,-54.364063],[-69.419287,-54.407129],[-69.364795,-54.437598],[-69.325098,-54.488184],[-69.322461,-54.542676],[-69.312061,-54.571484],[-69.253174,-54.557422],[-69.169189,-54.483301],[-69.127881,-54.457617],[-69.077246,-54.44502],[-69.045215,-54.428418],[-69.044336,-54.406738],[-69.195654,-54.354395],[-69.988135,-54.109082],[-70.085596,-54.011133],[-70.151123,-53.888086],[-70.148828,-53.761133],[-70.091113,-53.721777],[-69.949707,-53.671582],[-69.689746,-53.600879],[-69.389941,-53.499414],[-69.352441,-53.47998],[-69.355957,-53.416309],[-69.393555,-53.373437],[-69.512549,-53.341992],[-69.637012,-53.334082],[-69.755615,-53.337207],[-69.874121,-53.350488],[-70.090381,-53.418164],[-70.212842,-53.413965],[-70.329297,-53.377637],[-70.415674,-53.304785],[-70.460254,-53.20625],[-70.459961,-53.143359],[-70.443359,-53.085547],[-70.390674,-53.026465],[-70.32002,-53.000684],[-70.256348,-53.004102],[-70.196484,-52.990234],[-70.160889,-52.969922],[-70.130615,-52.942773],[-70.139551,-52.919336],[-70.162744,-52.899023],[-70.25918,-52.857227],[-70.297363,-52.816992],[-70.380127,-52.751953],[-70.334912,-52.733789],[-70.189648,-52.723633],[-70.088232,-52.768555],[-69.993555,-52.821289],[-69.935449,-52.821094],[-69.883203,-52.799023],[-69.763574,-52.731348],[-69.663281,-52.646289],[-69.571875,-52.549316],[-69.498389,-52.491406],[-69.414062,-52.48623],[-69.167041,-52.667578],[-69.079932,-52.674316],[-68.789795,-52.576758],[-68.75752,-52.582031],[-68.659229,-52.631543],[-68.629932,-52.652637]]],[[[-67.079932,-55.153809],[-67.109473,-55.19209],[-67.172559,-55.242578],[-67.257422,-55.281836],[-67.339697,-55.292578],[-67.399268,-55.272266],[-67.429395,-55.236523],[-67.443262,-55.201172],[-67.463477,-55.181738],[-67.494727,-55.177441],[-67.535254,-55.178516],[-67.585205,-55.191992],[-67.691455,-55.242969],[-67.736963,-55.256445],[-67.767773,-55.25957],[-68.07002,-55.221094],[-68.099512,-55.206836],[-68.135107,-55.172656],[-68.174316,-55.071289],[-68.301367,-54.980664],[-68.106934,-54.929395],[-67.874121,-54.929688],[-67.424561,-54.968945],[-67.245264,-54.977637],[-67.107324,-55.063574],[-67.085498,-55.115234],[-67.079932,-55.153809]]],[[[-73.773389,-43.345898],[-73.848584,-43.366797],[-73.918701,-43.371973],[-73.989941,-43.356641],[-74.114404,-43.35791],[-74.238574,-43.318848],[-74.354932,-43.263574],[-74.387354,-43.231641],[-74.373145,-43.185742],[-74.289355,-43.079492],[-74.209473,-42.878711],[-74.156299,-42.590527],[-74.198828,-42.481348],[-74.193555,-42.436035],[-74.174072,-42.381543],[-74.164355,-42.325488],[-74.170312,-42.268945],[-74.160205,-42.216406],[-74.072314,-42.105859],[-74.059375,-42.05625],[-74.056836,-42.002344],[-74.018799,-41.890918],[-74.030518,-41.854004],[-74.063037,-41.822754],[-74.03667,-41.795508],[-73.730957,-41.877246],[-73.527832,-41.896289],[-73.516943,-41.980859],[-73.477783,-42.047168],[-73.454492,-42.165918],[-73.4229,-42.192871],[-73.439258,-42.277832],[-73.532812,-42.314453],[-73.524561,-42.392578],[-73.470801,-42.466309],[-73.549268,-42.492578],[-73.633887,-42.508203],[-73.653467,-42.528711],[-73.714746,-42.544727],[-73.789258,-42.585742],[-73.766846,-42.621875],[-73.673047,-42.704395],[-73.568262,-42.761621],[-73.510742,-42.847168],[-73.436328,-42.936523],[-73.472656,-42.993262],[-73.54082,-43.07373],[-73.649609,-43.127148],[-73.749658,-43.159082],[-73.737891,-43.291406],[-73.773389,-43.345898]]],[[[-74.476172,-49.147852],[-74.466797,-49.294531],[-74.483594,-49.441895],[-74.52207,-49.622949],[-74.515771,-49.65957],[-74.47085,-49.668555],[-74.458838,-49.691113],[-74.471973,-49.78623],[-74.496094,-49.859473],[-74.542578,-49.919141],[-74.569824,-49.990723],[-74.594727,-50.006641],[-74.703369,-50.019238],[-74.762988,-50.011426],[-74.81084,-49.929688],[-74.824707,-49.879492],[-74.821924,-49.813867],[-74.88042,-49.725879],[-74.882227,-49.692188],[-74.859326,-49.63418],[-74.812012,-49.605273],[-74.804834,-49.516016],[-74.781006,-49.489258],[-74.727051,-49.452344],[-74.718848,-49.437012],[-74.723828,-49.423828],[-74.743848,-49.422461],[-74.960107,-49.533008],[-74.981299,-49.56416],[-74.99082,-49.605664],[-74.993506,-49.751758],[-75.031543,-49.83623],[-75.066016,-49.852344],[-75.166943,-49.855957],[-75.300098,-49.847461],[-75.451172,-49.769922],[-75.549805,-49.791309],[-75.570117,-49.69707],[-75.520752,-49.62168],[-75.337061,-49.628223],[-75.305859,-49.494043],[-75.364209,-49.4625],[-75.428857,-49.408398],[-75.46748,-49.358887],[-75.433154,-49.32207],[-75.32666,-49.268652],[-75.269629,-49.262891],[-75.216846,-49.292773],[-75.086035,-49.270215],[-75.093701,-49.185352],[-75.210156,-49.148047],[-75.184229,-49.083594],[-75.037109,-49.02207],[-74.949219,-48.960156],[-74.945215,-48.889453],[-74.980762,-48.818848],[-74.969531,-48.791309],[-74.89624,-48.733203],[-74.793457,-48.705078],[-74.74668,-48.708887],[-74.651562,-48.749902],[-74.566602,-48.754785],[-74.546094,-48.766895],[-74.530664,-48.812598],[-74.476172,-49.147852]]],[[[-75.510254,-48.763477],[-75.622852,-48.764648],[-75.650928,-48.586328],[-75.518457,-48.328809],[-75.509033,-48.230664],[-75.553516,-48.156738],[-75.571484,-48.095898],[-75.560693,-48.070898],[-75.391406,-48.019727],[-75.338379,-48.074023],[-75.275488,-48.218457],[-75.155518,-48.425195],[-75.158496,-48.622656],[-75.225098,-48.671387],[-75.433984,-48.721191],[-75.510254,-48.763477]]],[[[-74.385742,-52.922363],[-74.369336,-52.931445],[-74.32998,-52.929297],[-74.274609,-52.945508],[-74.065967,-52.965332],[-73.879199,-53.012207],[-73.781787,-53.056055],[-73.654004,-53.069824],[-73.549268,-53.125684],[-73.504541,-53.140039],[-73.450586,-53.144336],[-73.310352,-53.247656],[-73.30249,-53.259473],[-73.143359,-53.340918],[-73.135205,-53.353906],[-73.225732,-53.358398],[-73.409375,-53.320508],[-73.501025,-53.318457],[-73.567285,-53.306836],[-73.582812,-53.300195],[-73.595947,-53.25293],[-73.61709,-53.229688],[-73.793506,-53.120703],[-73.866943,-53.096875],[-73.993994,-53.075781],[-74.138574,-53.090527],[-74.236377,-53.076465],[-74.270215,-53.081543],[-74.414404,-52.994922],[-74.558301,-52.921875],[-74.619922,-52.834766],[-74.711523,-52.768164],[-74.712012,-52.74873],[-74.669971,-52.733887],[-74.571533,-52.771289],[-74.474561,-52.835645],[-74.422266,-52.860059],[-74.385742,-52.922363]]],[[[-74.567285,-48.591992],[-74.586279,-48.615723],[-74.70957,-48.601172],[-74.923047,-48.626465],[-75.012842,-48.535742],[-75.052148,-48.391406],[-75.078906,-48.361523],[-75.131934,-48.279297],[-75.158496,-48.225293],[-75.212891,-48.141699],[-75.233887,-48.053418],[-75.247266,-48.026758],[-75.198291,-47.974609],[-74.975098,-47.922852],[-74.895654,-47.839355],[-74.827441,-47.850391],[-74.846191,-48.020801],[-74.805225,-48.078223],[-74.729297,-48.125879],[-74.715234,-48.145508],[-74.702393,-48.205859],[-74.664355,-48.299316],[-74.615137,-48.343066],[-74.602441,-48.370313],[-74.600146,-48.393066],[-74.618213,-48.425195],[-74.567285,-48.591992]]],[[[-72.923242,-53.481641],[-72.896289,-53.562793],[-72.882227,-53.57832],[-72.809375,-53.565332],[-72.685498,-53.55791],[-72.482275,-53.588086],[-72.459229,-53.598828],[-72.3729,-53.6875],[-72.306689,-53.725391],[-72.20542,-53.807422],[-72.30625,-53.862109],[-72.365967,-53.94082],[-72.369141,-53.980762],[-72.408545,-54.003809],[-72.470508,-54.027734],[-72.562891,-54.07373],[-72.676562,-54.078906],[-72.788623,-54.103125],[-72.840381,-54.125098],[-72.870996,-54.126563],[-72.907275,-54.114648],[-72.946094,-54.09209],[-72.958594,-54.065918],[-72.881738,-54.041602],[-72.781689,-53.954785],[-72.76377,-53.864844],[-72.871729,-53.848535],[-72.936133,-53.86084],[-72.984229,-53.860547],[-73.039453,-53.832813],[-73.073047,-53.875293],[-73.085547,-53.915918],[-73.07085,-53.978027],[-73.080762,-53.998047],[-73.119971,-54.009375],[-73.210645,-53.98584],[-73.304736,-53.943945],[-73.312158,-53.919629],[-73.292871,-53.83584],[-73.294922,-53.79209],[-73.314355,-53.729199],[-73.324805,-53.722656],[-73.360107,-53.724023],[-73.470947,-53.736133],[-73.581641,-53.655469],[-73.641504,-53.570312],[-73.845459,-53.545801],[-73.686523,-53.426855],[-73.44707,-53.410059],[-73.365869,-53.470215],[-73.099365,-53.511914],[-73.115332,-53.448047],[-73.110889,-53.425195],[-73.074316,-53.396777],[-73.053613,-53.394434],[-73.02207,-53.414551],[-72.970947,-53.423047],[-72.947266,-53.44248],[-72.923242,-53.481641]]],[[[-74.822949,-51.630176],[-74.780127,-51.824707],[-74.749512,-51.851855],[-74.647461,-51.866211],[-74.536816,-51.965137],[-74.531836,-51.991992],[-74.665967,-52.160059],[-74.694482,-52.279199],[-74.851807,-52.270703],[-74.917725,-52.152246],[-75.017139,-52.037891],[-75.050684,-51.903906],[-75.105371,-51.788867],[-75.008105,-51.72373],[-74.915186,-51.738281],[-74.909668,-51.65],[-74.822949,-51.630176]]],[[[-69.702979,-54.919043],[-68.900781,-55.017773],[-68.653516,-54.95791],[-68.458008,-54.959668],[-68.399805,-55.041992],[-68.598096,-55.12832],[-68.613281,-55.155566],[-68.585547,-55.177734],[-68.381738,-55.191602],[-68.330078,-55.219434],[-68.282666,-55.255176],[-68.322754,-55.308203],[-68.326562,-55.332715],[-68.30542,-55.356641],[-68.152588,-55.436914],[-68.089893,-55.47832],[-68.058301,-55.517969],[-68.045557,-55.5875],[-68.04834,-55.643164],[-68.082666,-55.650586],[-68.15708,-55.633691],[-68.229639,-55.601562],[-68.293359,-55.521387],[-68.338037,-55.505273],[-68.466699,-55.489063],[-68.594189,-55.45],[-68.693555,-55.452246],[-68.78501,-55.435645],[-68.867041,-55.450195],[-68.896143,-55.423828],[-68.931299,-55.370605],[-68.93208,-55.347363],[-68.888965,-55.263281],[-68.890088,-55.241211],[-68.912646,-55.238574],[-69.008203,-55.255762],[-69.046826,-55.244336],[-69.150781,-55.183398],[-69.192627,-55.171875],[-69.29707,-55.16582],[-69.356152,-55.273926],[-69.359229,-55.300684],[-69.299023,-55.369336],[-69.180859,-55.474805],[-69.24082,-55.476758],[-69.411816,-55.444238],[-69.455713,-55.424023],[-69.508691,-55.370898],[-69.610254,-55.339941],[-69.645898,-55.320898],[-69.656299,-55.298438],[-69.657373,-55.229004],[-69.679834,-55.218945],[-69.824023,-55.236523],[-69.853711,-55.219824],[-69.865771,-55.190625],[-69.886768,-55.174121],[-69.979785,-55.147461],[-69.987988,-55.130762],[-69.946533,-55.111035],[-69.92085,-55.061133],[-69.884424,-54.882031],[-69.702979,-54.919043]]],[[[-71.390479,-54.032813],[-71.16875,-54.112598],[-71.021924,-54.111816],[-71.022852,-54.161719],[-71.004883,-54.24668],[-71.028027,-54.281152],[-71.082959,-54.316309],[-71.117529,-54.366309],[-71.143262,-54.374023],[-71.304639,-54.313574],[-71.473291,-54.231152],[-71.558105,-54.245605],[-71.670605,-54.225391],[-71.76123,-54.229785],[-71.817578,-54.276465],[-71.948535,-54.300879],[-71.972363,-54.207227],[-72.091553,-54.11875],[-72.210449,-54.047754],[-72.146045,-53.938867],[-72.068945,-53.921289],[-71.996484,-53.884863],[-71.705127,-53.92334],[-71.55415,-53.956055],[-71.390479,-54.032813]]],[[[-73.735352,-44.394531],[-73.78457,-44.4375],[-73.862305,-44.445117],[-73.983301,-44.494824],[-73.996045,-44.537988],[-74.002051,-44.590918],[-73.918555,-44.654687],[-73.877393,-44.728809],[-73.827881,-44.839844],[-73.792139,-44.945801],[-73.795361,-44.978613],[-73.786475,-45.033594],[-73.727148,-45.119043],[-73.72168,-45.157617],[-73.728174,-45.195898],[-73.7521,-45.266797],[-73.770996,-45.276563],[-73.829883,-45.283496],[-73.834473,-45.326562],[-73.848975,-45.340625],[-74.01626,-45.344922],[-74.099072,-45.325391],[-74.089258,-45.195703],[-74.195215,-45.144824],[-74.267969,-45.058984],[-74.349902,-44.91084],[-74.41875,-44.865234],[-74.498828,-44.748145],[-74.617773,-44.647949],[-74.480518,-44.58457],[-74.501807,-44.473535],[-74.42168,-44.435449],[-74.301221,-44.395703],[-74.2125,-44.426953],[-74.132812,-44.415918],[-74.097217,-44.389355],[-74.108105,-44.275879],[-74.082812,-44.186426],[-73.994922,-44.140234],[-73.900195,-44.134863],[-73.864551,-44.185352],[-73.817773,-44.234961],[-73.703223,-44.274121],[-73.703711,-44.325391],[-73.735352,-44.394531]]],[[[-72.986133,-44.780078],[-73.228467,-44.859961],[-73.35,-44.833203],[-73.39707,-44.774316],[-73.420068,-44.724805],[-73.445068,-44.641016],[-73.403662,-44.596094],[-73.314941,-44.531348],[-73.281982,-44.489551],[-73.266016,-44.440234],[-73.271582,-44.394141],[-73.26001,-44.350293],[-73.207715,-44.334961],[-73.028418,-44.384082],[-72.842432,-44.457715],[-72.776367,-44.508594],[-72.764062,-44.549023],[-72.845312,-44.638477],[-72.897168,-44.712012],[-72.986133,-44.780078]]],[[[-75.04248,-44.890137],[-75.06748,-44.906543],[-75.09873,-44.901758],[-75.124219,-44.869922],[-75.142139,-44.815625],[-75.107422,-44.795117],[-75.079492,-44.795117],[-75.048437,-44.823926],[-75.032227,-44.870508],[-75.04248,-44.890137]]],[[[-75.302002,-50.67998],[-75.330469,-50.772363],[-75.411377,-50.764355],[-75.438525,-50.741113],[-75.452637,-50.68252],[-75.477393,-50.654199],[-75.442676,-50.595508],[-75.419775,-50.530371],[-75.427637,-50.480566],[-75.303711,-50.483984],[-75.156152,-50.496777],[-75.115332,-50.510449],[-75.160449,-50.554395],[-75.203418,-50.580664],[-75.292334,-50.596875],[-75.302002,-50.67998]]],[[[-75.106689,-48.836523],[-75.115088,-48.916016],[-75.262695,-49.068945],[-75.389941,-49.15918],[-75.506104,-49.230664],[-75.580371,-49.22998],[-75.641162,-49.19541],[-75.572852,-49.138867],[-75.487646,-49.082422],[-75.514551,-49.00957],[-75.540137,-48.988477],[-75.576172,-48.980762],[-75.637842,-48.942578],[-75.619141,-48.885938],[-75.583105,-48.858887],[-75.535254,-48.838184],[-75.490479,-48.850488],[-75.297266,-48.810645],[-75.236182,-48.778613],[-75.118604,-48.772949],[-75.106689,-48.836523]]],[[[-75.112207,-47.837695],[-75.18584,-47.850684],[-75.194336,-47.818066],[-75.261035,-47.763867],[-75.203125,-47.728027],[-75.089844,-47.690625],[-75.003955,-47.694727],[-74.926465,-47.723145],[-74.916016,-47.756641],[-75.05127,-47.800488],[-75.084473,-47.824512],[-75.112207,-47.837695]]],[[[-74.66875,-43.607812],[-74.810449,-43.625391],[-74.842676,-43.595508],[-74.841992,-43.570312],[-74.817676,-43.549414],[-74.74502,-43.535938],[-74.697461,-43.553027],[-74.672656,-43.577441],[-74.664795,-43.599609],[-74.66875,-43.607812]]],[[[-73.632178,-44.821484],[-73.664844,-44.83291],[-73.69458,-44.831152],[-73.724756,-44.796875],[-73.734863,-44.75166],[-73.800146,-44.684082],[-73.818457,-44.652148],[-73.816992,-44.613965],[-73.779492,-44.55918],[-73.723926,-44.544238],[-73.686475,-44.546289],[-73.641211,-44.61084],[-73.628223,-44.680762],[-73.616602,-44.75293],[-73.632178,-44.821484]]],[[[-74.558643,-51.277051],[-74.560889,-51.36084],[-74.592578,-51.3875],[-74.620361,-51.395703],[-74.690723,-51.370215],[-74.730908,-51.367383],[-74.797363,-51.411719],[-74.85332,-51.43418],[-74.93667,-51.42832],[-75.047363,-51.39834],[-75.146289,-51.524316],[-75.192432,-51.566699],[-75.289111,-51.625391],[-75.300049,-51.556445],[-75.238477,-51.453516],[-75.21001,-51.383301],[-75.153662,-51.278809],[-75.040332,-51.318164],[-74.881445,-51.279492],[-74.73667,-51.207617],[-74.611572,-51.207129],[-74.570508,-51.24541],[-74.558643,-51.277051]]],[[[-75.054785,-50.296094],[-75.250391,-50.37627],[-75.307861,-50.343066],[-75.449121,-50.343359],[-75.412109,-50.256641],[-75.397852,-50.192676],[-75.376709,-50.167969],[-75.368848,-50.112695],[-75.32666,-50.011816],[-75.209668,-50.04541],[-75.122559,-50.055273],[-75.004248,-50.088672],[-74.875977,-50.109961],[-74.838574,-50.197266],[-74.963379,-50.237305],[-75.054785,-50.296094]]],[[[-73.810645,-43.827246],[-73.789648,-43.876465],[-73.833643,-43.883203],[-73.90415,-43.875391],[-73.938281,-43.914258],[-73.955664,-43.921973],[-74.117773,-43.8875],[-74.142969,-43.872168],[-74.139941,-43.820996],[-73.967187,-43.816504],[-73.856934,-43.783789],[-73.841406,-43.788965],[-73.810645,-43.827246]]],[[[-74.142187,-51.931055],[-74.17207,-51.94209],[-74.283105,-51.91875],[-74.338672,-51.897949],[-74.423633,-51.845117],[-74.437109,-51.790625],[-74.475391,-51.725684],[-74.450781,-51.724902],[-74.362109,-51.750684],[-74.325684,-51.770215],[-74.277051,-51.811621],[-74.133398,-51.870898],[-74.11543,-51.888477],[-74.118896,-51.911133],[-74.142187,-51.931055]]],[[[-74.312891,-45.691504],[-74.368457,-45.73584],[-74.465527,-45.757227],[-74.561621,-45.722461],[-74.677734,-45.738574],[-74.689844,-45.662598],[-74.646436,-45.6],[-74.558398,-45.525586],[-74.494678,-45.425879],[-74.502344,-45.285156],[-74.45,-45.25293],[-74.421875,-45.203223],[-74.310547,-45.172656],[-74.2854,-45.277246],[-74.31543,-45.464063],[-74.240039,-45.574512],[-74.229199,-45.611328],[-74.243896,-45.653613],[-74.312891,-45.691504]]],[[[-67.575195,-55.889648],[-67.611426,-55.891699],[-67.699512,-55.873145],[-67.831543,-55.864844],[-67.846436,-55.857227],[-67.849707,-55.842578],[-67.834082,-55.827539],[-67.762061,-55.816113],[-67.544824,-55.825977],[-67.517285,-55.832813],[-67.509814,-55.844336],[-67.545264,-55.877441],[-67.575195,-55.889648]]],[[[-66.472119,-55.229102],[-66.551709,-55.272852],[-66.611133,-55.269922],[-66.630176,-55.254102],[-66.636621,-55.234375],[-66.624756,-55.213086],[-66.599707,-55.193652],[-66.541553,-55.169434],[-66.523145,-55.165527],[-66.435791,-55.189746],[-66.472119,-55.229102]]],[[[-70.991602,-54.867969],[-70.945117,-54.931348],[-70.92793,-54.942969],[-70.804834,-54.967676],[-70.749316,-54.952734],[-70.615283,-54.945605],[-70.534766,-54.921289],[-70.417529,-54.908887],[-70.283057,-55.065918],[-70.297852,-55.11377],[-70.40415,-55.165625],[-70.475586,-55.177051],[-70.543457,-55.161328],[-70.538721,-55.134961],[-70.551074,-55.111914],[-70.597461,-55.082031],[-70.640918,-55.084863],[-70.710986,-55.106934],[-70.744434,-55.104199],[-70.815479,-55.079883],[-70.939844,-55.061914],[-70.964502,-55.039648],[-70.967285,-55.006836],[-70.990723,-54.99043],[-71.120361,-54.937793],[-71.20332,-54.892969],[-71.273633,-54.886914],[-71.299316,-54.892285],[-71.325342,-54.91377],[-71.388574,-54.934277],[-71.406641,-54.930859],[-71.426904,-54.91377],[-71.437207,-54.889258],[-71.410547,-54.839355],[-71.374268,-54.83457],[-71.19707,-54.844434],[-71.088623,-54.86748],[-70.991602,-54.867969]]],[[[-67.288867,-55.776855],[-67.325293,-55.784766],[-67.352246,-55.766016],[-67.393359,-55.752734],[-67.559961,-55.724805],[-67.563477,-55.707813],[-67.546143,-55.683691],[-67.512793,-55.662012],[-67.448828,-55.640625],[-67.397363,-55.585156],[-67.374072,-55.589355],[-67.350586,-55.612109],[-67.310449,-55.688672],[-67.262451,-55.74375],[-67.267285,-55.762793],[-67.288867,-55.776855]]]]}},{"type":"Feature","id":"CN","properties":{"ISO_A2":"CN","name":"China"},"geometry":{"type":"MultiPolygon","coordinates":[[[[118.183008,24.496289],[118.149512,24.436133],[118.090527,24.446143],[118.08877,24.488867],[118.076758,24.501416],[118.092969,24.541211],[118.103809,24.552344],[118.170703,24.518506],[118.183008,24.496289]]],[[[121.862695,31.492285],[121.780469,31.46377],[121.519922,31.549609],[121.336426,31.64375],[121.226855,31.758105],[121.211133,31.805371],[121.338965,31.797363],[121.46416,31.756445],[121.491797,31.693652],[121.542285,31.673926],[121.576563,31.637305],[121.808301,31.552148],[121.843652,31.526367],[121.862695,31.492285]]],[[[122.295898,29.963428],[122.281543,29.943848],[122.157813,30.00127],[122.024023,30.01333],[121.977832,30.063818],[121.969434,30.143115],[122.110547,30.139746],[122.284473,30.068018],[122.322266,30.031396],[122.295898,29.963428]]],[[[122.172559,29.679004],[122.169043,29.660254],[122.083789,29.725342],[122.042676,29.735937],[122.062305,29.772754],[122.119629,29.782227],[122.165039,29.700781],[122.172559,29.679004]]],[[[122.403906,29.892383],[122.394043,29.846094],[122.367578,29.852686],[122.331836,29.934961],[122.350977,29.955225],[122.401563,29.950244],[122.403906,29.892383]]],[[[119.820898,25.456982],[119.74668,25.410693],[119.700293,25.432715],[119.699414,25.494727],[119.723047,25.550586],[119.695996,25.590869],[119.722559,25.638818],[119.77793,25.653174],[119.797461,25.623242],[119.828711,25.607373],[119.838379,25.591064],[119.838672,25.559668],[119.809082,25.507812],[119.832422,25.47959],[119.820898,25.456982]]],[[[110.385156,21.093164],[110.422363,21.058594],[110.521582,21.083105],[110.539551,21.039014],[110.538867,21.018457],[110.503906,20.967725],[110.421875,21.006885],[110.339941,20.997754],[110.280957,21.001172],[110.264648,21.025195],[110.309863,21.074756],[110.385156,21.093164]]],[[[121.251367,28.086426],[121.164258,28.0625],[121.131543,28.062598],[121.133984,28.135254],[121.205469,28.204395],[121.234375,28.181299],[121.250977,28.145215],[121.251367,28.086426]]],[[[113.555273,22.804199],[113.563672,22.75791],[113.485645,22.82832],[113.463379,22.832373],[113.426074,22.858594],[113.404395,22.902832],[113.464941,22.904541],[113.520508,22.852051],[113.555273,22.804199]]],[[[112.790234,21.601855],[112.771094,21.581836],[112.741992,21.618066],[112.733496,21.669922],[112.712695,21.697949],[112.760547,21.733252],[112.782031,21.772266],[112.839063,21.764502],[112.862598,21.752637],[112.812598,21.712158],[112.800684,21.694873],[112.790234,21.601855]]],[[[112.64375,21.639648],[112.545605,21.618506],[112.525,21.623047],[112.558984,21.674756],[112.647656,21.710254],[112.64375,21.639648]]],[[[107.972656,21.507959],[107.908398,21.5604],[107.802051,21.645166],[107.759277,21.655029],[107.641016,21.613916],[107.471387,21.59834],[107.433496,21.642285],[107.351172,21.608887],[107.27207,21.710645],[107.178516,21.71709],[107.061621,21.794189],[107.019824,21.834863],[107.006445,21.893408],[106.970996,21.923926],[106.925195,21.920117],[106.874512,21.95127],[106.794141,21.981982],[106.729492,22.000342],[106.697656,21.986182],[106.663574,21.978906],[106.657715,22.018213],[106.660059,22.136475],[106.654199,22.241455],[106.636523,22.288623],[106.593164,22.324512],[106.553613,22.341699],[106.536328,22.39541],[106.550391,22.501367],[106.582422,22.573242],[106.633105,22.586035],[106.701563,22.637744],[106.736328,22.710938],[106.780273,22.778906],[106.624023,22.874268],[106.541797,22.90835],[106.450879,22.893896],[106.338086,22.863477],[106.279004,22.857471],[106.249414,22.869434],[106.183984,22.955127],[106.148438,22.970068],[106.068457,22.975537],[106.000977,22.974756],[105.962305,22.937451],[105.902637,22.924951],[105.842969,22.922803],[105.782324,22.969336],[105.691211,23.029932],[105.548145,23.072656],[105.530859,23.121973],[105.494531,23.180859],[105.440137,23.235352],[105.350488,23.307666],[105.275391,23.345215],[105.23877,23.322119],[105.189063,23.281055],[104.995703,23.194336],[104.910156,23.160547],[104.864746,23.136377],[104.826563,23.100195],[104.814746,23.010791],[104.795703,22.911133],[104.740039,22.860498],[104.687305,22.822217],[104.631738,22.818213],[104.577539,22.82002],[104.526855,22.804102],[104.371777,22.704053],[104.29834,22.712012],[104.238281,22.768506],[104.2125,22.809424],[104.143066,22.800146],[104.053906,22.752295],[104.012695,22.666357],[103.99082,22.586133],[103.971387,22.550488],[103.941504,22.540088],[103.915039,22.538232],[103.637305,22.77002],[103.620215,22.782031],[103.570703,22.734424],[103.525391,22.611572],[103.492969,22.587988],[103.470996,22.597412],[103.356055,22.754688],[103.32666,22.769775],[103.300586,22.764404],[103.266309,22.713525],[103.193359,22.638525],[103.137598,22.592969],[103.136328,22.542236],[103.075879,22.49751],[103.005371,22.452979],[102.981934,22.448242],[102.935156,22.466162],[102.874219,22.525391],[102.830078,22.587158],[102.720996,22.648486],[102.598535,22.700391],[102.517188,22.741016],[102.470898,22.750928],[102.42793,22.732812],[102.406445,22.708008],[102.375781,22.646631],[102.302246,22.545996],[102.237012,22.466016],[102.175977,22.414648],[102.127441,22.379199],[102.091504,22.412256],[102.024414,22.439209],[101.94541,22.439404],[101.841797,22.388477],[101.759961,22.490332],[101.73877,22.495264],[101.70752,22.486572],[101.671484,22.462305],[101.646191,22.40542],[101.619922,22.327441],[101.567871,22.276367],[101.524512,22.253662],[101.537305,22.209863],[101.561816,22.162402],[101.560254,22.120898],[101.575781,22.055273],[101.60293,21.989697],[101.699609,21.882471],[101.736523,21.826514],[101.743945,21.777979],[101.747266,21.605762],[101.743457,21.533838],[101.724219,21.39502],[101.722949,21.314941],[101.763086,21.278906],[101.802051,21.235986],[101.800586,21.212598],[101.783496,21.20415],[101.728125,21.156396],[101.704785,21.150146],[101.668555,21.169629],[101.62168,21.184424],[101.583887,21.203564],[101.542383,21.234277],[101.443555,21.230811],[101.281445,21.184131],[101.247852,21.197314],[101.224414,21.22373],[101.211816,21.278223],[101.219922,21.342432],[101.205566,21.383301],[101.175391,21.40752],[101.19668,21.52207],[101.138867,21.56748],[101.147266,21.581641],[101.128125,21.705127],[101.130859,21.735547],[101.120703,21.746094],[101.079785,21.755859],[101.019336,21.736377],[100.835156,21.655176],[100.677148,21.504932],[100.60459,21.471777],[100.531348,21.458105],[100.445703,21.484082],[100.350586,21.501025],[100.214746,21.462988],[100.147656,21.480518],[100.116797,21.511182],[100.089258,21.55791],[100.105762,21.617041],[100.095508,21.660645],[100.041211,21.682764],[99.978223,21.701611],[99.940723,21.75874],[99.925586,21.820801],[99.94043,21.901611],[99.947852,21.98833],[99.917676,22.028027],[99.825391,22.049707],[99.592676,22.08916],[99.388672,22.110791],[99.303125,22.100635],[99.233398,22.110156],[99.192969,22.125977],[99.173438,22.15332],[99.172363,22.19248],[99.205371,22.282568],[99.243066,22.370361],[99.337695,22.498047],[99.343164,22.586523],[99.338281,22.688672],[99.385156,22.825098],[99.466797,22.927295],[99.507129,22.959131],[99.497266,23.00459],[99.464551,23.04624],[99.418066,23.069238],[99.34082,23.095898],[99.220313,23.10332],[99.055078,23.130566],[98.86377,23.19126],[98.885547,23.307471],[98.882617,23.380322],[98.858887,23.440088],[98.819727,23.48252],[98.797852,23.52041],[98.832227,23.624365],[98.787695,23.737842],[98.735059,23.783105],[98.680859,23.841797],[98.676758,23.905078],[98.701563,23.964062],[98.833984,24.090576],[98.835059,24.121191],[98.802344,24.118701],[98.764355,24.116064],[98.583398,24.069824],[98.56416,24.098828],[98.499414,24.115674],[98.367285,24.119043],[98.2125,24.110645],[98.016895,24.06543],[97.837695,23.986279],[97.755664,23.931885],[97.686035,23.898096],[97.629687,23.887158],[97.564551,23.911035],[97.568262,23.988477],[97.690625,24.130811],[97.708203,24.22876],[97.670703,24.312744],[97.666602,24.37998],[97.623633,24.422949],[97.563281,24.443848],[97.531445,24.491699],[97.529395,24.631201],[97.583301,24.774805],[97.670703,24.820117],[97.723828,24.841992],[97.737891,24.869873],[97.710742,24.970361],[97.714941,25.034326],[97.767383,25.158057],[97.819531,25.251855],[97.917969,25.236133],[97.962012,25.259326],[98.010742,25.292529],[98.064063,25.348975],[98.099609,25.415723],[98.142871,25.571094],[98.172559,25.594531],[98.296582,25.568848],[98.333789,25.586768],[98.40166,25.677979],[98.465527,25.788867],[98.558398,25.823242],[98.625391,25.826709],[98.65625,25.863574],[98.654688,25.917773],[98.591016,26.003711],[98.564063,26.072412],[98.571973,26.114062],[98.663184,26.139453],[98.685547,26.189355],[98.671875,26.298535],[98.709473,26.429688],[98.731836,26.583398],[98.739355,26.698145],[98.738477,26.785742],[98.729492,26.877393],[98.716504,27.044922],[98.674805,27.190625],[98.682422,27.245312],[98.676758,27.421924],[98.651172,27.572461],[98.599805,27.598828],[98.504492,27.647656],[98.452539,27.657227],[98.408887,27.639453],[98.392383,27.587061],[98.350488,27.538086],[98.298828,27.550098],[98.274219,27.599072],[98.241016,27.663184],[98.130469,27.967578],[98.118359,28.055225],[98.098926,28.142285],[98.061621,28.185889],[98.022266,28.211523],[97.934082,28.313818],[97.887598,28.356494],[97.864941,28.363574],[97.816504,28.356348],[97.769043,28.356152],[97.730078,28.407129],[97.694629,28.469336],[97.658887,28.5],[97.599219,28.517041],[97.537891,28.510205],[97.502148,28.456348],[97.477734,28.425635],[97.431445,28.353906],[97.356445,28.254492],[97.322461,28.217969],[97.289453,28.236816],[97.145117,28.340332],[97.075391,28.368945],[96.980859,28.337695],[96.833008,28.362402],[96.775781,28.367041],[96.652832,28.449756],[96.602637,28.459912],[96.427734,28.406006],[96.389063,28.36792],[96.366406,28.367285],[96.319824,28.386523],[96.281445,28.412061],[96.278906,28.428174],[96.326172,28.468555],[96.329883,28.496826],[96.327344,28.525391],[96.395605,28.606543],[96.580859,28.763672],[96.55,28.82959],[96.477148,28.959326],[96.46709,29.022266],[96.435742,29.050684],[96.346875,29.027441],[96.162207,28.909717],[96.137109,28.922607],[96.141406,28.963477],[96.122363,29.08208],[96.180859,29.117676],[96.270508,29.16123],[96.339746,29.209814],[96.355859,29.249072],[96.337207,29.260986],[96.234961,29.245801],[96.194727,29.272461],[96.128516,29.381396],[96.07959,29.424121],[96.035352,29.447168],[95.885059,29.390918],[95.710352,29.313818],[95.51582,29.206348],[95.516992,29.151172],[95.49375,29.137012],[95.456543,29.102295],[95.420215,29.054297],[95.389258,29.037402],[95.353125,29.035889],[95.279102,29.049561],[95.144727,29.104053],[94.998828,29.14917],[94.96748,29.144043],[94.769434,29.175879],[94.763086,29.20127],[94.733398,29.251611],[94.677051,29.297021],[94.623047,29.312402],[94.468066,29.216211],[94.293262,29.144629],[94.193457,29.059912],[94.111523,28.975879],[94.017676,28.959521],[94.013281,28.90752],[93.973633,28.860791],[93.902246,28.803223],[93.760742,28.729785],[93.664941,28.690234],[93.360547,28.654053],[93.251953,28.629492],[93.206543,28.59082],[93.157813,28.492725],[93.119238,28.402295],[93.034961,28.327637],[92.881836,28.228125],[92.701855,28.147119],[92.652539,28.093359],[92.643457,28.061523],[92.665625,28.049854],[92.6875,28.025732],[92.687793,27.988965],[92.664355,27.948926],[92.54668,27.879199],[92.480664,27.845947],[92.414844,27.824609],[92.341016,27.820752],[92.270117,27.830225],[92.250488,27.841504],[92.222266,27.826953],[92.157617,27.812256],[92.10127,27.807617],[91.977637,27.730371],[91.909375,27.729687],[91.824707,27.746436],[91.712598,27.759814],[91.631934,27.759961],[91.629395,27.800879],[91.641895,27.923242],[91.605566,27.951709],[91.493359,27.981787],[91.367578,28.021631],[91.306836,28.064014],[91.273047,28.078369],[91.225879,28.07124],[91.149902,28.026758],[91.077734,27.974463],[91.020801,27.970068],[90.9625,27.99458],[90.906641,28.026514],[90.715723,28.071729],[90.630078,28.078564],[90.477344,28.07085],[90.352734,28.080225],[90.333105,28.093994],[90.333789,28.119141],[90.352148,28.168164],[90.362988,28.216504],[90.348242,28.243945],[90.220801,28.277734],[90.104492,28.302051],[89.981055,28.311182],[89.897852,28.294141],[89.816895,28.256299],[89.749805,28.188184],[89.652734,28.158301],[89.536914,28.107422],[89.480664,28.059961],[89.395898,27.958154],[89.272656,27.833154],[89.160449,27.711279],[89.102344,27.592578],[89.025488,27.517871],[88.947559,27.464014],[88.891406,27.316064],[88.83252,27.362842],[88.764844,27.429883],[88.749023,27.521875],[88.829883,27.767383],[88.848828,27.868652],[88.828613,27.907275],[88.803711,28.006934],[88.75625,28.039697],[88.621094,28.091846],[88.57793,28.093359],[88.531641,28.057373],[88.486133,28.034473],[88.425977,28.01167],[88.275195,27.968848],[88.141113,27.948926],[88.108984,27.933008],[88.098926,27.904541],[88.109766,27.870605],[88.02334,27.883398],[87.933398,27.89082],[87.860742,27.886084],[87.682715,27.821387],[87.622559,27.815186],[87.555273,27.821826],[87.46416,27.823828],[87.290723,27.821924],[87.141406,27.83833],[87.020117,27.928662],[86.933789,27.968457],[86.842383,27.99917],[86.750391,28.02207],[86.719629,28.070654],[86.690527,28.094922],[86.614453,28.103027],[86.554492,28.085205],[86.516895,27.963525],[86.484961,27.939551],[86.408691,27.928662],[86.328613,27.959521],[86.217969,28.02207],[86.174219,28.091699],[86.137012,28.114355],[86.078711,28.083594],[86.075488,27.99458],[86.06416,27.934717],[85.994531,27.9104],[85.954102,27.928223],[85.92168,27.989697],[85.840234,28.135352],[85.759473,28.220654],[85.67832,28.277441],[85.410645,28.276025],[85.212109,28.292627],[85.122461,28.315967],[85.088574,28.372266],[85.121484,28.484277],[85.160156,28.571875],[85.159082,28.592236],[85.126367,28.602637],[85.069141,28.609668],[84.855078,28.553613],[84.796875,28.560205],[84.759375,28.579248],[84.714258,28.595557],[84.676758,28.621533],[84.650586,28.65957],[84.46543,28.75293],[84.410742,28.803906],[84.312109,28.868115],[84.228711,28.911768],[84.175586,29.036377],[84.127832,29.156299],[84.101367,29.219971],[84.021973,29.253857],[83.935938,29.279492],[83.79043,29.227441],[83.671094,29.187598],[83.583496,29.183594],[83.456641,29.306348],[83.355176,29.43916],[83.235156,29.55459],[83.155469,29.612646],[83.013965,29.618066],[82.854297,29.683398],[82.64082,29.831201],[82.486523,29.941504],[82.220703,30.063867],[82.158984,30.115186],[82.135352,30.158984],[82.098926,30.245068],[82.043359,30.326758],[81.854883,30.362402],[81.641895,30.3875],[81.417188,30.337598],[81.255078,30.093311],[81.177148,30.039893],[81.110352,30.036816],[81.055566,30.098975],[81.010254,30.164502],[80.985449,30.237109],[80.873535,30.290576],[80.746777,30.3604],[80.682129,30.414844],[80.608887,30.448877],[80.541016,30.463525],[80.40957,30.509473],[80.260938,30.561328],[80.191211,30.568408],[80.18623,30.605322],[80.207129,30.68374],[80.194336,30.759229],[80.149414,30.789844],[80.081445,30.781934],[79.924512,30.88877],[79.918555,30.889893],[79.916602,30.894189],[79.871875,30.924609],[79.794629,30.968262],[79.664258,30.965234],[79.56543,30.949072],[79.493164,30.993701],[79.388477,31.064209],[79.369629,31.079932],[79.33877,31.105713],[79.232617,31.241748],[79.107129,31.402637],[79.04375,31.426221],[79.011133,31.414111],[78.973926,31.328613],[78.945996,31.337207],[78.899512,31.331348],[78.844531,31.301514],[78.791602,31.293652],[78.757812,31.30249],[78.743555,31.323779],[78.758594,31.436572],[78.726758,31.471826],[78.755078,31.550293],[78.80293,31.618066],[78.753906,31.668359],[78.693457,31.740381],[78.687012,31.805518],[78.719727,31.887646],[78.735449,31.957959],[78.725586,31.983789],[78.677734,32.023047],[78.495898,32.215771],[78.486133,32.23623],[78.455273,32.300342],[78.441309,32.397363],[78.41748,32.466699],[78.389648,32.519873],[78.391699,32.544727],[78.4125,32.557715],[78.526367,32.570801],[78.631543,32.578955],[78.700879,32.597021],[78.736719,32.558398],[78.753516,32.499268],[78.771289,32.468066],[78.837891,32.411963],[78.918945,32.358203],[78.997656,32.365137],[79.066992,32.388184],[79.127344,32.475781],[79.169922,32.497217],[79.219336,32.501074],[79.219043,32.507568],[79.216504,32.564014],[79.233887,32.703076],[79.22793,32.758789],[79.205566,32.809033],[79.20957,32.864844],[79.202246,32.946045],[79.145508,33.001465],[79.108594,33.022656],[79.102832,33.052539],[79.12168,33.108105],[79.135156,33.171924],[79.1125,33.22627],[79.066504,33.250391],[79.012598,33.291455],[78.948438,33.346533],[78.916699,33.386768],[78.865039,33.431104],[78.801855,33.499707],[78.789941,33.650342],[78.783789,33.808789],[78.761719,33.887598],[78.72666,34.013379],[78.731738,34.055566],[78.753027,34.087695],[78.931738,34.188965],[78.970605,34.228223],[78.976953,34.258105],[78.970117,34.302637],[78.936426,34.351953],[78.864844,34.390332],[78.763086,34.45293],[78.670801,34.518164],[78.515723,34.557959],[78.326953,34.606396],[78.282031,34.653906],[78.236133,34.769824],[78.158496,34.946484],[78.075781,35.134912],[78.012207,35.251025],[78.00918,35.306934],[78.047461,35.449414],[78.042676,35.479785],[78.009473,35.490234],[77.945898,35.471631],[77.894922,35.449023],[77.851562,35.460791],[77.810938,35.484521],[77.802539,35.492773],[77.799414,35.495898],[77.724023,35.480566],[77.572559,35.471826],[77.52002,35.473437],[77.446484,35.475586],[77.294824,35.508154],[77.090039,35.552051],[76.878906,35.613281],[76.766895,35.661719],[76.727539,35.678662],[76.631836,35.729395],[76.563477,35.772998],[76.55127,35.887061],[76.502051,35.878223],[76.385742,35.837158],[76.25166,35.810937],[76.177832,35.810547],[76.147852,35.829004],[76.10332,35.949219],[76.070898,35.983008],[76.010449,35.996338],[75.945117,36.017578],[75.912305,36.048975],[75.904883,36.088477],[75.934082,36.133936],[75.968652,36.168848],[75.974414,36.382422],[75.951855,36.458105],[75.933008,36.521582],[75.884961,36.600732],[75.840234,36.649707],[75.772168,36.694922],[75.667188,36.741992],[75.57373,36.759326],[75.460254,36.725049],[75.424219,36.738232],[75.376855,36.883691],[75.34668,36.913477],[75.145215,36.973242],[75.053906,36.987158],[74.949121,36.968359],[74.889258,36.952441],[74.841211,36.979102],[74.766016,37.012744],[74.692188,37.035742],[74.600586,37.03667],[74.541406,37.022168],[74.526465,37.030664],[74.497949,37.057227],[74.376172,37.137354],[74.372168,37.157715],[74.558984,37.236621],[74.668945,37.266699],[74.72666,37.290723],[74.738965,37.285645],[74.767383,37.24917],[74.840234,37.225049],[74.891309,37.231641],[74.918164,37.25],[75.008398,37.293555],[75.079004,37.344043],[75.11875,37.385693],[75.097461,37.45127],[74.986426,37.530371],[74.91582,37.572803],[74.894238,37.601416],[74.912305,37.687305],[74.938281,37.77251],[74.921289,37.80498],[74.900293,37.832715],[74.89082,37.925781],[74.84248,38.038086],[74.789648,38.103613],[74.775098,38.191895],[74.77207,38.274756],[74.835938,38.404297],[74.812305,38.460303],[74.74502,38.51001],[74.514063,38.6],[74.277441,38.659766],[74.187305,38.65752],[74.131348,38.661182],[74.065332,38.608496],[74.025586,38.539844],[73.97002,38.533691],[73.869141,38.562891],[73.80166,38.606885],[73.754102,38.698926],[73.716797,38.817236],[73.696094,38.854297],[73.706836,38.88623],[73.72998,38.914697],[73.794531,38.941309],[73.805273,38.968652],[73.795605,39.002148],[73.74375,39.044531],[73.69043,39.104541],[73.607324,39.229199],[73.623145,39.297852],[73.636328,39.39668],[73.631641,39.448877],[73.715723,39.462256],[73.822949,39.488965],[73.872754,39.533301],[73.907129,39.578516],[73.914648,39.606494],[73.88252,39.714551],[73.839746,39.762842],[73.835352,39.800146],[73.85625,39.828662],[73.88457,39.87793],[73.93877,39.978809],[73.991602,40.043115],[74.020508,40.059375],[74.085156,40.074316],[74.242676,40.092041],[74.411914,40.137207],[74.613086,40.272168],[74.679883,40.310596],[74.767773,40.329883],[74.830469,40.328516],[74.841797,40.344971],[74.80127,40.428516],[74.811133,40.458789],[74.835156,40.482617],[74.865625,40.493506],[75.004492,40.449512],[75.111328,40.454102],[75.241016,40.480273],[75.520801,40.627539],[75.555566,40.625195],[75.583496,40.605322],[75.617383,40.516602],[75.655957,40.329248],[75.677148,40.305811],[75.871973,40.303223],[76.004297,40.371436],[76.062305,40.387549],[76.156641,40.376465],[76.206055,40.408398],[76.258301,40.430762],[76.318555,40.352246],[76.396387,40.389795],[76.480176,40.449512],[76.520898,40.51123],[76.57793,40.577881],[76.622168,40.662354],[76.639844,40.742236],[76.661133,40.779639],[76.708398,40.818115],[76.824023,40.982324],[76.907715,41.02417],[76.986621,41.03916],[77.182031,41.010742],[77.283984,41.014355],[77.581738,40.992773],[77.719336,41.024316],[77.815234,41.055615],[77.956445,41.050684],[78.123438,41.075635],[78.346289,41.281445],[78.348828,41.325195],[78.362402,41.371631],[78.442871,41.417529],[78.543164,41.45957],[78.742578,41.560059],[79.148438,41.719141],[79.293555,41.782812],[79.354395,41.781055],[79.503906,41.820996],[79.766113,41.898877],[79.84043,41.995752],[79.909668,42.01499],[80.216211,42.032422],[80.235156,42.043457],[80.246191,42.059814],[80.229199,42.129834],[80.209375,42.190039],[80.233008,42.207812],[80.259082,42.2354],[80.255078,42.27417],[80.205762,42.399414],[80.179297,42.518359],[80.161914,42.625537],[80.165039,42.665527],[80.202246,42.734473],[80.250293,42.797266],[80.424023,42.855762],[80.538965,42.873486],[80.54375,42.911719],[80.450684,42.935547],[80.383398,42.973779],[80.371289,42.995605],[80.374512,43.02041],[80.390234,43.043115],[80.507031,43.085791],[80.616992,43.128271],[80.751172,43.10249],[80.777734,43.118945],[80.785742,43.161572],[80.757031,43.204346],[80.729785,43.274268],[80.667773,43.310059],[80.66543,43.352979],[80.703809,43.427051],[80.650781,43.56416],[80.593457,43.685107],[80.495996,43.89209],[80.431543,43.951758],[80.395801,44.047168],[80.355273,44.097266],[80.358984,44.171289],[80.365332,44.223291],[80.354883,44.326514],[80.336328,44.438379],[80.355078,44.552002],[80.391016,44.626807],[80.381445,44.65542],[80.400586,44.676904],[80.455469,44.684082],[80.481543,44.714648],[80.455469,44.746094],[80.36084,44.770312],[80.255078,44.808105],[80.127832,44.80376],[79.997168,44.797217],[79.932129,44.825195],[79.875293,44.86084],[79.871875,44.883789],[79.950195,44.944092],[80.05918,45.006445],[80.228223,45.033984],[80.414941,45.075098],[80.50918,45.10498],[80.634766,45.126514],[80.780078,45.135547],[80.85332,45.129297],[81.040332,45.169141],[81.334766,45.246191],[81.602051,45.31084],[81.691992,45.349365],[81.758887,45.31084],[81.789648,45.226025],[81.86748,45.18208],[81.944922,45.16084],[81.989258,45.161865],[82.122754,45.194873],[82.266602,45.219092],[82.323438,45.205859],[82.39668,45.162451],[82.478711,45.123584],[82.521484,45.125488],[82.558984,45.15542],[82.596973,45.215967],[82.621094,45.293115],[82.625781,45.374414],[82.611621,45.424268],[82.58252,45.442578],[82.45166,45.471973],[82.32666,45.519922],[82.312207,45.563721],[82.315234,45.594922],[82.348145,45.671533],[82.429688,45.811914],[82.511719,46.005811],[82.555078,46.158691],[82.692187,46.38667],[82.8,46.624463],[82.974902,46.966016],[83.004102,47.033496],[83.020117,47.141455],[83.029492,47.185937],[83.090332,47.209375],[83.193066,47.186572],[83.443555,47.108643],[83.634082,47.043213],[83.713965,47.021045],[83.832617,46.997852],[84.016016,46.970508],[84.12207,46.978613],[84.215137,46.994727],[84.338867,46.996143],[84.532422,46.975781],[84.592285,46.974951],[84.666602,46.972363],[84.719531,46.939355],[84.745996,46.864355],[84.786133,46.830713],[84.858203,46.843164],[85.012207,46.909229],[85.110547,46.96123],[85.233496,47.036377],[85.355371,47.046729],[85.484766,47.063525],[85.529688,47.100781],[85.577246,47.188477],[85.656641,47.254639],[85.669824,47.338379],[85.641797,47.397412],[85.586621,47.493652],[85.588281,47.558496],[85.561621,47.746484],[85.525977,47.915625],[85.562305,48.051855],[85.626367,48.204004],[85.651563,48.250537],[85.692187,48.311816],[85.749414,48.385059],[85.829883,48.408057],[86.056152,48.42373],[86.265625,48.454541],[86.372559,48.48623],[86.483301,48.505371],[86.549414,48.528613],[86.66377,48.635547],[86.717969,48.697168],[86.757812,48.860742],[86.728613,48.939355],[86.753125,49.008838],[86.808301,49.049707],[86.885938,49.090576],[86.937988,49.097559],[87.048535,49.109912],[87.22998,49.105859],[87.322852,49.085791],[87.416699,49.076611],[87.476172,49.091455],[87.51582,49.122412],[87.576563,49.132373],[87.668359,49.147217],[87.7625,49.16582],[87.814258,49.162305],[87.825195,49.116309],[87.816309,49.080273],[87.834668,49.031934],[87.872168,49.000146],[87.859863,48.965527],[87.806836,48.945508],[87.754687,48.918555],[87.743164,48.881641],[87.80918,48.835742],[87.831836,48.79165],[87.942187,48.765283],[88.02793,48.735596],[88.060059,48.707178],[88.050195,48.675049],[88.010645,48.64043],[87.972266,48.60332],[87.967383,48.581055],[87.979688,48.555127],[88.062598,48.537842],[88.158203,48.509082],[88.309961,48.47207],[88.413965,48.403418],[88.51709,48.384473],[88.566797,48.317432],[88.575977,48.220166],[88.681836,48.170557],[88.838281,48.101709],[88.917773,48.089014],[88.971094,48.049951],[89.047656,48.002539],[89.115625,47.987695],[89.196289,47.980908],[89.329883,48.024854],[89.479199,48.029053],[89.560938,48.003955],[89.638477,47.909082],[89.693164,47.87915],[89.725586,47.85249],[89.778125,47.827002],[89.831348,47.823291],[89.910449,47.844336],[89.958691,47.886328],[90.02793,47.877686],[90.053906,47.850488],[90.066602,47.803564],[90.103223,47.74541],[90.191016,47.7021],[90.313281,47.676172],[90.330664,47.655176],[90.347461,47.596973],[90.380664,47.556641],[90.425195,47.504102],[90.46748,47.408154],[90.476465,47.328809],[90.496191,47.285156],[90.55293,47.214014],[90.643359,47.100293],[90.715527,47.003857],[90.799023,46.985156],[90.869922,46.954492],[90.910547,46.883252],[90.985742,46.749023],[90.997852,46.661084],[91.004297,46.595752],[91.028906,46.566064],[91.033887,46.529004],[90.971484,46.387988],[90.918262,46.324268],[90.911523,46.270654],[90.947559,46.177295],[90.996777,46.10498],[91.001758,46.035791],[90.959766,45.985059],[90.887109,45.921631],[90.852441,45.8854],[90.795898,45.853516],[90.709668,45.730811],[90.670703,45.595166],[90.661816,45.525244],[90.694434,45.474658],[90.749609,45.418945],[90.763184,45.370654],[90.853223,45.262891],[90.877246,45.196094],[90.913965,45.193945],[90.953613,45.215918],[91.05,45.217432],[91.137695,45.193945],[91.221777,45.144531],[91.312109,45.118115],[91.441016,45.124756],[91.510059,45.098242],[91.584375,45.076514],[91.737793,45.068945],[91.852832,45.069336],[92.029785,45.068506],[92.172656,45.035254],[92.423828,45.008936],[92.578906,45.010986],[92.787891,45.035742],[92.916016,45.020166],[93.294336,44.983154],[93.516211,44.944482],[93.656445,44.900977],[93.755273,44.831934],[93.868164,44.724219],[93.95791,44.674951],[94.199316,44.645166],[94.364746,44.519482],[94.494336,44.47251],[94.712012,44.35083],[94.866016,44.30332],[95.049805,44.259424],[95.350293,44.278076],[95.366797,44.261523],[95.343652,44.19541],[95.325586,44.104883],[95.325586,44.039355],[95.356445,44.005957],[95.471289,43.986182],[95.525586,43.953955],[95.567187,43.892236],[95.591211,43.853613],[95.687305,43.664062],[95.841992,43.383691],[95.85957,43.275977],[95.9125,43.206494],[96.080273,43.096143],[96.168457,43.014502],[96.299512,42.928711],[96.34248,42.849316],[96.352344,42.746777],[96.385449,42.720361],[96.625293,42.743848],[96.833008,42.760254],[97.205664,42.789795],[97.718945,42.736279],[98.248242,42.684521],[98.716309,42.638721],[98.946875,42.616211],[99.467871,42.568213],[99.757422,42.629443],[99.983789,42.677344],[100.086328,42.670752],[100.519043,42.616797],[100.772559,42.587793],[101.091992,42.551318],[101.31377,42.537891],[101.495313,42.53877],[101.579102,42.523535],[101.659961,42.500049],[101.713867,42.46582],[101.879883,42.292334],[101.972949,42.215869],[102.156641,42.158105],[102.575195,42.09209],[102.806836,42.052002],[103.072852,42.005957],[103.247852,41.936572],[103.449707,41.855859],[103.711133,41.751318],[103.997266,41.796973],[104.305176,41.846143],[104.498242,41.877002],[104.498242,41.658691],[104.773633,41.641162],[104.860352,41.64375],[104.982031,41.595508],[105.050586,41.615918],[105.11543,41.663281],[105.19707,41.738037],[105.314355,41.770898],[105.51709,41.854736],[105.566406,41.875098],[105.867578,41.993994],[106.317187,42.140576],[106.51875,42.211572],[106.579102,42.227344],[106.693164,42.263574],[106.77002,42.288721],[106.906055,42.308887],[107.090723,42.321533],[107.292383,42.349268],[107.74873,42.400977],[107.805957,42.405859],[108.062305,42.427197],[108.171191,42.447314],[108.333984,42.436768],[108.546484,42.429297],[108.687305,42.416113],[108.874512,42.426465],[109.131641,42.440576],[109.339844,42.438379],[109.443164,42.455957],[109.595508,42.510547],[109.698047,42.553809],[109.858789,42.60625],[110.058008,42.660596],[110.196875,42.71001],[110.288867,42.742725],[110.400391,42.773682],[110.42959,42.813574],[110.461719,42.844141],[110.520898,42.895264],[110.627539,42.990527],[110.708594,43.073877],[110.748535,43.110791],[110.839551,43.194092],[110.913281,43.256885],[111.007227,43.341406],[111.086523,43.36875],[111.186816,43.391992],[111.451074,43.474902],[111.503516,43.492773],[111.547363,43.496289],[111.64082,43.563184],[111.719727,43.621143],[111.771094,43.6646],[111.878125,43.680176],[111.933203,43.711426],[111.942871,43.752441],[111.931738,43.814941],[111.880273,43.878906],[111.836914,43.934668],[111.683789,44.041113],[111.602637,44.107129],[111.519727,44.191895],[111.48623,44.271631],[111.42959,44.322363],[111.402246,44.367285],[111.410937,44.419189],[111.489453,44.511572],[111.514746,44.569824],[111.547461,44.6729],[111.621289,44.827148],[111.681445,44.89917],[111.751074,44.969531],[111.898047,45.064062],[112.032617,45.081641],[112.112891,45.062939],[112.29209,45.063037],[112.411328,45.058203],[112.499316,45.010937],[112.596777,44.917676],[112.706738,44.883447],[113.049414,44.810352],[113.196094,44.794824],[113.300977,44.79165],[113.455664,44.767432],[113.50791,44.762354],[113.587012,44.745703],[113.652637,44.763477],[113.752148,44.825928],[113.877051,44.896191],[113.930859,44.912305],[114.030273,44.942578],[114.080273,44.971143],[114.167383,45.049854],[114.281055,45.110889],[114.419141,45.202588],[114.487305,45.271729],[114.502246,45.316309],[114.517188,45.3646],[114.560156,45.38999],[114.644336,45.413281],[114.73877,45.419629],[114.919238,45.378271],[115.162598,45.390234],[115.21748,45.396191],[115.439453,45.419971],[115.539453,45.439502],[115.681055,45.458252],[115.78916,45.534814],[115.93418,45.626172],[116.039551,45.676953],[116.109863,45.686719],[116.197656,45.739355],[116.240625,45.795996],[116.229102,45.845752],[116.212988,45.886914],[116.264551,45.963037],[116.357617,46.096582],[116.444824,46.158789],[116.516699,46.209082],[116.562598,46.289795],[116.619336,46.313086],[116.688867,46.321973],[116.787012,46.37666],[116.859082,46.387939],[116.978809,46.361768],[117.155957,46.355078],[117.269043,46.352246],[117.333398,46.362012],[117.356934,46.391309],[117.356348,46.43667],[117.392188,46.537598],[117.405566,46.570898],[117.438086,46.58623],[117.546875,46.588281],[117.620508,46.552002],[117.671094,46.52207],[117.741211,46.518164],[117.813477,46.537695],[117.910449,46.619336],[118.071289,46.666602],[118.156836,46.678564],[118.308691,46.717041],[118.404395,46.703174],[118.580469,46.691895],[118.64873,46.70166],[118.722949,46.691895],[118.790332,46.74707],[118.843945,46.760205],[118.957129,46.734863],[119.028516,46.692187],[119.162109,46.638672],[119.331836,46.613818],[119.474023,46.62666],[119.620215,46.603955],[119.706641,46.606006],[119.747461,46.627197],[119.867188,46.672168],[119.895898,46.732861],[119.88418,46.791455],[119.897852,46.857812],[119.862695,46.906592],[119.788477,46.978809],[119.759863,47.027002],[119.757227,47.090039],[119.711133,47.15],[119.600195,47.222461],[119.526953,47.255908],[119.37666,47.380859],[119.325977,47.410156],[119.308594,47.430713],[119.29082,47.472656],[119.235254,47.492578],[119.162402,47.525195],[119.122949,47.558496],[119.097266,47.61626],[119.081934,47.65415],[119.017578,47.685352],[118.953125,47.70293],[118.880273,47.725098],[118.759961,47.757617],[118.690527,47.822266],[118.567773,47.943262],[118.498438,47.983984],[118.239648,47.999512],[118.14707,48.028906],[118.041895,48.018945],[117.979199,47.999609],[117.84043,47.999854],[117.768359,47.987891],[117.67666,47.908301],[117.555371,47.804688],[117.455078,47.741357],[117.383984,47.675732],[117.350781,47.652197],[117.285937,47.666357],[117.19707,47.740283],[117.069727,47.806396],[116.95166,47.836572],[116.901172,47.853076],[116.760547,47.869775],[116.651953,47.864502],[116.513477,47.839551],[116.378223,47.844043],[116.317187,47.859863],[116.231152,47.858203],[116.074805,47.789551],[115.993848,47.711328],[115.898242,47.686914],[115.811719,47.738232],[115.711719,47.798926],[115.616406,47.874805],[115.557617,47.94502],[115.525098,48.130859],[115.639453,48.18623],[115.785547,48.248242],[115.796582,48.346338],[115.791699,48.455713],[115.820508,48.577246],[115.953809,48.689355],[116.025488,48.782275],[116.034375,48.840039],[116.098242,48.936133],[116.159668,49.037451],[116.243359,49.170361],[116.402148,49.406201],[116.589746,49.684814],[116.683301,49.823779],[116.888965,49.737793],[117.02168,49.692969],[117.245605,49.624854],[117.477148,49.609424],[117.698438,49.53584],[117.812598,49.513525],[117.873438,49.513477],[118.186621,49.692773],[118.451563,49.844482],[118.755957,49.962842],[118.979492,49.978857],[119.147461,50.013379],[119.259863,50.066406],[119.326074,50.154932],[119.346289,50.278955],[119.301562,50.353906],[119.191895,50.379834],[119.163672,50.406006],[119.216699,50.43252],[119.255859,50.48418],[119.280664,50.560986],[119.344043,50.633887],[119.445703,50.702832],[119.501758,50.779248],[119.512305,50.863135],[119.573438,50.946777],[119.684961,51.030127],[119.745996,51.107715],[119.756641,51.179492],[119.813184,51.267041],[119.966992,51.422119],[120.066895,51.600684],[120.237012,51.722998],[120.510547,51.848535],[120.681445,51.973047],[120.749805,52.096533],[120.744531,52.205469],[120.66543,52.299902],[120.650391,52.395898],[120.699219,52.493604],[120.656152,52.56665],[120.521094,52.615039],[120.360059,52.627002],[120.172754,52.60249],[120.067578,52.63291],[120.044336,52.718213],[120.094531,52.787207],[120.218164,52.839893],[120.421289,52.968066],[120.704102,53.171826],[120.985449,53.28457],[121.405469,53.317041],[121.743945,53.383594],[122.088867,53.451465],[122.337793,53.48501],[122.380176,53.4625],[122.51582,53.456982],[122.744727,53.468506],[122.957617,53.497705],[123.154102,53.54458],[123.30957,53.555615],[123.424023,53.530762],[123.489453,53.529443],[123.534766,53.526465],[123.559766,53.52666],[123.607813,53.546533],[123.740918,53.510986],[123.994727,53.405615],[124.154297,53.358691],[124.219922,53.370117],[124.291406,53.340869],[124.369141,53.270947],[124.465918,53.229639],[124.639844,53.210645],[124.812305,53.133838],[124.882129,53.129736],[124.906641,53.172656],[124.970898,53.197314],[125.075,53.203662],[125.225586,53.16582],[125.422461,53.08374],[125.545996,53.047607],[125.595996,53.057471],[125.649023,53.042285],[125.691699,53.003711],[125.695312,52.956299],[125.680762,52.930811],[125.728125,52.890723],[125.782813,52.890723],[125.871875,52.871533],[125.941602,52.800684],[126.004297,52.767871],[126.048145,52.739453],[126.056055,52.715869],[126.060156,52.691992],[126.04707,52.673486],[126.023242,52.643018],[126.016016,52.610205],[126.045898,52.57334],[126.156641,52.546631],[126.194434,52.519141],[126.20293,52.483838],[126.237598,52.444824],[126.312891,52.399756],[126.341699,52.362012],[126.324219,52.331641],[126.346289,52.30625],[126.383496,52.286523],[126.391504,52.214502],[126.394824,52.172998],[126.455566,52.126465],[126.468066,52.031299],[126.510547,51.92583],[126.653711,51.781299],[126.700781,51.703027],[126.688672,51.609912],[126.70918,51.566309],[126.774512,51.545068],[126.805469,51.505664],[126.801758,51.448047],[126.827344,51.412256],[126.847754,51.37417],[126.833789,51.314893],[126.854395,51.261377],[126.887695,51.230127],[126.911523,51.172314],[126.924805,51.100146],[127.02041,50.985889],[127.198242,50.829443],[127.307031,50.707959],[127.346875,50.621338],[127.347168,50.550098],[127.308203,50.494189],[127.306055,50.453516],[127.34082,50.428076],[127.351172,50.393604],[127.337207,50.350146],[127.395313,50.298584],[127.590234,50.208984],[127.512305,50.07168],[127.491797,49.975049],[127.502441,49.873437],[127.550781,49.801807],[127.636719,49.760205],[127.690137,49.716748],[127.711133,49.671533],[127.814258,49.622119],[127.999609,49.568604],[128.237109,49.559277],[128.526758,49.594238],[128.704004,49.600146],[128.769043,49.576953],[128.791016,49.541846],[128.770313,49.494727],[128.819336,49.46377],[128.938281,49.448926],[129.020313,49.419238],[129.065137,49.374658],[129.120117,49.362061],[129.185156,49.381396],[129.248438,49.378662],[129.309863,49.353857],[129.350098,49.362354],[129.384668,49.389453],[129.440723,49.389453],[129.498145,49.388818],[129.533691,49.323437],[129.591406,49.28667],[129.671094,49.278516],[129.792578,49.198877],[130.037109,48.972266],[130.195996,48.89165],[130.355273,48.866357],[130.553125,48.861182],[130.617188,48.773193],[130.565625,48.680127],[130.552148,48.60249],[130.597266,48.574658],[130.65918,48.483398],[130.746875,48.430371],[130.763477,48.388428],[130.804297,48.341504],[130.787207,48.25459],[130.712109,48.127637],[130.732617,48.019238],[130.848633,47.929443],[130.91543,47.84292],[130.932813,47.759814],[130.961914,47.709326],[131.002734,47.691455],[131.121875,47.697656],[131.319336,47.727832],[131.464258,47.722607],[131.556738,47.682031],[131.785254,47.680518],[132.149805,47.717969],[132.380176,47.729492],[132.47627,47.71499],[132.561914,47.768506],[132.636914,47.890088],[132.707227,47.947266],[132.772852,47.940088],[132.877148,47.979102],[133.020117,48.064404],[133.144043,48.105664],[133.301172,48.101514],[133.468359,48.097168],[133.573242,48.133008],[133.671777,48.207715],[133.842188,48.27373],[134.205859,48.359912],[134.293359,48.373437],[134.334961,48.368848],[134.456152,48.355322],[134.563574,48.321729],[134.665234,48.253906],[134.680859,48.210449],[134.669336,48.15332],[134.647266,48.120166],[134.605371,48.08291],[134.566016,48.02251],[134.591309,47.975195],[134.650293,47.874268],[134.698633,47.801416],[134.752344,47.71543],[134.728125,47.684473],[134.695801,47.624854],[134.596191,47.523877],[134.541895,47.485156],[134.483496,47.447363],[134.38252,47.438232],[134.339453,47.429492],[134.29082,47.413574],[134.260059,47.377734],[134.225195,47.352637],[134.167676,47.302197],[134.162988,47.25874],[134.189258,47.194238],[134.202148,47.128076],[134.136914,47.068994],[134.086426,46.978125],[134.071387,46.950781],[134.045996,46.881982],[134.038574,46.858154],[134.022656,46.713184],[133.95752,46.614258],[133.866602,46.499121],[133.886719,46.430566],[133.902734,46.366943],[133.880273,46.336035],[133.874805,46.309082],[133.861328,46.247754],[133.832813,46.224268],[133.750195,46.185937],[133.700684,46.139746],[133.711133,46.069629],[133.685742,46.008936],[133.647852,45.955225],[133.608008,45.920312],[133.551172,45.897803],[133.513086,45.878809],[133.484668,45.810449],[133.475781,45.757666],[133.449121,45.705078],[133.465625,45.651221],[133.436426,45.604687],[133.355469,45.572217],[133.30957,45.553076],[133.266992,45.545264],[133.186035,45.494824],[133.113379,45.321436],[133.096875,45.220459],[133.113477,45.130713],[133.011719,45.074561],[132.936035,45.029932],[132.88877,45.046045],[132.838672,45.061133],[132.723145,45.080566],[132.665625,45.093701],[132.549023,45.122803],[132.362988,45.159961],[132.181348,45.203271],[132.067383,45.225977],[131.977539,45.243994],[131.909277,45.27373],[131.851855,45.326855],[131.794922,45.305273],[131.74209,45.242627],[131.654004,45.205371],[131.613965,45.136572],[131.578711,45.083643],[131.4875,45.013135],[131.446875,44.984033],[131.268262,44.936133],[131.22793,44.920166],[131.082324,44.91001],[131.033008,44.888867],[130.981641,44.844336],[130.967773,44.799951],[131.003906,44.753223],[131.060645,44.659668],[131.086914,44.595654],[131.125781,44.469189],[131.255273,44.071582],[131.213281,44.00293],[131.174219,43.704736],[131.183594,43.650879],[131.180078,43.56709],[131.182422,43.505566],[131.20918,43.49043],[131.243945,43.469043],[131.261816,43.433057],[131.257324,43.378076],[131.239355,43.337646],[131.211914,43.257764],[131.175586,43.142187],[131.135547,43.097607],[131.108984,43.062451],[131.086133,43.038086],[131.083496,42.956299],[131.068555,42.902246],[131.005566,42.883105],[130.942871,42.851758],[130.868555,42.86333],[130.80332,42.856836],[130.722461,42.83584],[130.577246,42.811621],[130.492969,42.779102],[130.452734,42.75542],[130.424805,42.727051],[130.419922,42.699854],[130.439258,42.685547],[130.520605,42.674316],[130.576563,42.623242],[130.584473,42.567334],[130.526953,42.5354],[130.498242,42.570508],[130.450293,42.581689],[130.360742,42.630859],[130.295605,42.684961],[130.24668,42.744824],[130.248828,42.872607],[130.240332,42.891797],[130.15127,42.917969],[130.124805,42.956006],[130.082617,42.97417],[130.022266,42.962598],[129.976953,42.974854],[129.941211,42.995654],[129.898242,42.998145],[129.861035,42.965088],[129.841504,42.894238],[129.779199,42.776562],[129.773438,42.705469],[129.746484,42.603809],[129.719727,42.475],[129.697852,42.448145],[129.62793,42.444287],[129.603906,42.435889],[129.567578,42.39209],[129.52373,42.384668],[129.484863,42.410303],[129.423633,42.435889],[129.36582,42.439209],[129.313672,42.413574],[129.252539,42.357861],[129.217773,42.312695],[129.205371,42.270557],[129.195508,42.218457],[129.133691,42.168506],[129.077246,42.142383],[128.960645,42.068799],[128.923438,42.038232],[128.839844,42.037842],[128.749023,42.040674],[128.626758,42.02085],[128.427246,42.010742],[128.307813,42.025635],[128.160156,42.011621],[128.045215,41.9875],[128.028711,41.951611],[128.03291,41.898486],[128.056055,41.86377],[128.08418,41.840576],[128.131934,41.769141],[128.181738,41.700049],[128.257812,41.655371],[128.289258,41.607422],[128.290918,41.562793],[128.254883,41.506543],[128.200293,41.433008],[128.149414,41.387744],[128.11123,41.389258],[128.052734,41.415625],[128.013086,41.448682],[127.918652,41.461133],[127.687695,41.43999],[127.572168,41.454736],[127.516992,41.481738],[127.420313,41.483789],[127.270801,41.519824],[127.179688,41.531348],[127.136719,41.554541],[127.128418,41.607422],[127.085352,41.643799],[127.061328,41.687354],[127.006934,41.742041],[126.954785,41.769482],[126.903516,41.781055],[126.847266,41.747998],[126.787695,41.718213],[126.743066,41.724854],[126.721582,41.716553],[126.696973,41.691895],[126.60127,41.640967],[126.57832,41.594336],[126.540137,41.495557],[126.513574,41.393994],[126.49043,41.358057],[126.451465,41.351855],[126.411816,41.321338],[126.328711,41.225684],[126.253613,41.137793],[126.144531,41.078271],[126.093164,41.023682],[126.066797,40.974072],[125.989062,40.904639],[125.874902,40.892236],[125.783984,40.872021],[125.72832,40.866699],[125.688281,40.838672],[125.65918,40.795898],[125.645117,40.778955],[125.593848,40.778955],[125.542578,40.742578],[125.416895,40.659912],[125.314453,40.644629],[125.185938,40.589404],[125.072949,40.547461],[125.025977,40.523877],[125.013379,40.497852],[124.996875,40.464746],[124.942285,40.458154],[124.889355,40.459814],[124.771973,40.38374],[124.712402,40.319238],[124.481055,40.181641],[124.386621,40.104248],[124.362109,40.004053],[124.35,40.011572],[124.26748,39.92417],[124.105762,39.841016],[123.760156,39.822412],[123.650879,39.881592],[123.61123,39.84082],[123.580664,39.786133],[123.490039,39.767871],[123.348145,39.762939],[123.268945,39.726904],[123.226562,39.686621],[123.032227,39.673535],[122.960938,39.619922],[122.840039,39.60083],[122.334863,39.366113],[122.225,39.267334],[122.120898,39.151904],[122.047656,39.093799],[121.982324,39.053174],[121.922656,39.036523],[121.864355,38.996484],[121.805176,38.991406],[121.744824,39.009668],[121.677246,39.003418],[121.632812,38.954834],[121.67041,38.891797],[121.649902,38.865088],[121.517188,38.830762],[121.320117,38.808203],[121.236328,38.766943],[121.207422,38.743506],[121.163574,38.731641],[121.12168,38.813281],[121.106738,38.920801],[121.188281,38.94668],[121.263281,38.960254],[121.679883,39.108691],[121.627637,39.220166],[121.664551,39.26875],[121.757812,39.347559],[121.818457,39.386523],[121.785449,39.40083],[121.5125,39.374854],[121.355664,39.376807],[121.275488,39.384766],[121.299805,39.452197],[121.286328,39.519434],[121.26748,39.544678],[121.406445,39.62124],[121.469531,39.640137],[121.517578,39.638965],[121.514258,39.685254],[121.474219,39.754883],[121.517383,39.844824],[121.800977,39.950537],[121.868945,40.046387],[121.982813,40.13584],[122.190918,40.358252],[122.20332,40.396045],[122.263867,40.500195],[122.275,40.541846],[122.178711,40.602734],[122.14043,40.688184],[121.858789,40.84209],[121.834863,40.974268],[121.808594,40.968506],[121.765625,40.875879],[121.729297,40.846143],[121.598926,40.843408],[121.537109,40.878418],[121.174512,40.90127],[121.085938,40.841602],[121.00293,40.749121],[120.922266,40.683105],[120.841309,40.649219],[120.770703,40.589062],[120.479102,40.230957],[120.368945,40.203857],[119.850391,39.987451],[119.591113,39.902637],[119.391113,39.75249],[119.322363,39.661621],[119.261328,39.560889],[119.224609,39.408057],[119.040137,39.222363],[118.976953,39.182568],[118.912305,39.166406],[118.826465,39.172119],[118.752441,39.160498],[118.626367,39.176855],[118.471973,39.118018],[118.297852,39.06709],[118.147852,39.195068],[118.040918,39.226758],[117.865723,39.19126],[117.784668,39.134473],[117.616699,38.852881],[117.553809,38.691455],[117.557813,38.625146],[117.656055,38.424219],[117.766699,38.31167],[118.014941,38.183398],[118.543262,38.094922],[118.66709,38.126367],[118.8,38.12666],[118.940039,38.042773],[119.027539,37.904004],[119.035645,37.80918],[119.038477,37.776514],[119.070312,37.748584],[119.08916,37.700732],[119.033496,37.661035],[118.99082,37.641357],[118.954883,37.494092],[118.952637,37.331152],[118.998145,37.2771],[119.111816,37.201172],[119.287402,37.138281],[119.449902,37.124756],[119.760547,37.155078],[119.8875,37.253369],[119.87998,37.295801],[119.88291,37.35083],[120.155859,37.49502],[120.311523,37.622705],[120.287109,37.656494],[120.257227,37.679004],[120.284668,37.69209],[120.370117,37.701025],[120.75,37.833936],[121.049023,37.725195],[121.219531,37.600146],[121.388086,37.578955],[121.505273,37.515039],[121.640234,37.460352],[121.816406,37.456641],[121.964844,37.445312],[122.010156,37.495752],[122.056641,37.528906],[122.10957,37.522314],[122.169141,37.456152],[122.337695,37.405273],[122.493262,37.407959],[122.602344,37.426416],[122.666992,37.402832],[122.57334,37.31792],[122.587305,37.181104],[122.515527,37.137842],[122.44668,37.068115],[122.487402,37.022266],[122.523438,37.002637],[122.519727,36.946826],[122.457031,36.915137],[122.340918,36.832227],[122.274219,36.833838],[122.242285,36.849854],[122.219727,36.879541],[122.203223,36.927197],[122.162402,36.958643],[122.049512,36.970752],[121.932715,36.959473],[121.669629,36.836377],[121.413086,36.738379],[121.144043,36.660449],[121.053809,36.611377],[120.989941,36.597949],[120.878516,36.635156],[120.81084,36.632812],[120.79668,36.607227],[120.882617,36.538916],[120.90498,36.485303],[120.895801,36.444141],[120.84707,36.426074],[120.776172,36.456299],[120.711523,36.413281],[120.682227,36.340723],[120.680957,36.168359],[120.637891,36.129932],[120.519336,36.108691],[120.393066,36.053857],[120.348242,36.079199],[120.330273,36.110107],[120.343457,36.189453],[120.327734,36.228174],[120.270117,36.226172],[120.183301,36.202441],[120.116992,36.150293],[120.094141,36.118896],[120.181445,36.01748],[120.264746,36.007227],[120.284766,35.984424],[120.219043,35.934912],[120.054688,35.861133],[120.027441,35.799365],[119.978711,35.740234],[119.911719,35.693213],[119.866211,35.643652],[119.810547,35.617725],[119.719727,35.588721],[119.608398,35.469873],[119.526465,35.358594],[119.429688,35.301416],[119.352832,35.113818],[119.21582,35.011768],[119.165332,34.848828],[119.200977,34.748437],[119.351367,34.749414],[119.426758,34.71416],[119.58291,34.582227],[119.769727,34.496191],[119.963672,34.447803],[120.201465,34.325684],[120.266699,34.274023],[120.322656,34.168994],[120.425684,33.866309],[120.499805,33.716455],[120.504785,33.638184],[120.615625,33.490527],[120.734473,33.236621],[120.871094,33.016504],[120.897363,32.843213],[120.853027,32.764111],[120.853223,32.661377],[120.989941,32.567041],[121.293359,32.457324],[121.341699,32.425049],[121.400977,32.371924],[121.403906,32.20625],[121.450781,32.15332],[121.490527,32.121094],[121.674219,32.051025],[121.751074,31.992871],[121.832422,31.899756],[121.856348,31.816455],[121.866309,31.703564],[121.763574,31.699512],[121.680859,31.712158],[121.351953,31.858789],[121.266406,31.862695],[121.145801,31.842334],[120.973535,31.869385],[120.791699,32.031738],[120.660547,32.081055],[120.520117,32.105859],[120.184082,31.966162],[120.09873,31.975977],[120.073926,31.960254],[120.035937,31.936279],[120.191602,31.906348],[120.347461,31.9521],[120.497168,32.019824],[120.715527,31.98374],[120.752246,31.922852],[120.787793,31.819775],[120.9375,31.750195],[121.055371,31.719434],[121.204883,31.628076],[121.350977,31.485352],[121.660645,31.319727],[121.785937,31.162891],[121.834473,31.061621],[121.87793,30.916992],[121.769434,30.870361],[121.675195,30.86377],[121.527539,30.840967],[121.418945,30.789795],[121.309961,30.699707],[120.997656,30.558252],[120.938281,30.469727],[120.897461,30.392627],[120.821484,30.354639],[120.62998,30.390869],[120.449805,30.387842],[120.245508,30.283545],[120.194629,30.241309],[120.228516,30.249561],[120.260547,30.263037],[120.352539,30.247412],[120.494531,30.303076],[120.633398,30.133154],[120.904492,30.160645],[121.159375,30.301758],[121.258008,30.304102],[121.340625,30.282373],[121.432715,30.22666],[121.67793,29.979102],[121.812305,29.952148],[121.944336,29.894092],[122.017285,29.887695],[122.08291,29.870361],[121.905762,29.779687],[121.676562,29.583789],[121.574609,29.537012],[121.50625,29.48457],[121.69043,29.510986],[121.821875,29.604639],[121.887988,29.627783],[121.941211,29.605908],[121.968359,29.490625],[121.917773,29.13501],[121.853516,29.128906],[121.79082,29.225684],[121.71748,29.256348],[121.655957,29.236133],[121.533691,29.236719],[121.487109,29.193164],[121.447656,29.131348],[121.520898,29.118457],[121.664941,29.010596],[121.679688,28.953125],[121.641016,28.915918],[121.540039,28.931885],[121.6625,28.851416],[121.630078,28.76792],[121.590332,28.734814],[121.519141,28.713672],[121.475195,28.641406],[121.538086,28.521094],[121.602051,28.366602],[121.609961,28.292139],[121.509961,28.324268],[121.35459,28.229883],[121.272266,28.222119],[121.216797,28.346191],[121.145703,28.32666],[121.098437,28.290527],[121.035449,28.157275],[120.958594,28.037012],[120.89248,28.003906],[120.812988,28.013379],[120.747656,28.009961],[120.763477,27.977441],[120.833008,27.937793],[120.833008,27.891455],[120.685156,27.74458],[120.661328,27.687891],[120.664844,27.639453],[120.5875,27.580762],[120.629102,27.482129],[120.60752,27.412402],[120.539844,27.318359],[120.468652,27.25625],[120.38457,27.155518],[120.278711,27.09707],[120.138574,26.886133],[120.097461,26.780664],[120.086719,26.671582],[120.042969,26.633838],[119.967773,26.586377],[119.882227,26.610449],[119.879492,26.683008],[119.842383,26.689307],[119.821289,26.736914],[119.815137,26.797607],[119.824219,26.846387],[119.788672,26.831494],[119.766699,26.774707],[119.710449,26.728662],[119.651563,26.747266],[119.588184,26.784961],[119.589941,26.730469],[119.623633,26.675879],[119.638184,26.621191],[119.725977,26.609424],[119.784766,26.546631],[119.831152,26.450195],[119.840332,26.41416],[119.876465,26.370947],[119.881055,26.33418],[119.797266,26.300146],[119.692676,26.236426],[119.56709,26.127344],[119.463086,26.054688],[119.369727,26.054053],[119.313086,26.062549],[119.232129,26.104395],[119.139453,26.121777],[119.26377,25.974805],[119.332031,25.94873],[119.417773,25.954346],[119.500879,26.00918],[119.61875,26.003564],[119.648242,25.918701],[119.616895,25.8229],[119.552832,25.698682],[119.539453,25.59126],[119.619141,25.437451],[119.622461,25.391162],[119.592773,25.368018],[119.499219,25.408643],[119.421777,25.459619],[119.34375,25.446289],[119.263086,25.468018],[119.180078,25.449805],[119.146289,25.414307],[119.169336,25.355713],[119.243555,25.307031],[119.285547,25.232227],[119.235547,25.205957],[119.024609,25.223438],[118.977539,25.209277],[118.914453,25.126807],[118.955664,25.004785],[118.909082,24.928906],[118.82207,24.911133],[118.70752,24.849805],[118.636914,24.835547],[118.640234,24.809082],[118.691797,24.782324],[118.719141,24.746143],[118.657031,24.621436],[118.560352,24.580371],[118.412012,24.600732],[118.295313,24.572754],[118.194531,24.62583],[118.087109,24.627002],[118.013867,24.559912],[118.005957,24.481982],[117.935059,24.474219],[117.896875,24.479834],[117.842676,24.474316],[117.848242,24.432471],[117.879004,24.395898],[118.024219,24.379639],[118.050586,24.327148],[118.056055,24.246094],[117.904102,24.106445],[117.839453,24.012305],[117.741699,24.014795],[117.667871,23.939258],[117.628223,23.836719],[117.579199,23.856982],[117.466406,23.840576],[117.433105,23.791699],[117.45957,23.771484],[117.462207,23.73623],[117.416992,23.620996],[117.367676,23.588623],[117.34668,23.635742],[117.330762,23.708789],[117.29082,23.714355],[117.225,23.647021],[117.148145,23.598779],[117.08252,23.57876],[117.032813,23.623437],[116.910645,23.64668],[116.860938,23.453076],[116.75957,23.38252],[116.712109,23.360498],[116.629395,23.353857],[116.682324,23.327393],[116.698828,23.277783],[116.669141,23.228174],[116.586426,23.218262],[116.538281,23.179688],[116.519824,23.006592],[116.470703,22.945898],[116.345508,22.941064],[116.251855,22.981348],[116.22207,22.949561],[116.206348,22.918652],[116.157422,22.887451],[116.062598,22.879102],[115.852148,22.801563],[115.755859,22.823926],[115.64043,22.853418],[115.561133,22.824707],[115.534668,22.765186],[115.49834,22.718848],[115.38252,22.718848],[115.289941,22.775977],[115.195801,22.817285],[115.091504,22.781689],[115.012109,22.708936],[114.914453,22.684619],[114.896387,22.639502],[114.853809,22.616797],[114.750391,22.626318],[114.711133,22.738721],[114.65166,22.755273],[114.592773,22.698437],[114.571973,22.654053],[114.544434,22.620605],[114.554199,22.528906],[114.496191,22.527051],[114.420117,22.583252],[114.340625,22.593213],[114.266016,22.540967],[114.228223,22.553955],[114.188184,22.56499],[114.122852,22.56499],[114.097852,22.55127],[114.050391,22.542969],[114.018262,22.514453],[114.01543,22.511914],[113.931152,22.531055],[113.82832,22.607227],[113.754492,22.733643],[113.661133,22.80166],[113.619629,22.861426],[113.603418,22.968896],[113.586328,23.02002],[113.592188,23.076953],[113.620508,23.12749],[113.519727,23.1021],[113.445312,23.055078],[113.460352,22.995703],[113.441895,22.940576],[113.331055,22.912012],[113.337793,22.888818],[113.344824,22.8646],[113.432031,22.789404],[113.449805,22.726123],[113.484766,22.692383],[113.553027,22.594043],[113.551465,22.40415],[113.588867,22.350488],[113.576465,22.297266],[113.549121,22.225195],[113.546777,22.224121],[113.527051,22.245947],[113.494141,22.241553],[113.481055,22.21748],[113.478906,22.195557],[113.473437,22.194434],[113.415723,22.178369],[113.367383,22.164844],[113.327734,22.14541],[113.266406,22.08877],[113.149023,22.075],[113.08877,22.207959],[113.008203,22.119336],[112.983789,21.938232],[112.953906,21.907324],[112.903809,21.881445],[112.808594,21.944629],[112.725391,21.902344],[112.660742,21.859473],[112.634082,21.819873],[112.586328,21.776855],[112.494727,21.818311],[112.421289,21.880615],[112.439453,21.927344],[112.429297,21.958105],[112.396094,21.981348],[112.359668,21.978027],[112.377441,21.91748],[112.389746,21.801221],[112.356445,21.767578],[112.30498,21.741699],[112.193359,21.763135],[112.117188,21.806494],[112.025195,21.843018],[111.943945,21.849658],[111.926465,21.77627],[111.873438,21.717139],[111.824609,21.709766],[111.775977,21.719238],[111.711914,21.655225],[111.681641,21.608496],[111.602734,21.559082],[111.392383,21.535107],[111.319141,21.486133],[111.220605,21.493896],[111.144238,21.482227],[111.100586,21.484717],[111.061133,21.510986],[111.016895,21.511719],[110.996777,21.430273],[110.878027,21.395947],[110.771094,21.386523],[110.652148,21.279102],[110.567187,21.214062],[110.504297,21.207422],[110.458008,21.230566],[110.43457,21.326904],[110.410937,21.338135],[110.397461,21.247705],[110.374609,21.172363],[110.331152,21.131348],[110.193555,21.037646],[110.154004,20.944629],[110.180371,20.858594],[110.36543,20.837598],[110.388477,20.790527],[110.370508,20.752051],[110.326172,20.719922],[110.313086,20.67168],[110.511523,20.518262],[110.517578,20.46001],[110.486914,20.426855],[110.449512,20.35542],[110.344727,20.294824],[110.123145,20.263721],[109.938477,20.295117],[109.88252,20.364063],[109.88584,20.413135],[109.931641,20.398877],[109.983887,20.403271],[109.968359,20.448145],[109.946387,20.474365],[109.861035,20.514307],[109.791992,20.621875],[109.805273,20.711475],[109.767383,20.780713],[109.72627,20.83877],[109.684766,20.873633],[109.662598,20.916895],[109.704492,21.052734],[109.68125,21.131641],[109.760156,21.228369],[109.77959,21.337451],[109.921094,21.376465],[109.930762,21.480566],[109.82959,21.483594],[109.759375,21.560059],[109.743359,21.527979],[109.686914,21.524609],[109.594336,21.671973],[109.566406,21.690576],[109.521484,21.693408],[109.544043,21.537939],[109.435547,21.479492],[109.34668,21.453955],[109.22041,21.443408],[109.148633,21.425537],[109.081543,21.440283],[109.098145,21.487354],[109.133496,21.543604],[109.101758,21.590479],[109.030566,21.626514],[108.921777,21.624414],[108.846387,21.634473],[108.77168,21.630469],[108.743945,21.65127],[108.674512,21.724658],[108.61582,21.770459],[108.589355,21.815967],[108.61582,21.868896],[108.59375,21.901025],[108.479883,21.904639],[108.480859,21.828809],[108.492578,21.739404],[108.525684,21.671387],[108.502148,21.633447],[108.444336,21.607324],[108.382812,21.679199],[108.35459,21.696924],[108.324805,21.693506],[108.302148,21.621924],[108.246289,21.558398],[108.145605,21.565186],[108.067383,21.525977],[107.972656,21.507959]]],[[[110.88877,19.991943],[110.938281,19.947559],[110.970703,19.883301],[110.997656,19.764697],[111.013672,19.655469],[110.912695,19.586084],[110.822266,19.55791],[110.640918,19.291211],[110.603125,19.207031],[110.572168,19.171875],[110.5625,19.135156],[110.566016,19.098535],[110.519336,18.970215],[110.477637,18.812598],[110.45127,18.747949],[110.399512,18.69834],[110.333691,18.673291],[110.29082,18.669531],[110.251758,18.655762],[110.15625,18.569824],[110.048535,18.505225],[110.066406,18.475635],[110.067383,18.447559],[110.020215,18.41626],[109.967676,18.42207],[109.815625,18.39668],[109.759766,18.348291],[109.702734,18.259131],[109.681055,18.247119],[109.589551,18.226318],[109.519336,18.218262],[109.400098,18.281104],[109.340918,18.299609],[109.183203,18.325146],[109.029883,18.367773],[108.922266,18.416113],[108.701563,18.535254],[108.676074,18.750244],[108.638086,18.866309],[108.635645,18.907715],[108.65,19.265039],[108.665527,19.304102],[108.693555,19.338281],[108.791016,19.418164],[108.902832,19.481348],[109.062891,19.613574],[109.179102,19.674121],[109.27666,19.761133],[109.219531,19.757471],[109.177441,19.768457],[109.218945,19.842822],[109.263477,19.882666],[109.314844,19.904395],[109.418164,19.888818],[109.513672,19.904248],[109.584277,19.970312],[109.651367,19.984375],[109.90625,19.962744],[110.083008,19.99292],[110.171582,20.053711],[110.213379,20.056055],[110.343945,20.038818],[110.392285,19.975586],[110.387988,20.018018],[110.393555,20.059229],[110.417578,20.054736],[110.588184,19.976367],[110.58877,20.072461],[110.59834,20.097607],[110.651758,20.137744],[110.678516,20.137061],[110.744531,20.059473],[110.809082,20.014404],[110.88877,19.991943]]]]}},{"type":"Feature","id":"DE","properties":{"ISO_A2":"DE","name":"Germany"},"geometry":{"type":"MultiPolygon","coordinates":[[[[9.524023,47.524219],[9.35,47.598926],[9.182813,47.670703],[9.127539,47.670703],[8.881152,47.656396],[8.874023,47.662695],[8.831152,47.703613],[8.793066,47.716553],[8.770117,47.709912],[8.754785,47.698047],[8.72832,47.700049],[8.617871,47.766113],[8.572656,47.775635],[8.509863,47.766895],[8.435742,47.731348],[8.403418,47.687793],[8.413281,47.662695],[8.451758,47.651807],[8.552344,47.659131],[8.56709,47.651904],[8.570508,47.637793],[8.559473,47.624023],[8.477637,47.612695],[8.454004,47.596191],[8.430078,47.592139],[8.414746,47.5896],[8.327832,47.606934],[8.198242,47.606934],[8.09375,47.576172],[7.927051,47.563867],[7.698047,47.569873],[7.615625,47.592725],[7.56543,47.606543],[7.529395,47.673877],[7.538574,47.773633],[7.593262,47.905664],[7.608496,48.002588],[7.58418,48.064307],[7.616602,48.156787],[7.705664,48.280029],[7.765137,48.41001],[7.794824,48.546826],[7.837988,48.636035],[7.922754,48.698535],[8.124023,48.873291],[8.140332,48.886426],[8.134863,48.973584],[8.080664,48.985889],[8.00127,49.010937],[7.799219,49.041895],[7.610938,49.061768],[7.525488,49.086377],[7.450586,49.152197],[7.404199,49.153076],[7.313379,49.129541],[7.199902,49.113623],[7.117383,49.127539],[7.065723,49.124854],[7.036719,49.112695],[7.022168,49.123437],[7.001465,49.179883],[6.958301,49.194629],[6.891211,49.20752],[6.849512,49.201953],[6.820703,49.173926],[6.77627,49.15415],[6.735449,49.160596],[6.607617,49.290869],[6.574707,49.319678],[6.566309,49.346191],[6.534277,49.394678],[6.458105,49.442871],[6.382227,49.458154],[6.344336,49.452734],[6.348438,49.512695],[6.37832,49.599609],[6.406738,49.644971],[6.444629,49.682031],[6.484766,49.707812],[6.49375,49.754395],[6.487305,49.798486],[6.440918,49.805322],[6.324609,49.837891],[6.256055,49.872168],[6.204883,49.915137],[6.138184,49.974316],[6.109766,50.034375],[6.108301,50.094238],[6.116504,50.120996],[6.121289,50.139355],[6.175098,50.232666],[6.364453,50.316162],[6.343652,50.400244],[6.340918,50.451758],[6.294922,50.485498],[6.203027,50.499121],[6.178711,50.52251],[6.168457,50.545361],[6.235938,50.59668],[6.154492,50.637256],[6.119434,50.679248],[6.005957,50.732227],[5.993945,50.750439],[6.048438,50.904883],[6.006836,50.949951],[5.955078,50.972949],[5.894727,50.984229],[5.867188,51.005664],[5.85752,51.030127],[5.868359,51.045312],[5.939258,51.04082],[5.961035,51.056689],[6.12998,51.147412],[6.136914,51.164844],[6.113379,51.174707],[6.082422,51.17998],[6.074805,51.199023],[6.075879,51.224121],[6.166211,51.354834],[6.192871,51.410596],[6.198828,51.45],[6.193262,51.488916],[6.141602,51.550098],[6.091113,51.598926],[6.089355,51.637793],[6.052734,51.658252],[5.948535,51.762402],[5.94873,51.802686],[6.007617,51.833984],[6.089844,51.853955],[6.117188,51.87041],[6.166504,51.880762],[6.29707,51.850732],[6.355664,51.824658],[6.372168,51.830029],[6.425,51.858398],[6.517578,51.853955],[6.741797,51.910889],[6.775195,51.938281],[6.800391,51.967383],[6.802441,51.980176],[6.715625,52.036182],[6.712988,52.056885],[6.724512,52.080225],[6.749023,52.098682],[6.800391,52.11123],[6.855078,52.135791],[6.977246,52.205518],[7.019629,52.266016],[7.032617,52.331494],[7.035156,52.380225],[7.001855,52.418994],[6.968164,52.444092],[6.92207,52.440283],[6.83252,52.442285],[6.748828,52.464014],[6.70293,52.499219],[6.691602,52.530176],[6.712402,52.549658],[6.71875,52.573584],[6.705371,52.597656],[6.710742,52.617871],[6.748438,52.634082],[7.013184,52.633545],[7.033008,52.651367],[7.050879,52.744775],[7.11709,52.887012],[7.179492,52.966211],[7.189941,52.999512],[7.188965,53.187207],[7.197266,53.282275],[7.152051,53.326953],[7.05332,53.37583],[7.074316,53.477637],[7.107129,53.556982],[7.206445,53.654541],[7.285254,53.681348],[7.629199,53.697266],[8.009277,53.690723],[8.16709,53.543408],[8.108496,53.467676],[8.200781,53.432422],[8.245215,53.445312],[8.279004,53.511182],[8.301563,53.584131],[8.333887,53.606201],[8.451367,53.551709],[8.492676,53.514355],[8.495215,53.394238],[8.538477,53.556885],[8.50625,53.670752],[8.528418,53.781104],[8.575586,53.838477],[8.618945,53.875],[8.897754,53.835693],[9.205566,53.855957],[9.321973,53.813477],[9.585352,53.600488],[9.673145,53.565625],[9.783984,53.554639],[9.63125,53.600195],[9.312012,53.859131],[9.216406,53.891211],[9.069629,53.900928],[8.978125,53.926221],[8.92041,53.965332],[8.903516,54.000293],[8.906641,54.260791],[8.851562,54.299561],[8.780371,54.313037],[8.736035,54.295215],[8.644922,54.294971],[8.625781,54.353955],[8.648047,54.397656],[8.831152,54.427539],[8.951855,54.467578],[8.957227,54.53833],[8.880957,54.593945],[8.789648,54.695947],[8.682324,54.791846],[8.670313,54.903418],[8.670703,54.90332],[8.857227,54.901123],[8.90293,54.896924],[9.18584,54.844678],[9.25498,54.808008],[9.341992,54.806299],[9.49873,54.84043],[9.61582,54.85542],[9.66123,54.834375],[9.725,54.825537],[9.739746,54.825537],[9.745898,54.807178],[9.892285,54.780615],[9.953809,54.738281],[10.022168,54.673926],[10.028809,54.581299],[9.941309,54.514648],[9.868652,54.472461],[10.143457,54.488428],[10.170801,54.450195],[10.212402,54.408936],[10.360449,54.43833],[10.731543,54.31626],[10.955957,54.375684],[11.013379,54.37915],[11.064355,54.280518],[11.008594,54.181152],[10.810742,54.075146],[10.85459,54.009814],[10.917773,53.995312],[11.104297,54.00918],[11.399609,53.944629],[11.461133,53.964746],[11.700586,54.113525],[11.796289,54.145459],[12.111328,54.168311],[12.168652,54.225879],[12.296289,54.283789],[12.378516,54.347021],[12.575391,54.467383],[12.779102,54.445703],[12.898047,54.422656],[13.028613,54.411035],[13.147461,54.282715],[13.448047,54.140869],[13.724219,54.153223],[13.822266,54.019043],[13.865527,53.853369],[13.950391,53.801367],[14.025,53.767432],[14.25,53.731885],[14.258887,53.729639],[14.266113,53.707129],[14.279883,53.624756],[14.29873,53.556445],[14.414551,53.283496],[14.412305,53.216748],[14.410938,53.199023],[14.368555,53.105566],[14.293164,53.026758],[14.193652,52.982324],[14.138867,52.932861],[14.128613,52.878223],[14.253711,52.78252],[14.514063,52.645605],[14.619434,52.528516],[14.569727,52.431104],[14.55459,52.359668],[14.573926,52.31416],[14.615625,52.277637],[14.679883,52.25],[14.705371,52.207471],[14.692383,52.150049],[14.70459,52.110205],[14.752539,52.081836],[14.748145,52.070801],[14.724805,52.030859],[14.692969,51.958008],[14.674902,51.904834],[14.60166,51.832373],[14.623926,51.770801],[14.681348,51.698193],[14.724902,51.661719],[14.738672,51.627148],[14.710938,51.544922],[14.724707,51.523877],[14.905957,51.46333],[14.935547,51.435352],[14.953125,51.377148],[15.016602,51.252734],[14.963867,51.095117],[14.91748,51.00874],[14.814258,50.871631],[14.809375,50.858984],[14.797461,50.842334],[14.766504,50.818311],[14.72334,50.814697],[14.658203,50.832617],[14.613574,50.855566],[14.623828,50.914746],[14.595215,50.918604],[14.559668,50.954932],[14.545703,50.993945],[14.507324,51.009863],[14.367285,51.02627],[14.319727,51.037793],[14.283203,51.029492],[14.255859,51.001855],[14.27334,50.976904],[14.299414,50.952588],[14.377051,50.914062],[14.369043,50.89873],[14.201758,50.86123],[14.096484,50.822754],[13.998438,50.801123],[13.898535,50.761279],[13.701367,50.716504],[13.556738,50.704639],[13.526563,50.692822],[13.472559,50.616943],[13.436133,50.601074],[13.401172,50.609326],[13.374609,50.621729],[13.341016,50.611426],[13.306055,50.586328],[13.269531,50.576416],[13.237695,50.576758],[13.181152,50.510498],[13.016406,50.490381],[12.99707,50.456055],[12.966797,50.416211],[12.942676,50.406445],[12.868262,50.422217],[12.76543,50.430957],[12.706445,50.409131],[12.635547,50.39707],[12.549023,50.393408],[12.452637,50.349805],[12.358594,50.273242],[12.305664,50.205713],[12.277344,50.181445],[12.231152,50.244873],[12.174805,50.288379],[12.134863,50.310937],[12.099219,50.310986],[12.089844,50.301758],[12.089746,50.268555],[12.127832,50.213428],[12.175,50.17583],[12.18252,50.148047],[12.207813,50.09751],[12.276465,50.042334],[12.38418,49.998584],[12.457617,49.955518],[12.512012,49.895801],[12.5125,49.877441],[12.497559,49.853076],[12.471875,49.830078],[12.450195,49.800146],[12.390527,49.739648],[12.408203,49.713184],[12.457031,49.679785],[12.500293,49.639697],[12.555762,49.574854],[12.632031,49.46123],[12.681152,49.414502],[12.747852,49.366211],[12.813379,49.329346],[12.916699,49.330469],[13.02373,49.260107],[13.140527,49.15835],[13.227832,49.11167],[13.28877,49.097461],[13.339063,49.060791],[13.383691,49.008105],[13.401172,48.977588],[13.440723,48.955566],[13.547656,48.959668],[13.684961,48.876709],[13.769922,48.815967],[13.814746,48.766943],[13.80293,48.74751],[13.797461,48.686426],[13.798828,48.62168],[13.785352,48.587451],[13.723926,48.542383],[13.692188,48.532764],[13.675195,48.523047],[13.486621,48.581836],[13.47168,48.571826],[13.459863,48.564551],[13.409375,48.394141],[13.374609,48.361377],[13.322852,48.33125],[13.215234,48.301904],[13.14043,48.289941],[13.082129,48.275098],[12.897461,48.203711],[12.814258,48.16084],[12.760352,48.106982],[12.760059,48.075977],[12.849902,47.984814],[12.953516,47.890625],[12.954199,47.807764],[12.908301,47.745801],[12.897656,47.721875],[12.928125,47.712842],[12.985547,47.709424],[13.033594,47.69873],[13.054102,47.655127],[13.047949,47.57915],[13.031543,47.508008],[13.014355,47.478076],[12.968066,47.475684],[12.878906,47.506445],[12.809375,47.542187],[12.782813,47.56416],[12.781152,47.59043],[12.796191,47.607031],[12.771387,47.639404],[12.68584,47.669336],[12.594238,47.656299],[12.526563,47.636133],[12.48291,47.637305],[12.435742,47.666113],[12.363184,47.688184],[12.268359,47.702734],[12.209277,47.718262],[12.196875,47.709082],[12.203809,47.646729],[12.185645,47.619531],[11.716797,47.583496],[11.573926,47.549756],[11.469922,47.506104],[11.392969,47.487158],[11.374121,47.460254],[11.297949,47.424902],[11.211914,47.413623],[11.191211,47.425195],[11.136035,47.408887],[11.041992,47.393115],[10.980859,47.398145],[10.952148,47.426709],[10.893945,47.470459],[10.870605,47.500781],[10.873047,47.520215],[10.741602,47.524121],[10.658691,47.547217],[10.482813,47.541797],[10.439453,47.551562],[10.430371,47.541064],[10.403906,47.416992],[10.369141,47.366064],[10.312793,47.313428],[10.240625,47.284131],[10.183008,47.278809],[10.185742,47.317187],[10.200293,47.363428],[10.158789,47.374268],[10.096484,47.37959],[10.066309,47.393359],[10.074219,47.428516],[10.059863,47.449072],[10.034082,47.473584],[9.971582,47.505322],[9.83916,47.552295],[9.748926,47.575537],[9.715137,47.550781],[9.650586,47.525879],[9.548926,47.534033],[9.524023,47.524219]]],[[[13.70918,54.382715],[13.73418,54.31543],[13.707324,54.281152],[13.594922,54.338184],[13.482031,54.337402],[13.414551,54.249561],[13.364355,54.24585],[13.190039,54.325635],[13.162109,54.364551],[13.156348,54.396924],[13.18125,54.508984],[13.17666,54.544238],[13.231445,54.582764],[13.239941,54.638428],[13.336816,54.697119],[13.422754,54.699316],[13.450098,54.649609],[13.491211,54.615381],[13.636035,54.577002],[13.657617,54.55957],[13.670703,54.535449],[13.60332,54.488184],[13.580469,54.463965],[13.601855,54.425146],[13.70918,54.382715]]],[[[14.211426,53.950342],[14.198242,53.919043],[14.213672,53.870752],[14.172168,53.874365],[14.04834,53.863086],[13.925781,53.879053],[13.902148,53.938965],[13.92168,53.996631],[13.872461,54.036279],[13.827148,54.05957],[13.82041,54.092822],[13.827734,54.127246],[14.038867,54.03457],[14.211426,53.950342]]],[[[11.282813,54.417969],[11.129297,54.416016],[11.070703,54.456006],[11.011719,54.466162],[11.043457,54.515479],[11.084961,54.533398],[11.233594,54.50127],[11.280273,54.438379],[11.282813,54.417969]]],[[[8.307715,54.786963],[8.284668,54.76709],[8.295703,54.908301],[8.405176,55.05874],[8.451465,55.055371],[8.404102,55.014746],[8.39043,54.986279],[8.371191,54.929395],[8.379883,54.899854],[8.62959,54.891748],[8.600586,54.865381],[8.347363,54.847607],[8.307715,54.786963]]],[[[8.587891,54.712695],[8.548926,54.688184],[8.453809,54.691064],[8.400391,54.714111],[8.417676,54.738672],[8.468164,54.757422],[8.509961,54.760303],[8.573438,54.74873],[8.587891,54.712695]]]]}},{"type":"Feature","id":"DK","properties":{"ISO_A2":"DK","name":"Denmark"},"geometry":{"type":"MultiPolygon","coordinates":[[[[12.56875,55.785059],[12.571191,55.684961],[12.545215,55.655811],[12.507031,55.636621],[12.407129,55.61626],[12.320605,55.587842],[12.243457,55.537891],[12.215039,55.466504],[12.275391,55.414258],[12.385156,55.385645],[12.413086,55.286182],[12.322461,55.237109],[12.089941,55.188135],[12.065527,55.069922],[12.073047,54.976758],[12.068848,54.909033],[12.050391,54.815332],[11.862305,54.772607],[11.740918,54.915332],[11.739844,54.972461],[11.703613,55.03916],[11.696777,55.095996],[11.653809,55.186914],[11.475879,55.211523],[11.406836,55.214746],[11.310254,55.197852],[11.286328,55.204443],[11.170703,55.328613],[11.189746,55.465625],[11.128027,55.534766],[11.119531,55.566064],[11.120996,55.600732],[11.070312,55.629297],[11.008789,55.644434],[10.978906,55.721533],[11.049609,55.740234],[11.224414,55.731201],[11.275488,55.736475],[11.322266,55.752539],[11.463672,55.879297],[11.45957,55.907227],[11.474707,55.943457],[11.627734,55.956885],[11.695898,55.90791],[11.682227,55.829492],[11.690918,55.729004],[11.783594,55.70166],[11.819727,55.697656],[11.858301,55.771875],[11.885352,55.807959],[11.92207,55.828076],[11.93457,55.895898],[11.912793,55.937305],[11.866406,55.968164],[12.039648,56.052148],[12.218945,56.118652],[12.323242,56.122119],[12.428223,56.105859],[12.525781,56.083398],[12.578711,56.064062],[12.608398,56.033008],[12.542969,55.958984],[12.524805,55.918457],[12.56875,55.785059]]],[[[9.739746,54.825537],[9.725,54.825537],[9.66123,54.834375],[9.61582,54.85542],[9.49873,54.84043],[9.341992,54.806299],[9.25498,54.808008],[9.18584,54.844678],[8.90293,54.896924],[8.857227,54.901123],[8.670703,54.90332],[8.670313,54.903418],[8.661426,54.985937],[8.638281,55.045557],[8.572949,55.134277],[8.669824,55.155664],[8.651074,55.328564],[8.615918,55.418213],[8.345313,55.510303],[8.132129,55.599805],[8.181348,55.901172],[8.202344,55.982373],[8.121484,56.139893],[8.129883,56.321191],[8.163965,56.606885],[8.231738,56.618066],[8.281445,56.616699],[8.473145,56.56543],[8.55293,56.560303],[8.607617,56.514502],[8.67168,56.495654],[8.718066,56.544287],[8.736133,56.627441],[8.888086,56.735059],[8.994531,56.774805],[9.06709,56.793848],[9.140332,56.750439],[9.196387,56.70166],[9.209668,56.808398],[9.254883,57.011719],[9.110449,57.043652],[8.992773,57.016113],[8.876074,56.887256],[8.771973,56.725293],[8.603125,56.7104],[8.468359,56.664551],[8.34668,56.712109],[8.268262,56.754004],[8.266309,56.815332],[8.284082,56.852344],[8.427051,56.984424],[8.618555,57.111279],[8.811523,57.110059],[8.952246,57.150586],[9.036328,57.15542],[9.298828,57.146533],[9.433594,57.174316],[9.554297,57.232471],[9.815137,57.478418],[9.962305,57.580957],[10.259082,57.617041],[10.533301,57.7354],[10.609961,57.736914],[10.480957,57.648682],[10.460254,57.614551],[10.444629,57.562207],[10.537109,57.448535],[10.517578,57.379346],[10.524121,57.243213],[10.436914,57.172266],[10.338477,57.021338],[10.296094,56.999121],[10.287012,56.822949],[10.29668,56.780908],[10.282715,56.620508],[10.383594,56.554834],[10.490234,56.520508],[10.845898,56.521729],[10.882812,56.492871],[10.926172,56.443262],[10.894434,56.359033],[10.856445,56.295508],[10.753418,56.241992],[10.621191,56.2021],[10.538965,56.200342],[10.426953,56.276172],[10.37373,56.251562],[10.31875,56.212891],[10.22666,56.005371],[10.183008,55.865186],[10.159375,55.853809],[10.107324,55.874463],[10.017383,55.876074],[9.903711,55.842822],[9.962012,55.813086],[10.023633,55.761426],[9.999023,55.735547],[9.899023,55.707568],[9.810352,55.650977],[9.773242,55.608154],[9.661426,55.557471],[9.591113,55.493213],[9.625586,55.413574],[9.640234,55.343652],[9.670996,55.266406],[9.643262,55.204736],[9.504785,55.11626],[9.453711,55.039551],[9.572363,55.040527],[9.64541,55.022803],[9.688184,55.000146],[9.732324,54.968018],[9.705273,54.92832],[9.739746,54.825537]]],[[[10.645117,55.609814],[10.686816,55.557617],[10.738086,55.446338],[10.819238,55.321875],[10.785352,55.269775],[10.808398,55.203027],[10.785254,55.133398],[10.623828,55.052441],[10.442773,55.048779],[10.25459,55.087891],[9.98877,55.163184],[9.967383,55.205469],[9.930078,55.228906],[9.858984,55.357227],[9.860645,55.515479],[9.994238,55.535303],[10.286133,55.61084],[10.353613,55.598975],[10.424023,55.560352],[10.505078,55.558057],[10.622754,55.612842],[10.645117,55.609814]]],[[[11.361426,54.89165],[11.538379,54.82959],[11.658105,54.833154],[11.739551,54.807422],[11.758984,54.767676],[11.765918,54.679443],[11.680371,54.653711],[11.585938,54.662451],[11.457422,54.628857],[11.035547,54.773096],[11.041699,54.893359],[11.058594,54.940576],[11.258496,54.951807],[11.361426,54.89165]]],[[[10.734082,54.750732],[10.689746,54.745068],[10.629492,54.826074],[10.62168,54.851416],[10.69248,54.903271],[10.738281,54.962012],[10.856738,55.052197],[10.925,55.157861],[10.951074,55.156201],[10.920801,55.062109],[10.765234,54.799658],[10.734082,54.750732]]],[[[12.549219,54.965771],[12.511035,54.950879],[12.35752,54.961816],[12.184473,54.89248],[12.118848,54.914404],[12.143652,54.958691],[12.161719,54.974805],[12.219922,54.993604],[12.258789,55.021094],[12.274023,55.064111],[12.310059,55.040918],[12.417188,55.031201],[12.469531,55.01748],[12.513281,54.997314],[12.549219,54.965771]]],[[[12.665723,55.596533],[12.571582,55.554004],[12.550879,55.55625],[12.520313,55.6146],[12.569922,55.650098],[12.599219,55.680225],[12.62002,55.679346],[12.648438,55.646777],[12.665723,55.596533]]],[[[10.484375,54.847559],[10.417285,54.837158],[10.340527,54.858936],[10.215625,54.940967],[10.199902,54.962744],[10.265527,54.948828],[10.346973,54.905957],[10.413672,54.896826],[10.504883,54.860547],[10.484375,54.847559]]],[[[10.06123,54.886377],[9.957129,54.872461],[9.903906,54.896631],[9.80625,54.906006],[9.771191,55.059912],[9.78125,55.069043],[9.830371,55.058252],[9.998828,54.986475],[10.057715,54.90791],[10.06123,54.886377]]],[[[10.607324,55.783057],[10.590332,55.765088],[10.526953,55.783789],[10.520313,55.848486],[10.544336,55.906592],[10.516113,55.958545],[10.547168,55.991943],[10.636328,55.91416],[10.661719,55.877588],[10.627344,55.833887],[10.607324,55.783057]]],[[[11.052148,57.252539],[11.011426,57.229102],[10.873828,57.262256],[10.93457,57.308594],[11.085742,57.329932],[11.174512,57.3229],[11.076855,57.276904],[11.052148,57.252539]]],[[[15.087695,55.021875],[15.050781,55.004932],[14.885547,55.032959],[14.68418,55.102246],[14.713672,55.238037],[14.765332,55.296729],[15.132617,55.144531],[15.137109,55.087158],[15.087695,55.021875]]]]}},{"type":"Feature","id":"ES","properties":{"ISO_A2":"ES","name":"Spain"},"geometry":{"type":"MultiPolygon","coordinates":[[[[1.593945,38.67207],[1.571191,38.658838],[1.50498,38.670996],[1.405762,38.670996],[1.401953,38.711426],[1.417188,38.739648],[1.436328,38.768213],[1.496875,38.711914],[1.592676,38.701465],[1.593945,38.67207]]],[[[3.145313,39.790088],[3.241113,39.756689],[3.342188,39.786719],[3.395898,39.777295],[3.448926,39.76123],[3.461816,39.697754],[3.414648,39.627148],[3.34873,39.555664],[3.292969,39.477051],[3.244727,39.386621],[3.15459,39.333252],[3.072852,39.30127],[2.900098,39.368359],[2.799805,39.385059],[2.769824,39.410254],[2.745996,39.510254],[2.700586,39.542139],[2.634082,39.556201],[2.575879,39.530664],[2.499512,39.477881],[2.458789,39.530469],[2.394336,39.540381],[2.37002,39.57207],[2.371289,39.613086],[2.784961,39.854834],[2.904785,39.908301],[3.158691,39.970508],[3.197559,39.961084],[3.164453,39.924219],[3.166992,39.907715],[3.198633,39.889844],[3.190918,39.861377],[3.158691,39.836572],[3.145313,39.790088]]],[[[4.293652,39.841846],[4.275293,39.830273],[3.967676,39.94585],[3.867188,39.95874],[3.842676,39.976367],[3.84541,40.036475],[3.853418,40.063037],[4.05918,40.075098],[4.225781,40.032373],[4.315137,39.917236],[4.32207,39.89751],[4.293652,39.841846]]],[[[1.445215,38.918701],[1.408984,38.857275],[1.256934,38.879004],[1.22334,38.903857],[1.25625,38.973389],[1.299805,38.981738],[1.302539,39.031152],[1.348633,39.080811],[1.564453,39.121045],[1.613184,39.087402],[1.623633,39.038818],[1.494531,38.93252],[1.445215,38.918701]]],[[[-1.794043,43.407324],[-1.792725,43.372559],[-1.753271,43.324707],[-1.712842,43.307031],[-1.627148,43.282471],[-1.561475,43.279199],[-1.471729,43.267676],[-1.410693,43.240088],[-1.407324,43.197119],[-1.422607,43.149121],[-1.459424,43.10498],[-1.480469,43.071143],[-1.46084,43.051758],[-1.42876,43.036768],[-1.394043,43.032617],[-1.370508,43.037598],[-1.352734,43.064258],[-1.318848,43.096973],[-1.300049,43.100977],[-1.301562,43.082471],[-1.285449,43.059619],[-1.175439,43.021143],[-0.933838,42.949512],[-0.839209,42.948193],[-0.762646,42.939795],[-0.740186,42.909521],[-0.586426,42.798975],[-0.549805,42.802002],[-0.481152,42.799316],[-0.398438,42.808105],[-0.338574,42.828809],[-0.299316,42.825342],[-0.256055,42.803955],[-0.205322,42.785303],[-0.140039,42.748926],[-0.081494,42.703857],[-0.041162,42.689111],[0.201367,42.719336],[0.255469,42.69292],[0.312891,42.693262],[0.377246,42.700146],[0.517676,42.686279],[0.631641,42.6896],[0.641992,42.700635],[0.651758,42.800439],[0.669824,42.835742],[0.696875,42.845117],[0.764453,42.838037],[1.010059,42.778955],[1.111133,42.742041],[1.208301,42.713135],[1.293262,42.709961],[1.349414,42.690674],[1.42832,42.595898],[1.414844,42.548389],[1.421973,42.530811],[1.430273,42.497852],[1.428125,42.461328],[1.448828,42.437451],[1.48623,42.434473],[1.534082,42.441699],[1.586426,42.455957],[1.678516,42.49668],[1.706055,42.50332],[1.859766,42.45708],[1.92793,42.426318],[1.951465,42.392773],[1.986523,42.358496],[2.032715,42.353516],[2.09834,42.386084],[2.200391,42.420947],[2.374414,42.390283],[2.567969,42.345801],[2.65166,42.340479],[2.654785,42.362109],[2.67002,42.393018],[2.701855,42.408496],[2.749414,42.413037],[2.815625,42.429248],[2.891406,42.456055],[2.97002,42.467236],[3.052637,42.447217],[3.152148,42.431006],[3.211426,42.431152],[3.239844,42.367871],[3.287891,42.343701],[3.306738,42.288965],[3.218652,42.260352],[3.166406,42.256494],[3.150391,42.162451],[3.175195,42.135986],[3.224609,42.111133],[3.238086,42.082227],[3.248047,41.944238],[3.146875,41.861035],[3.004883,41.767432],[2.310938,41.466504],[2.145605,41.320752],[2.082617,41.287402],[1.566602,41.195605],[1.205859,41.097559],[1.03291,41.062061],[0.816895,40.891602],[0.714648,40.822852],[0.796094,40.803809],[0.891113,40.722363],[0.85918,40.68623],[0.720605,40.630469],[0.660059,40.61333],[0.627148,40.622217],[0.596094,40.614502],[0.363672,40.319043],[0.158398,40.106592],[0.043066,40.013965],[-0.075146,39.875928],[-0.327002,39.519873],[-0.328955,39.41709],[-0.204932,39.062598],[-0.133789,38.969482],[-0.034131,38.891211],[0.154883,38.824658],[0.201563,38.75918],[0.136328,38.696777],[-0.052734,38.585693],[-0.38125,38.435645],[-0.520801,38.317285],[-0.550684,38.203125],[-0.646777,38.151855],[-0.683203,37.992041],[-0.741553,37.886133],[-0.752734,37.850244],[-0.814648,37.769922],[-0.823096,37.711621],[-0.721582,37.631055],[-0.771875,37.59624],[-0.822168,37.580762],[-0.938086,37.571338],[-1.327539,37.561133],[-1.640967,37.386963],[-1.797607,37.232861],[-1.939307,36.94585],[-2.111523,36.77666],[-2.187695,36.745459],[-2.305566,36.819824],[-2.452832,36.831152],[-2.595703,36.806494],[-2.670605,36.747559],[-2.787549,36.714746],[-2.901855,36.743164],[-3.14917,36.758496],[-3.259131,36.755762],[-3.43125,36.70791],[-3.578809,36.739844],[-3.827783,36.756055],[-4.366846,36.718115],[-4.434863,36.700244],[-4.502246,36.62915],[-4.674121,36.506445],[-4.935303,36.502051],[-5.171484,36.423779],[-5.230518,36.373633],[-5.329687,36.235742],[-5.360937,36.134912],[-5.381592,36.134082],[-5.407227,36.158887],[-5.443604,36.150586],[-5.4625,36.073779],[-5.55127,36.038818],[-5.625488,36.025928],[-5.808398,36.08833],[-5.960693,36.181738],[-6.040674,36.188428],[-6.170459,36.333789],[-6.22627,36.426465],[-6.265918,36.526514],[-6.257715,36.564844],[-6.268945,36.596729],[-6.384131,36.637012],[-6.412256,36.728857],[-6.32832,36.848145],[-6.259424,36.898975],[-6.216797,36.913574],[-6.320947,36.908496],[-6.396191,36.831641],[-6.492432,36.954639],[-6.884619,37.194238],[-6.859375,37.24917],[-6.86377,37.278906],[-6.929492,37.214941],[-6.974658,37.198437],[-7.174951,37.208789],[-7.406152,37.179443],[-7.467187,37.428027],[-7.496045,37.523584],[-7.503516,37.585498],[-7.443945,37.728271],[-7.378906,37.786377],[-7.292236,37.906445],[-7.185449,38.006348],[-7.07251,38.030029],[-7.022852,38.044727],[-6.981104,38.121973],[-6.957568,38.187891],[-6.974805,38.194434],[-7.106396,38.181006],[-7.343018,38.457422],[-7.335791,38.501465],[-7.305957,38.566846],[-7.286377,38.649365],[-7.281543,38.714551],[-7.219922,38.770508],[-7.125488,38.826953],[-7.046045,38.907031],[-7.00625,38.985254],[-6.997949,39.056445],[-7.042969,39.10708],[-7.172412,39.135205],[-7.305762,39.338135],[-7.335449,39.465137],[-7.362695,39.47832],[-7.445117,39.536182],[-7.524219,39.644727],[-7.535693,39.661572],[-7.454102,39.680664],[-7.117676,39.681689],[-7.047412,39.705566],[-7.036719,39.713965],[-6.975391,39.798389],[-6.911182,39.937109],[-6.896094,40.021826],[-6.916406,40.056836],[-7.027832,40.142627],[-7.032617,40.16792],[-7.014697,40.20835],[-6.948437,40.251611],[-6.858887,40.300732],[-6.810156,40.343115],[-6.821777,40.37627],[-6.847949,40.410986],[-6.852051,40.443262],[-6.835693,40.483154],[-6.829834,40.619092],[-6.818359,40.654053],[-6.835889,40.77749],[-6.857715,40.87832],[-6.928467,41.009131],[-6.915527,41.038037],[-6.882812,41.062402],[-6.775781,41.107715],[-6.690137,41.214502],[-6.565918,41.303711],[-6.403125,41.375391],[-6.289355,41.455029],[-6.244336,41.515918],[-6.2125,41.532031],[-6.22168,41.560449],[-6.243115,41.601807],[-6.308057,41.642187],[-6.391699,41.665381],[-6.484668,41.664404],[-6.542187,41.67251],[-6.558984,41.704053],[-6.552588,41.789551],[-6.55752,41.874121],[-6.575342,41.913086],[-6.618262,41.942383],[-6.703613,41.93457],[-6.777295,41.958496],[-6.833203,41.96416],[-6.865527,41.945264],[-7.030469,41.950635],[-7.099121,41.964209],[-7.147119,41.981152],[-7.17793,41.97168],[-7.195361,41.955225],[-7.19834,41.929395],[-7.209619,41.895264],[-7.268555,41.864404],[-7.403613,41.833691],[-7.512598,41.835986],[-7.612598,41.857959],[-7.644678,41.873975],[-7.693066,41.888477],[-7.896387,41.870557],[-7.92085,41.883643],[-7.990967,41.851904],[-8.094434,41.814209],[-8.15249,41.811963],[-8.173535,41.819971],[-8.18125,41.836963],[-8.224756,41.89585],[-8.21333,41.9271],[-8.12998,42.018164],[-8.139307,42.039941],[-8.173584,42.069385],[-8.204199,42.111865],[-8.213086,42.133691],[-8.266064,42.137402],[-8.322559,42.115088],[-8.538086,42.069336],[-8.589648,42.052734],[-8.682959,42.008496],[-8.777148,41.941064],[-8.852344,41.926904],[-8.87832,41.946875],[-8.887207,42.105273],[-8.772461,42.210596],[-8.690918,42.27417],[-8.729199,42.287012],[-8.81582,42.285254],[-8.809961,42.334473],[-8.769385,42.358154],[-8.730029,42.411719],[-8.776172,42.434814],[-8.812109,42.470068],[-8.809912,42.562354],[-8.799902,42.599902],[-8.811523,42.640332],[-8.987793,42.585645],[-9.033105,42.593848],[-9.035059,42.662354],[-8.937207,42.766699],[-8.927197,42.798584],[-9.041602,42.814014],[-9.127197,42.865234],[-9.179443,42.910986],[-9.235205,42.976904],[-9.235645,43.035791],[-9.178076,43.174023],[-9.095557,43.214209],[-9.024512,43.238965],[-8.873682,43.334424],[-8.665625,43.316602],[-8.537061,43.337061],[-8.421582,43.38584],[-8.355469,43.396826],[-8.248926,43.439404],[-8.252295,43.496924],[-8.288867,43.5396],[-8.256738,43.579883],[-8.137158,43.629053],[-8.004687,43.694385],[-7.852734,43.706982],[-7.698145,43.764551],[-7.59458,43.727344],[-7.503613,43.739941],[-7.399316,43.695801],[-7.261963,43.594629],[-7.060986,43.553955],[-6.900684,43.585645],[-6.617285,43.592383],[-6.475684,43.578906],[-6.224121,43.603857],[-6.080127,43.594922],[-5.84668,43.645068],[-5.66582,43.582471],[-5.315723,43.553174],[-5.105273,43.501855],[-4.523047,43.415723],[-4.312793,43.414746],[-4.015332,43.463086],[-3.889355,43.499414],[-3.774023,43.477881],[-3.604639,43.519482],[-3.523633,43.511035],[-3.417871,43.451709],[-3.045605,43.371582],[-2.947705,43.439697],[-2.875049,43.454443],[-2.60708,43.412744],[-2.337109,43.328027],[-2.19668,43.321924],[-1.991309,43.345068],[-1.828516,43.40083],[-1.794043,43.407324]]],[[[-16.334473,28.379932],[-16.418213,28.151416],[-16.49624,28.061914],[-16.542773,28.03208],[-16.658008,28.007178],[-16.794727,28.14917],[-16.866016,28.293262],[-16.905322,28.3396],[-16.843066,28.376123],[-16.752051,28.369824],[-16.556836,28.400488],[-16.517432,28.412695],[-16.318994,28.558203],[-16.123633,28.575977],[-16.119141,28.528271],[-16.334473,28.379932]]],[[[-13.715967,28.91123],[-13.783984,28.845459],[-13.859912,28.869092],[-13.823633,29.01333],[-13.788184,29.056104],[-13.650098,29.118994],[-13.535059,29.144287],[-13.501416,29.21123],[-13.463574,29.237207],[-13.422949,29.19751],[-13.45376,29.151367],[-13.47793,29.006592],[-13.554688,28.960205],[-13.715967,28.91123]]],[[[-14.196777,28.169287],[-14.332617,28.056006],[-14.468604,28.082373],[-14.491797,28.100928],[-14.355566,28.129687],[-14.231982,28.21582],[-14.152588,28.406641],[-14.028369,28.617432],[-14.003369,28.706689],[-13.95415,28.741455],[-13.886279,28.744678],[-13.857227,28.738037],[-13.827148,28.691211],[-13.827588,28.585156],[-13.862988,28.409326],[-13.928027,28.253467],[-14.196777,28.169287]]],[[[-15.400586,28.147363],[-15.406689,28.070508],[-15.383154,27.992822],[-15.38916,27.874707],[-15.436768,27.810693],[-15.559375,27.746973],[-15.655762,27.758398],[-15.710303,27.784082],[-15.807324,27.887549],[-15.809473,27.994482],[-15.720947,28.06416],[-15.682764,28.154053],[-15.452783,28.136914],[-15.432715,28.154248],[-15.415479,28.159326],[-15.400586,28.147363]]],[[[-17.184668,28.021973],[-17.225391,28.013525],[-17.273926,28.038281],[-17.324902,28.117676],[-17.290332,28.176318],[-17.258594,28.203174],[-17.214355,28.199268],[-17.129639,28.155957],[-17.10376,28.111133],[-17.101074,28.083447],[-17.184668,28.021973]]],[[[-17.887939,27.80957],[-17.984766,27.646387],[-18.106592,27.707471],[-18.135937,27.72793],[-18.160547,27.761475],[-18.043359,27.768115],[-17.924512,27.850146],[-17.887939,27.80957]]],[[[-17.834277,28.493213],[-17.859375,28.485693],[-17.882129,28.5646],[-18.000781,28.758252],[-17.928809,28.84458],[-17.797559,28.846777],[-17.744531,28.786572],[-17.726562,28.724463],[-17.751611,28.688574],[-17.744385,28.616016],[-17.758008,28.569092],[-17.834277,28.493213]]]]}},{"type":"Feature","id":"FI","properties":{"ISO_A2":"FI","name":"Finland"},"geometry":{"type":"MultiPolygon","coordinates":[[[[24.155469,65.805273],[24.049023,65.989844],[23.994629,66.060352],[23.907324,66.148242],[23.751465,66.191162],[23.720996,66.21543],[23.700293,66.252637],[23.693555,66.304297],[23.673828,66.380713],[23.682031,66.443408],[23.701172,66.480762],[23.768359,66.505859],[23.865527,66.576611],[23.88584,66.628027],[23.894141,66.706885],[23.938867,66.775732],[23.988574,66.810547],[23.976074,66.838232],[23.941797,66.877832],[23.869336,66.934033],[23.758984,67.002588],[23.677344,67.068115],[23.641504,67.129395],[23.623047,67.184131],[23.626074,67.233936],[23.656641,67.267822],[23.760938,67.310498],[23.774902,67.328613],[23.733594,67.4229],[23.66084,67.440039],[23.537109,67.44917],[23.468066,67.449951],[23.454883,67.460254],[23.451465,67.479199],[23.46543,67.517871],[23.504492,67.562158],[23.537012,67.590381],[23.541309,67.614307],[23.500195,67.696191],[23.487793,67.796582],[23.501855,67.875195],[23.63291,67.933203],[23.638867,67.954395],[23.474219,68.017334],[23.355469,68.088672],[23.318555,68.130322],[23.18252,68.136621],[23.097852,68.257568],[22.975391,68.316455],[22.854102,68.367334],[22.782422,68.391016],[22.362109,68.464062],[22.195117,68.477979],[21.997461,68.520605],[21.850195,68.574121],[21.724023,68.608545],[21.616016,68.650977],[21.46543,68.690674],[21.422363,68.724609],[21.259766,68.787451],[21.183398,68.828809],[20.918555,68.906934],[20.908984,68.937744],[20.907031,68.96748],[20.895117,68.979834],[20.622168,69.036865],[20.675879,69.069482],[20.889258,69.071436],[21.065723,69.041748],[21.104492,69.054443],[21.127832,69.080811],[21.052637,69.186572],[21.066113,69.214111],[21.14375,69.247266],[21.266797,69.273682],[21.46123,69.27749],[21.59375,69.273584],[21.621777,69.270703],[21.819727,69.154492],[21.989453,69.041113],[22.079688,68.992773],[22.300391,68.855859],[22.38291,68.776611],[22.410938,68.719873],[22.500684,68.720215],[22.811035,68.695312],[23.07168,68.674365],[23.144336,68.642578],[23.324023,68.648975],[23.4625,68.677637],[23.707031,68.713867],[23.772559,68.758398],[23.854004,68.805908],[23.997363,68.798438],[24.154102,68.760889],[24.332031,68.711523],[24.490527,68.688672],[24.703223,68.652832],[24.802441,68.606494],[24.941406,68.593262],[25.086914,68.6396],[25.172852,68.765283],[25.249121,68.821338],[25.357129,68.862451],[25.480859,68.880615],[25.575293,68.887158],[25.64668,68.919141],[25.74834,68.990137],[25.768164,69.076123],[25.748633,69.231445],[25.767188,69.282666],[25.850195,69.366504],[25.961523,69.588623],[26.011523,69.652637],[26.072461,69.691553],[26.156152,69.714697],[26.308203,69.781934],[26.525391,69.915039],[26.584277,69.926318],[26.740234,69.933057],[26.934277,69.928125],[27.108691,69.904687],[27.127539,69.906494],[27.205664,69.918701],[27.348047,69.960059],[27.591699,70.042236],[27.747852,70.064844],[27.889941,70.06167],[28.047266,69.97168],[28.269141,69.871436],[28.411719,69.822754],[28.800391,69.731494],[29.141602,69.671436],[29.333398,69.472998],[29.238867,69.393945],[29.191797,69.366699],[29.024902,69.287988],[28.846289,69.176904],[28.832617,69.118994],[28.891895,69.060596],[28.96582,69.021973],[28.898926,69.009668],[28.692188,68.961035],[28.566016,68.928223],[28.414062,68.90415],[28.453516,68.872266],[28.705957,68.865527],[28.744824,68.856445],[28.772852,68.840039],[28.777637,68.813818],[28.752051,68.771436],[28.479297,68.537646],[28.470703,68.488379],[28.560156,68.351367],[28.685156,68.189795],[29.062988,68.117969],[29.343848,68.061865],[29.524219,67.929102],[29.821582,67.754004],[29.979199,67.688574],[29.988086,67.668262],[29.941211,67.547461],[29.750586,67.426416],[29.572266,67.324365],[29.387695,67.201416],[29.243359,67.096582],[29.087012,66.970947],[29.069043,66.930225],[29.066211,66.891748],[29.093066,66.849219],[29.293262,66.695508],[29.371191,66.617041],[29.464355,66.532178],[29.544336,66.439697],[29.590723,66.356836],[29.670898,66.276123],[29.720703,66.234863],[29.803516,66.177051],[29.903418,66.091064],[29.936621,66.022949],[30.0875,65.786523],[30.102734,65.72627],[30.095313,65.681689],[30.029004,65.670703],[29.882617,65.663623],[29.723926,65.634375],[29.715918,65.624561],[29.819434,65.56875],[29.728027,65.473438],[29.714844,65.336963],[29.617188,65.265332],[29.608008,65.248682],[29.612402,65.234766],[29.629688,65.223877],[29.810547,65.204736],[29.826172,65.185303],[29.826953,65.145068],[29.81084,65.10791],[29.72002,65.080322],[29.622461,65.039502],[29.600879,65.001953],[29.604199,64.968408],[29.6375,64.911768],[29.70166,64.845752],[29.783203,64.804297],[30.072852,64.765039],[30.110254,64.732568],[30.126172,64.688086],[30.120117,64.644629],[29.985547,64.557715],[29.986621,64.524268],[30.041895,64.443359],[30.108105,64.366113],[30.390625,64.282422],[30.487891,64.236523],[30.51377,64.2],[30.52793,64.141113],[30.526074,64.077295],[30.503906,64.020605],[30.415332,63.94751],[30.210254,63.80332],[30.004102,63.747314],[29.991504,63.735156],[30.055371,63.689014],[30.418555,63.504053],[30.655273,63.41748],[30.974805,63.300635],[31.180859,63.208301],[31.247461,63.141895],[31.336719,63.068066],[31.437012,63.007715],[31.509277,62.955322],[31.536523,62.921631],[31.533984,62.8854],[31.437305,62.776123],[31.382422,62.69165],[31.285645,62.567822],[31.186719,62.481396],[30.935742,62.323779],[30.565625,62.127588],[30.479688,62.068213],[30.306445,61.964844],[30.009961,61.757373],[29.933203,61.711572],[29.690137,61.546094],[29.579395,61.493457],[29.492383,61.444238],[29.25166,61.287793],[28.992969,61.169043],[28.739063,61.05874],[28.662891,61.002832],[28.568164,60.960205],[28.455078,60.919629],[28.407422,60.896924],[28.151953,60.74585],[27.797656,60.536133],[27.761621,60.532861],[27.669336,60.498975],[27.525098,60.490771],[27.462402,60.464844],[27.241895,60.538672],[27.205273,60.543457],[27.075586,60.525146],[26.951172,60.471484],[26.721484,60.455078],[26.607422,60.437695],[26.534668,60.412891],[26.519727,60.471582],[26.551172,60.545996],[26.601758,60.595605],[26.606445,60.62793],[26.569336,60.624561],[26.495801,60.551807],[26.456445,60.466797],[26.377734,60.424072],[26.204688,60.406592],[26.036035,60.474902],[25.955957,60.474219],[26.00625,60.425293],[26.040234,60.371582],[26.03584,60.341504],[25.945898,60.346777],[25.845801,60.3146],[25.758008,60.267529],[25.71543,60.267432],[25.656445,60.333203],[25.548242,60.30249],[25.455762,60.26123],[25.267871,60.24834],[25.155859,60.194092],[24.957617,60.157471],[24.84873,60.15835],[24.600488,60.114258],[24.517969,60.046289],[24.445605,60.021289],[24.342578,60.042334],[24.025195,60.00918],[23.721777,59.965674],[23.592676,59.968164],[23.463574,59.98623],[23.326758,59.925781],[23.181445,59.844922],[23.021289,59.816016],[22.963867,59.826367],[23.009766,59.868799],[23.115723,59.912695],[23.188477,59.972217],[23.198438,60.021826],[23.148438,60.041309],[23.080176,60.047266],[22.994141,60.098535],[22.911719,60.209717],[22.86709,60.21582],[22.844434,60.186621],[22.819141,60.101367],[22.793457,60.076807],[22.749805,60.057275],[22.697363,60.037598],[22.646191,60.028027],[22.462695,60.029199],[22.438574,60.072266],[22.438574,60.090283],[22.471094,60.146973],[22.442676,60.156885],[22.469727,60.201318],[22.512988,60.198926],[22.564258,60.205518],[22.589941,60.228369],[22.587988,60.255664],[22.516699,60.262744],[22.512305,60.281348],[22.575879,60.359082],[22.584961,60.380566],[22.560352,60.38501],[22.520508,60.376562],[22.25791,60.400928],[21.933984,60.500293],[21.854297,60.50542],[21.805273,60.594141],[21.727148,60.58291],[21.613281,60.530957],[21.527832,60.57041],[21.436035,60.596387],[21.410645,60.636963],[21.411914,60.696826],[21.404004,60.767432],[21.378906,60.850049],[21.360547,60.96748],[21.377734,61.059229],[21.450977,61.127148],[21.479102,61.170508],[21.513477,61.281201],[21.521191,61.41084],[21.501758,61.45498],[21.506641,61.484326],[21.565039,61.484326],[21.552344,61.509521],[21.52666,61.523291],[21.498242,61.551953],[21.522461,61.567139],[21.592383,61.568213],[21.598047,61.577881],[21.605957,61.591553],[21.551855,61.666846],[21.545605,61.702734],[21.470508,61.81167],[21.384863,61.914941],[21.255957,61.989648],[21.30166,62.112646],[21.353711,62.223828],[21.343359,62.277393],[21.323438,62.342578],[21.165625,62.414062],[21.142188,62.514795],[21.103613,62.622949],[21.118164,62.689258],[21.143848,62.73999],[21.195703,62.790527],[21.45752,62.95],[21.473535,63.033252],[21.650977,63.039307],[21.568652,63.113721],[21.549219,63.155518],[21.545117,63.204297],[21.800391,63.237695],[21.895703,63.210254],[22.120313,63.244141],[22.319727,63.310449],[22.316211,63.345654],[22.285547,63.377197],[22.243262,63.437939],[22.273242,63.454785],[22.345996,63.442383],[22.312598,63.472559],[22.318652,63.504395],[22.398047,63.491162],[22.527637,63.57998],[22.532324,63.647852],[22.75625,63.68335],[23.014453,63.821826],[23.133594,63.864941],[23.24873,63.896143],[23.493945,64.034473],[23.598926,64.040918],[23.65293,64.13418],[23.861426,64.258252],[23.924805,64.274121],[24.022266,64.385986],[24.27832,64.515283],[24.440625,64.680127],[24.530176,64.738672],[24.55791,64.801025],[24.657617,64.806299],[24.747559,64.8521],[24.942188,64.884033],[25.134277,64.875195],[25.214258,64.853467],[25.288184,64.860352],[25.280762,64.916406],[25.228027,64.951025],[25.271094,64.984277],[25.372656,65.009473],[25.362305,65.065137],[25.340234,65.098633],[25.255859,65.143262],[25.297852,65.243213],[25.30791,65.352734],[25.347852,65.479248],[25.241797,65.546289],[24.839355,65.660352],[24.764258,65.656396],[24.674902,65.670703],[24.581543,65.757129],[24.623242,65.831689],[24.628027,65.85918],[24.591602,65.85835],[24.532617,65.822021],[24.404297,65.780469],[24.2375,65.812354],[24.155469,65.805273]]],[[[21.994238,60.33667],[21.921484,60.332275],[21.818652,60.381836],[21.805664,60.401221],[21.845996,60.412451],[21.819336,60.452295],[21.827246,60.469922],[21.906836,60.438477],[21.950293,60.401709],[21.907813,60.393164],[21.979785,60.355225],[21.994238,60.33667]]],[[[21.217773,63.241309],[21.228516,63.222656],[21.287109,63.227783],[21.366016,63.261768],[21.421973,63.245898],[21.415625,63.197363],[21.377637,63.199219],[21.367188,63.207227],[21.318457,63.179492],[21.309766,63.162695],[21.253418,63.152002],[21.149316,63.199463],[21.083887,63.277539],[21.236328,63.277734],[21.221777,63.259131],[21.217773,63.241309]]],[[[22.175098,60.370752],[22.301758,60.347559],[22.35498,60.355859],[22.415527,60.303369],[22.312891,60.269971],[22.305762,60.228564],[22.346289,60.202832],[22.360547,60.165576],[22.258301,60.165625],[22.209375,60.196973],[22.188086,60.236768],[22.140527,60.264893],[22.077148,60.286328],[22.108203,60.314893],[22.125879,60.355859],[22.175098,60.370752]]],[[[21.450879,60.52959],[21.436914,60.483057],[21.369043,60.488232],[21.3,60.479785],[21.244336,60.525977],[21.214551,60.603857],[21.224707,60.620605],[21.268066,60.638281],[21.30127,60.595557],[21.450879,60.52959]]],[[[21.833203,60.140527],[21.733105,60.106152],[21.69502,60.114355],[21.704785,60.172314],[21.764258,60.198828],[21.864355,60.201807],[21.833203,60.140527]]],[[[21.62832,60.107812],[21.540625,60.0979],[21.486035,60.126807],[21.506738,60.14834],[21.567969,60.172314],[21.634082,60.168994],[21.648145,60.140869],[21.62832,60.107812]]],[[[24.848242,64.991016],[24.698926,64.957813],[24.578613,64.978564],[24.576563,65.042871],[24.651172,65.073975],[24.786035,65.086426],[24.970605,65.055322],[24.997559,65.038721],[24.891797,65.02627],[24.848242,64.991016]]]]}},{"type":"Feature","id":"FR","properties":{"ISO_A2":"FR","name":"France"},"geometry":{"type":"MultiPolygon","coordinates":[[[[9.480371,42.80542],[9.454199,42.658594],[9.473242,42.615576],[9.509375,42.585596],[9.526172,42.552637],[9.556445,42.160937],[9.550684,42.129736],[9.428418,41.972412],[9.400879,41.926221],[9.394824,41.731201],[9.374219,41.678809],[9.330859,41.627148],[9.253418,41.460059],[9.186133,41.384912],[9.003027,41.476562],[8.89502,41.516162],[8.84209,41.558887],[8.80752,41.588379],[8.829785,41.627686],[8.879004,41.668555],[8.886816,41.700684],[8.770996,41.737109],[8.717969,41.761426],[8.718652,41.804004],[8.758691,41.87041],[8.74043,41.925146],[8.673633,41.922363],[8.621875,41.930713],[8.615137,41.959131],[8.653418,41.995557],[8.702539,42.043115],[8.700977,42.095605],[8.641602,42.118213],[8.587793,42.16084],[8.566211,42.218799],[8.60791,42.258447],[8.675488,42.284033],[8.625879,42.343408],[8.592383,42.344727],[8.565625,42.357715],[8.5875,42.385303],[8.640039,42.426562],[8.713086,42.549756],[8.814844,42.60791],[8.994922,42.645312],[9.043652,42.66167],[9.088379,42.70498],[9.137891,42.73291],[9.198047,42.729199],[9.253516,42.712451],[9.287695,42.694629],[9.313379,42.713184],[9.338379,42.766895],[9.323047,42.814062],[9.330957,42.943799],[9.363184,43.017383],[9.415234,43.021484],[9.463281,42.981006],[9.46084,42.945215],[9.478613,42.860498],[9.480371,42.80542]]],[[[7.615625,47.592725],[7.494922,47.547363],[7.467383,47.507666],[7.42002,47.455176],[7.343164,47.433105],[7.265723,47.425781],[7.203125,47.432715],[7.16748,47.453711],[7.169238,47.473242],[7.136035,47.489844],[7.053418,47.489355],[6.968359,47.453223],[6.900391,47.394238],[6.921484,47.36123],[6.984082,47.352539],[7.000586,47.339453],[7.000586,47.32251],[6.978516,47.302051],[6.952051,47.267187],[6.820703,47.163184],[6.688086,47.058252],[6.666895,47.026514],[6.624805,47.004346],[6.45625,46.94834],[6.438574,46.925879],[6.429004,46.832275],[6.410156,46.75542],[6.285156,46.683057],[6.160742,46.611035],[6.129688,46.566992],[6.107031,46.516064],[6.067969,46.458545],[6.060254,46.428174],[6.123242,46.378613],[6.115918,46.337646],[6.095898,46.279395],[6.036133,46.238086],[5.97002,46.214697],[5.971484,46.151221],[6.006641,46.142334],[6.086621,46.147021],[6.199414,46.193066],[6.272949,46.252246],[6.22959,46.308447],[6.224219,46.319434],[6.234668,46.332617],[6.321875,46.393701],[6.428906,46.430518],[6.578223,46.437354],[6.758105,46.415771],[6.776074,46.406641],[6.767383,46.369189],[6.78418,46.313965],[6.816797,46.275195],[6.77207,46.165137],[6.805664,46.130664],[6.858008,46.089404],[6.897266,46.051758],[6.953711,46.017139],[7.003906,45.958838],[7.021094,45.925781],[6.94082,45.868359],[6.804492,45.814551],[6.78916,45.780078],[6.790918,45.740869],[6.80625,45.71001],[6.881445,45.670361],[6.962402,45.580566],[7.013672,45.500488],[7.126074,45.423682],[7.153418,45.400928],[7.146387,45.381738],[7.116797,45.349023],[7.07832,45.239941],[7.032422,45.222607],[6.98125,45.215576],[6.842285,45.135645],[6.780371,45.145312],[6.692285,45.144287],[6.627734,45.117969],[6.634766,45.068164],[6.691406,45.022607],[6.724707,44.972998],[6.738184,44.921387],[6.801074,44.883154],[6.889355,44.860303],[6.939844,44.85874],[6.972852,44.84502],[6.992676,44.827295],[7.030664,44.716699],[7.00791,44.688965],[6.960352,44.677148],[6.931934,44.631641],[6.875195,44.564551],[6.842969,44.510693],[6.878613,44.463281],[6.893848,44.428174],[6.874805,44.392041],[6.900195,44.335742],[6.967285,44.280029],[7.149414,44.201709],[7.318555,44.137988],[7.370898,44.127393],[7.599414,44.168359],[7.637207,44.164844],[7.665039,44.116016],[7.677148,44.083154],[7.651465,44.033643],[7.589648,43.96543],[7.522656,43.911084],[7.482031,43.864893],[7.490527,43.822949],[7.493164,43.767139],[7.438672,43.750439],[7.436914,43.761475],[7.414453,43.770898],[7.39502,43.765332],[7.380078,43.753223],[7.377734,43.731738],[7.261523,43.696094],[7.181445,43.659131],[6.864746,43.43833],[6.716602,43.373584],[6.687402,43.33457],[6.657227,43.26167],[6.570215,43.199072],[6.494043,43.169287],[6.305371,43.138721],[6.115918,43.072363],[6.030566,43.100977],[5.809473,43.0979],[5.671582,43.177832],[5.406543,43.228516],[5.320215,43.344922],[5.199512,43.35249],[5.12041,43.348975],[5.073145,43.366602],[5.06084,43.406299],[5.059766,43.444531],[4.975977,43.426953],[4.911914,43.426953],[4.87373,43.411621],[4.843555,43.393945],[4.80791,43.405225],[4.787207,43.401416],[4.789062,43.378906],[4.712109,43.373291],[4.628711,43.387109],[4.409766,43.447217],[4.376172,43.456396],[4.224219,43.479639],[4.162793,43.503662],[4.113086,43.563037],[4.075098,43.581836],[4.052637,43.593066],[3.91084,43.563086],[3.861621,43.516357],[3.784766,43.461621],[3.258887,43.193213],[3.162891,43.080762],[3.051758,42.915137],[3.043066,42.837891],[3.090918,42.590869],[3.197852,42.461182],[3.211426,42.431152],[3.152148,42.431006],[3.052637,42.447217],[2.97002,42.467236],[2.891406,42.456055],[2.815625,42.429248],[2.749414,42.413037],[2.701855,42.408496],[2.67002,42.393018],[2.654785,42.362109],[2.65166,42.340479],[2.567969,42.345801],[2.374414,42.390283],[2.200391,42.420947],[2.09834,42.386084],[2.032715,42.353516],[1.986523,42.358496],[1.951465,42.392773],[1.92793,42.426318],[1.859766,42.45708],[1.706055,42.50332],[1.713965,42.525635],[1.740234,42.556738],[1.739453,42.575928],[1.709863,42.604443],[1.568164,42.63501],[1.501367,42.642725],[1.458887,42.62168],[1.42832,42.595898],[1.349414,42.690674],[1.293262,42.709961],[1.208301,42.713135],[1.111133,42.742041],[1.010059,42.778955],[0.764453,42.838037],[0.696875,42.845117],[0.669824,42.835742],[0.651758,42.800439],[0.641992,42.700635],[0.631641,42.6896],[0.517676,42.686279],[0.377246,42.700146],[0.312891,42.693262],[0.255469,42.69292],[0.201367,42.719336],[-0.041162,42.689111],[-0.081494,42.703857],[-0.140039,42.748926],[-0.205322,42.785303],[-0.256055,42.803955],[-0.299316,42.825342],[-0.338574,42.828809],[-0.398438,42.808105],[-0.481152,42.799316],[-0.549805,42.802002],[-0.586426,42.798975],[-0.740186,42.909521],[-0.762646,42.939795],[-0.839209,42.948193],[-0.933838,42.949512],[-1.175439,43.021143],[-1.285449,43.059619],[-1.301562,43.082471],[-1.300049,43.100977],[-1.318848,43.096973],[-1.352734,43.064258],[-1.370508,43.037598],[-1.394043,43.032617],[-1.42876,43.036768],[-1.46084,43.051758],[-1.480469,43.071143],[-1.459424,43.10498],[-1.422607,43.149121],[-1.407324,43.197119],[-1.410693,43.240088],[-1.471729,43.267676],[-1.561475,43.279199],[-1.627148,43.282471],[-1.712842,43.307031],[-1.753271,43.324707],[-1.792725,43.372559],[-1.794043,43.407324],[-1.631445,43.438037],[-1.484863,43.56377],[-1.345996,44.020215],[-1.245508,44.559863],[-1.170801,44.661816],[-1.076953,44.689844],[-1.152881,44.764014],[-1.200391,44.726465],[-1.220312,44.686621],[-1.245215,44.666699],[-1.189062,45.161475],[-1.149072,45.342627],[-1.081006,45.532422],[-0.941748,45.45708],[-0.826318,45.380664],[-0.76665,45.314355],[-0.691113,45.093457],[-0.633984,45.047119],[-0.548486,45.000586],[-0.582275,45.051367],[-0.641113,45.090186],[-0.733105,45.384619],[-0.790771,45.468018],[-0.880664,45.538184],[-1.169971,45.685937],[-1.195996,45.714453],[-1.209961,45.770898],[-1.114355,45.768506],[-1.031738,45.741064],[-1.041504,45.772656],[-1.066016,45.805664],[-1.104395,45.925342],[-1.136377,46.204834],[-1.132031,46.252686],[-1.146289,46.311377],[-1.238818,46.324512],[-1.312793,46.326904],[-1.39248,46.350098],[-1.786523,46.514844],[-1.921436,46.684814],[-2.059375,46.810303],[-2.09248,46.865039],[-2.090283,46.920508],[-2.018896,47.037646],[-2.081934,47.111621],[-2.143555,47.126318],[-2.19707,47.162939],[-2.148584,47.223926],[-2.108301,47.262939],[-2.027588,47.273584],[-1.921729,47.260645],[-1.821289,47.225342],[-1.742529,47.215967],[-1.975391,47.310693],[-2.353027,47.27876],[-2.434424,47.290967],[-2.503125,47.312061],[-2.530029,47.381592],[-2.476318,47.412939],[-2.427686,47.470898],[-2.482715,47.511621],[-2.554053,47.527051],[-2.665918,47.526172],[-2.770312,47.513867],[-2.796777,47.537256],[-2.733105,47.601807],[-2.787207,47.625537],[-2.859375,47.614453],[-2.964062,47.601074],[-3.064209,47.621338],[-3.158838,47.694678],[-3.221582,47.694141],[-3.264697,47.685107],[-3.328613,47.71333],[-3.395898,47.72041],[-3.443945,47.711035],[-3.507812,47.753125],[-3.900928,47.837549],[-4.070703,47.847852],[-4.226416,47.809619],[-4.312109,47.8229],[-4.375098,47.877441],[-4.427979,47.968945],[-4.678809,48.039502],[-4.629199,48.085791],[-4.512402,48.096729],[-4.377832,48.128809],[-4.329443,48.169971],[-4.434619,48.217969],[-4.512207,48.229736],[-4.544336,48.246973],[-4.577148,48.290039],[-4.530664,48.309717],[-4.4979,48.299268],[-4.40332,48.293066],[-4.241406,48.303662],[-4.301758,48.34707],[-4.364404,48.356738],[-4.393164,48.367627],[-4.524805,48.372314],[-4.584717,48.35752],[-4.719385,48.363135],[-4.748535,48.41001],[-4.7625,48.450244],[-4.720752,48.539893],[-4.531201,48.619971],[-4.058887,48.70752],[-3.855664,48.694727],[-3.714795,48.710498],[-3.545996,48.765674],[-3.471484,48.812939],[-3.231445,48.84082],[-3.003223,48.790674],[-2.792871,48.601074],[-2.692334,48.536816],[-2.446191,48.648291],[-2.079443,48.64502],[-2.003711,48.58208],[-1.973145,48.635107],[-1.905713,48.697119],[-1.851953,48.668848],[-1.824707,48.630518],[-1.437646,48.641406],[-1.376465,48.652588],[-1.480469,48.697607],[-1.565479,48.805518],[-1.583105,49.202393],[-1.690332,49.313184],[-1.813428,49.490137],[-1.870068,49.595117],[-1.875391,49.631396],[-1.856445,49.683789],[-1.705127,49.680957],[-1.588232,49.667676],[-1.365723,49.707275],[-1.258643,49.680176],[-1.264941,49.598242],[-1.232275,49.494873],[-1.194971,49.444824],[-1.138525,49.387891],[-0.959131,49.393164],[-0.765527,49.359717],[-0.520898,49.354541],[-0.163477,49.296777],[-0.011182,49.330225],[0.136133,49.401514],[0.416895,49.448389],[0.439258,49.473193],[0.277637,49.463281],[0.129395,49.508447],[0.109375,49.55752],[0.126563,49.601562],[0.186719,49.703027],[0.616211,49.862939],[0.924121,49.910205],[1.245508,49.998242],[1.407227,50.088525],[1.514063,50.205078],[1.548438,50.230713],[1.592773,50.252197],[1.551563,50.293945],[1.579492,50.739258],[1.60957,50.819482],[1.672266,50.88501],[1.767676,50.935693],[1.9125,50.990625],[2.445703,51.066504],[2.524902,51.097119],[2.536035,51.049512],[2.574805,50.988574],[2.601465,50.955273],[2.579297,50.911768],[2.596777,50.875928],[2.669141,50.811426],[2.759375,50.750635],[2.839746,50.711768],[2.862402,50.716016],[2.921973,50.727051],[3.022852,50.766895],[3.106836,50.779443],[3.154883,50.748926],[3.182031,50.731689],[3.234961,50.662939],[3.249805,50.591162],[3.27334,50.531543],[3.316211,50.507373],[3.476953,50.499463],[3.59541,50.477344],[3.626758,50.457324],[3.667285,50.324805],[3.689355,50.306055],[3.718848,50.32168],[3.748047,50.343506],[3.788574,50.346973],[3.858105,50.338574],[3.949707,50.335938],[4.044141,50.321338],[4.174609,50.246484],[4.169629,50.221777],[4.144141,50.178418],[4.135254,50.143799],[4.157715,50.129883],[4.192188,50.094141],[4.183887,50.052832],[4.150293,50.023877],[4.136816,50],[4.137012,49.984473],[4.149316,49.971582],[4.176074,49.960254],[4.36875,49.944971],[4.54502,49.960254],[4.656152,50.002441],[4.675098,50.046875],[4.706641,50.09707],[4.772852,50.139062],[4.818652,50.153174],[4.860547,50.135889],[4.790039,49.95957],[4.841504,49.914502],[4.849121,49.847119],[4.867578,49.788135],[4.930566,49.789258],[5.006934,49.778369],[5.061035,49.756543],[5.124121,49.721484],[5.215039,49.689258],[5.278809,49.67793],[5.301953,49.650977],[5.353516,49.619824],[5.434668,49.554492],[5.507324,49.510889],[5.542383,49.511035],[5.610059,49.528223],[5.710449,49.539209],[5.789746,49.538281],[5.823438,49.505078],[5.901367,49.489746],[5.928906,49.477539],[5.959473,49.454639],[6.011426,49.445459],[6.074121,49.454639],[6.119922,49.485205],[6.181055,49.498926],[6.242188,49.494336],[6.277344,49.477539],[6.344336,49.452734],[6.382227,49.458154],[6.458105,49.442871],[6.534277,49.394678],[6.566309,49.346191],[6.574707,49.319678],[6.607617,49.290869],[6.735449,49.160596],[6.77627,49.15415],[6.820703,49.173926],[6.849512,49.201953],[6.891211,49.20752],[6.958301,49.194629],[7.001465,49.179883],[7.022168,49.123437],[7.036719,49.112695],[7.065723,49.124854],[7.117383,49.127539],[7.199902,49.113623],[7.313379,49.129541],[7.404199,49.153076],[7.450586,49.152197],[7.525488,49.086377],[7.610938,49.061768],[7.799219,49.041895],[8.00127,49.010937],[8.080664,48.985889],[8.134863,48.973584],[8.140332,48.886426],[8.124023,48.873291],[7.922754,48.698535],[7.837988,48.636035],[7.794824,48.546826],[7.765137,48.41001],[7.705664,48.280029],[7.616602,48.156787],[7.58418,48.064307],[7.608496,48.002588],[7.593262,47.905664],[7.538574,47.773633],[7.529395,47.673877],[7.56543,47.606543],[7.615625,47.592725]]],[[[-1.17832,45.904053],[-1.213574,45.816602],[-1.280273,45.897119],[-1.368701,45.967676],[-1.388867,46.032959],[-1.388672,46.050391],[-1.285059,46.002686],[-1.17832,45.904053]]],[[[45.180273,-12.976758],[45.117578,-12.984961],[45.087695,-12.958496],[45.069434,-12.895605],[45.088281,-12.835059],[45.093555,-12.786133],[45.042578,-12.70127],[45.092383,-12.653027],[45.134766,-12.70918],[45.158789,-12.712988],[45.223145,-12.752148],[45.204297,-12.824316],[45.208594,-12.847949],[45.179395,-12.920215],[45.180273,-12.976758]]],[[[55.797363,-21.339355],[55.656152,-21.369043],[55.557617,-21.358301],[55.362695,-21.273633],[55.310352,-21.217383],[55.232813,-21.058398],[55.25,-21.002441],[55.311328,-20.904102],[55.450488,-20.865137],[55.596484,-20.87959],[55.661914,-20.90625],[55.73916,-21.021484],[55.839063,-21.138574],[55.822461,-21.277832],[55.797363,-21.339355]]],[[[-60.82627,14.494482],[-60.836621,14.437402],[-60.862109,14.42627],[-60.899414,14.473779],[-61.063721,14.46709],[-61.088867,14.50957],[-61.090332,14.529687],[-61.011328,14.601904],[-61.104297,14.62124],[-61.141113,14.652393],[-61.219727,14.804395],[-61.21333,14.848584],[-61.180811,14.871924],[-61.127393,14.875293],[-61.0271,14.826172],[-60.952539,14.75625],[-60.927148,14.755176],[-60.918652,14.735352],[-60.933691,14.686182],[-60.88916,14.644531],[-60.869971,14.613721],[-60.82627,14.494482]]],[[[-61.327148,16.23042],[-61.444824,16.219287],[-61.522168,16.228027],[-61.53999,16.299609],[-61.500586,16.360205],[-61.528906,16.433789],[-61.510645,16.477686],[-61.471191,16.506641],[-61.406445,16.468311],[-61.396143,16.413428],[-61.355469,16.363184],[-61.172607,16.256104],[-61.327148,16.23042]]],[[[-61.589551,16.006934],[-61.670459,15.962061],[-61.710254,15.975928],[-61.759424,16.062061],[-61.794092,16.300977],[-61.767139,16.340479],[-61.748047,16.355273],[-61.641504,16.325977],[-61.597021,16.292187],[-61.552344,16.270898],[-61.575049,16.227148],[-61.563867,16.047754],[-61.589551,16.006934]]],[[[-61.230469,15.889941],[-61.28623,15.886035],[-61.310742,15.894678],[-61.318408,15.954883],[-61.275293,15.99624],[-61.25,16.006299],[-61.212354,15.959912],[-61.203418,15.92124],[-61.230469,15.889941]]],[[[-54.61626,2.326758],[-54.604736,2.335791],[-54.568408,2.342578],[-54.535937,2.343311],[-54.485547,2.416113],[-54.402002,2.461523],[-54.256738,2.713721],[-54.195508,2.817871],[-54.188086,2.874854],[-54.170703,2.993604],[-54.203125,3.138184],[-54.188037,3.17876],[-54.063184,3.35332],[-54.00957,3.448535],[-54.005957,3.530518],[-53.990479,3.589551],[-54.005908,3.62041],[-54.034229,3.629395],[-54.081982,3.705957],[-54.112793,3.769434],[-54.197461,3.834424],[-54.255518,3.901074],[-54.350732,4.054102],[-54.342139,4.140039],[-54.369141,4.170947],[-54.398389,4.20249],[-54.39624,4.241406],[-54.416016,4.337646],[-54.440674,4.428027],[-54.449609,4.48501],[-54.426074,4.583008],[-54.440234,4.691992],[-54.471143,4.749316],[-54.479687,4.836523],[-54.47334,4.914697],[-54.446875,4.958789],[-54.452197,5.013477],[-54.331641,5.187402],[-54.240186,5.288232],[-54.155957,5.358984],[-54.085303,5.411816],[-53.9896,5.676025],[-53.919922,5.768994],[-53.847168,5.782227],[-53.454443,5.563477],[-53.270361,5.543262],[-52.899316,5.425049],[-52.76499,5.273486],[-52.453955,5.021338],[-52.290527,4.942187],[-52.288916,4.876123],[-52.324609,4.770898],[-52.219971,4.862793],[-52.058105,4.717383],[-52.012305,4.645996],[-51.961914,4.514404],[-51.979346,4.429883],[-52.001709,4.38623],[-52.00293,4.352295],[-51.954785,4.399072],[-51.927686,4.436133],[-51.91958,4.524316],[-51.880273,4.63374],[-51.827539,4.635693],[-51.785645,4.570508],[-51.698633,4.286816],[-51.66582,4.228809],[-51.653271,4.13877],[-51.658105,4.098486],[-51.652539,4.061279],[-51.683447,4.039697],[-51.76709,3.992676],[-51.805273,3.929932],[-51.82749,3.86958],[-51.879492,3.828564],[-51.928906,3.776953],[-51.944336,3.735107],[-51.990625,3.702002],[-51.999512,3.646875],[-52.116113,3.452295],[-52.162598,3.364697],[-52.229443,3.27168],[-52.27124,3.237109],[-52.327881,3.181738],[-52.356641,3.117725],[-52.356641,3.051562],[-52.396387,2.972217],[-52.418408,2.903857],[-52.455859,2.86416],[-52.554688,2.647656],[-52.559473,2.573145],[-52.583008,2.528906],[-52.653174,2.425732],[-52.700635,2.363672],[-52.783398,2.317187],[-52.87041,2.26665],[-52.903467,2.211523],[-52.964844,2.183545],[-53.009717,2.181738],[-53.082275,2.201709],[-53.180078,2.211328],[-53.229785,2.204883],[-53.252197,2.232275],[-53.285498,2.295215],[-53.334424,2.339746],[-53.366016,2.324219],[-53.431836,2.279443],[-53.508984,2.253125],[-53.563965,2.261914],[-53.683691,2.29292],[-53.734717,2.308545],[-53.750146,2.33501],[-53.767773,2.354834],[-53.794238,2.345996],[-53.829541,2.312939],[-53.876611,2.278271],[-53.946436,2.232568],[-54.089746,2.150488],[-54.130078,2.121045],[-54.167383,2.137061],[-54.227979,2.15332],[-54.293066,2.154248],[-54.433105,2.20752],[-54.515088,2.245459],[-54.550488,2.293066],[-54.591943,2.31377],[-54.61626,2.326758]]]]}},{"type":"Feature","id":"GB","properties":{"ISO_A2":"GB","name":"United Kingdom"},"geometry":{"type":"MultiPolygon","coordinates":[[[[-2.667676,51.622998],[-2.742139,51.581104],[-2.978516,51.538867],[-3.080371,51.495801],[-3.258789,51.398486],[-3.293115,51.39043],[-3.562354,51.413818],[-3.762695,51.539941],[-3.890771,51.59165],[-3.943652,51.59751],[-3.99834,51.582129],[-4.115283,51.566406],[-4.23457,51.569092],[-4.173682,51.627344],[-4.091016,51.659912],[-4.276172,51.68252],[-4.327637,51.700244],[-4.386279,51.741064],[-4.531494,51.748047],[-4.600781,51.737646],[-4.717627,51.683691],[-4.902295,51.62627],[-5.124756,51.705859],[-5.168359,51.740723],[-5.167236,51.808057],[-5.200586,51.861377],[-5.262305,51.880176],[-5.18335,51.949658],[-5.088086,51.995898],[-4.878516,52.041846],[-4.561133,52.150879],[-4.383154,52.197314],[-4.217725,52.277441],[-4.149365,52.32627],[-4.099756,52.393115],[-4.050537,52.475146],[-3.980322,52.541748],[-4.048437,52.557617],[-4.078906,52.607861],[-4.070703,52.658838],[-4.039258,52.704053],[-4.067432,52.760742],[-4.117529,52.82002],[-4.114746,52.866162],[-4.101465,52.915479],[-4.22915,52.912842],[-4.356445,52.897412],[-4.471826,52.862451],[-4.583691,52.814941],[-4.683057,52.806152],[-4.681445,52.844141],[-4.63833,52.891113],[-4.525684,52.958203],[-4.405078,53.013818],[-4.362207,53.056055],[-4.328418,53.105127],[-4.268555,53.144531],[-4.111035,53.218945],[-3.809277,53.302686],[-3.764209,53.307617],[-3.645898,53.2979],[-3.52959,53.310547],[-3.427734,53.340674],[-3.326172,53.347168],[-3.097559,53.260303],[-3.165576,53.394678],[-3.064746,53.426855],[-2.918555,53.305371],[-2.86416,53.292578],[-2.749512,53.310205],[-2.79375,53.330713],[-2.84541,53.331934],[-2.913086,53.350244],[-2.969971,53.389209],[-3.0646,53.512842],[-3.059473,53.58623],[-2.995703,53.662549],[-2.925098,53.732764],[-2.984326,53.746729],[-3.031787,53.773584],[-3.045361,53.843848],[-3.026758,53.905908],[-2.899854,53.960693],[-2.862402,54.043848],[-2.846484,54.135303],[-2.867578,54.177246],[-2.993506,54.170508],[-3.054736,54.153418],[-3.109668,54.126318],[-3.165967,54.12793],[-3.321533,54.229102],[-3.410254,54.305615],[-3.569385,54.467578],[-3.592041,54.564355],[-3.4646,54.773096],[-3.26792,54.906592],[-3.03623,54.953076],[-3.081055,54.961963],[-3.434082,54.96377],[-3.550439,54.947412],[-3.658301,54.892871],[-3.719238,54.876123],[-3.783252,54.869922],[-3.841602,54.842773],[-3.898584,54.805078],[-3.95791,54.780957],[-4.075781,54.787207],[-4.132959,54.779248],[-4.174023,54.801074],[-4.208398,54.837158],[-4.253418,54.846777],[-4.303662,54.835693],[-4.409912,54.787061],[-4.51748,54.75835],[-4.647559,54.789014],[-4.818066,54.846143],[-4.851709,54.825293],[-4.889502,54.772266],[-4.91123,54.689453],[-5.032324,54.761377],[-5.135498,54.85752],[-5.170117,54.91792],[-5.172705,54.985889],[-5.116699,55.012256],[-5.055859,54.988135],[-4.965186,55.149463],[-4.784814,55.359424],[-4.721143,55.420996],[-4.676758,55.501318],[-4.684375,55.553906],[-4.72417,55.598291],[-4.891846,55.699121],[-4.889648,55.781201],[-4.87168,55.873926],[-4.826074,55.929541],[-4.806836,55.940137],[-4.584082,55.938672],[-4.670947,55.967383],[-4.844092,56.051172],[-4.841016,56.080859],[-4.800293,56.15835],[-4.819141,56.150488],[-4.85625,56.114697],[-4.9271,56.028076],[-4.970361,56.007861],[-5.092822,55.987305],[-5.11499,55.944629],[-5.134668,55.933496],[-5.19585,55.928662],[-5.2146,55.888867],[-5.228223,55.886328],[-5.245605,55.929248],[-5.247314,56.000391],[-5.222949,56.06582],[-5.176416,56.116992],[-4.996973,56.23335],[-5.084326,56.197461],[-5.282324,56.089941],[-5.383447,56.019238],[-5.410449,55.995361],[-5.418896,55.975244],[-5.418311,55.952051],[-5.3729,55.827686],[-5.38584,55.770117],[-5.556445,55.3896],[-5.58877,55.351416],[-5.618457,55.331445],[-5.646533,55.326855],[-5.730664,55.334131],[-5.768213,55.362646],[-5.767871,55.394971],[-5.7521,55.443457],[-5.681348,55.623975],[-5.650635,55.674121],[-5.605029,55.720752],[-5.504492,55.802393],[-5.506934,55.807715],[-5.573877,55.791699],[-5.602393,55.796973],[-5.622852,55.813135],[-5.60957,56.055273],[-5.555273,56.134961],[-5.534961,56.25083],[-5.487891,56.350049],[-5.433398,56.422314],[-5.391943,56.514795],[-5.329443,56.555908],[-5.312695,56.618799],[-5.242578,56.686865],[-5.188379,56.758057],[-5.217578,56.751025],[-5.564209,56.565723],[-5.652441,56.531982],[-5.772803,56.541016],[-5.864844,56.561865],[-5.936768,56.605713],[-5.968896,56.689893],[-6.057715,56.692139],[-6.133691,56.706689],[-6.132764,56.718018],[-6.034717,56.763916],[-5.877637,56.779639],[-5.730615,56.853076],[-5.861426,56.902686],[-5.850391,56.918408],[-5.736279,56.960645],[-5.591309,57.102344],[-5.561914,57.232715],[-5.63125,57.293945],[-5.656348,57.334082],[-5.794922,57.378809],[-5.818066,57.436084],[-5.801953,57.468018],[-5.756738,57.499219],[-5.688623,57.523535],[-5.581787,57.546777],[-5.67876,57.57168],[-5.714941,57.601074],[-5.742383,57.643652],[-5.744922,57.668311],[-5.694727,57.778223],[-5.665479,57.823535],[-5.60835,57.881348],[-5.349023,57.878076],[-5.319189,57.903613],[-5.289795,57.90459],[-5.157227,57.881348],[-5.176904,57.906396],[-5.39375,58.043604],[-5.413184,58.069727],[-5.351367,58.143701],[-5.346875,58.17666],[-5.355957,58.211914],[-5.338281,58.238721],[-5.269531,58.251416],[-5.059961,58.250146],[-5.008301,58.262646],[-5.031836,58.298291],[-5.080615,58.345166],[-5.090137,58.384521],[-5.078711,58.419287],[-5.076025,58.489258],[-5.066504,58.520215],[-5.016748,58.566553],[-4.975635,58.580322],[-4.924658,58.588379],[-4.809619,58.5729],[-4.765771,58.554199],[-4.71543,58.51001],[-4.678223,58.513574],[-4.534961,58.561572],[-4.491895,58.568457],[-4.433252,58.512842],[-4.188623,58.557227],[-3.859521,58.5771],[-3.661816,58.606299],[-3.453564,58.616895],[-3.259131,58.65],[-3.053076,58.634814],[-3.046191,58.615527],[-3.056982,58.58877],[-3.109668,58.515479],[-3.101123,58.433691],[-3.112891,58.408887],[-3.136768,58.37832],[-3.212354,58.32124],[-3.410986,58.239648],[-3.775,58.0521],[-3.990039,57.959033],[-4.019629,57.914258],[-4.035596,57.852002],[-3.906836,57.839648],[-3.857129,57.818555],[-3.887939,57.786914],[-4.078418,57.677051],[-4.134521,57.577734],[-3.988477,57.58125],[-3.868164,57.600342],[-3.628223,57.662256],[-3.402783,57.708252],[-3.294531,57.710156],[-3.083936,57.673486],[-3.036035,57.672314],[-2.94668,57.689258],[-2.856299,57.692285],[-2.244141,57.680859],[-2.074072,57.702393],[-1.961523,57.67666],[-1.867383,57.612354],[-1.77793,57.49375],[-1.780664,57.474023],[-1.834717,57.419971],[-1.934473,57.352197],[-2.020312,57.258887],[-2.045508,57.208545],[-2.062354,57.153467],[-2.089551,57.102539],[-2.260254,56.86333],[-2.42666,56.730713],[-2.500977,56.636572],[-2.592676,56.561572],[-2.680957,56.514404],[-2.775195,56.482959],[-3.047412,56.449365],[-3.123584,56.425293],[-3.214453,56.383936],[-3.309961,56.363477],[-3.197998,56.366064],[-3.087012,56.389063],[-2.885156,56.39751],[-2.652734,56.318262],[-2.674268,56.253418],[-2.767578,56.202148],[-2.979785,56.194092],[-3.178223,56.080127],[-3.267773,56.045068],[-3.362256,56.027637],[-3.48042,56.032812],[-3.695117,56.06333],[-3.789062,56.095215],[-3.70415,56.043164],[-3.607812,56.016016],[-3.04873,55.951953],[-3.015088,55.958594],[-2.836865,56.02627],[-2.599316,56.027295],[-2.14707,55.902979],[-2.016846,55.807959],[-1.830273,55.671729],[-1.72876,55.618555],[-1.655371,55.570361],[-1.610156,55.498096],[-1.522559,55.259521],[-1.422656,55.026416],[-1.291748,54.773877],[-1.232422,54.703711],[-1.154395,54.654492],[-0.759326,54.541406],[-0.671387,54.503906],[-0.518115,54.395117],[-0.370361,54.279199],[-0.232861,54.190137],[-0.084375,54.118066],[-0.156299,54.080615],[-0.205566,54.021729],[-0.16875,53.94165],[-0.108252,53.865186],[0.010547,53.742822],[0.115332,53.609277],[0.076709,53.629443],[0.036084,53.640527],[-0.019434,53.637207],[-0.07373,53.643652],[-0.173828,53.685449],[-0.27002,53.736768],[-0.461377,53.716162],[-0.567676,53.725391],[-0.659912,53.724023],[-0.485059,53.694385],[-0.293701,53.692334],[0.12832,53.468262],[0.270996,53.335498],[0.355762,53.159961],[0.298047,53.081104],[0.208203,53.030029],[0.124414,52.971582],[0.045898,52.905615],[0.279785,52.808691],[0.330176,52.811621],[0.381934,52.825195],[0.431641,52.858154],[0.515527,52.938379],[0.558789,52.966943],[0.704492,52.977246],[0.826758,52.971094],[0.948535,52.953369],[1.055566,52.958984],[1.271289,52.924561],[1.382129,52.893506],[1.656738,52.753711],[1.716113,52.677246],[1.743359,52.578516],[1.746582,52.468994],[1.700391,52.368896],[1.647363,52.278516],[1.614648,52.161816],[1.591406,52.119775],[1.558984,52.086865],[1.413477,51.994775],[1.316797,51.956934],[1.275977,51.973535],[1.232422,51.97124],[1.227832,51.949121],[1.273828,51.9021],[1.274414,51.845361],[1.188477,51.803369],[1.101172,51.785449],[0.955078,51.807812],[0.752246,51.72959],[0.898047,51.689404],[0.927441,51.646631],[0.890918,51.571436],[0.799219,51.537891],[0.697559,51.523047],[0.593457,51.519482],[0.507227,51.501074],[0.424512,51.465625],[0.52832,51.484473],[0.600293,51.467969],[0.645508,51.404687],[0.686523,51.386572],[0.889355,51.359521],[1.014941,51.359717],[1.257129,51.375098],[1.373438,51.374707],[1.414941,51.363281],[1.415625,51.31084],[1.397559,51.182031],[1.365527,51.155469],[1.044434,51.047266],[0.978613,50.97168],[0.960156,50.925879],[0.772363,50.933984],[0.684375,50.885547],[0.532324,50.853418],[0.414746,50.819189],[0.299707,50.775977],[0.205078,50.763037],[-0.203906,50.814355],[-0.450781,50.810156],[-0.785254,50.76543],[-0.871387,50.772803],[-1.000586,50.815625],[-1.132861,50.84458],[-1.285059,50.857324],[-1.416455,50.896875],[-1.334473,50.820801],[-1.516748,50.747461],[-1.60083,50.732861],[-1.687891,50.735156],[-1.866016,50.715234],[-2.031055,50.725391],[-2.00625,50.673242],[-1.962061,50.627783],[-1.9979,50.608008],[-2.03584,50.603076],[-2.350146,50.637402],[-2.394678,50.630908],[-2.433447,50.599219],[-2.547754,50.616309],[-2.658838,50.669727],[-2.776953,50.705566],[-2.900879,50.722412],[-2.999414,50.716602],[-3.40459,50.632422],[-3.485449,50.547949],[-3.525879,50.428174],[-3.584375,50.321826],[-3.679785,50.239941],[-3.793359,50.229248],[-3.900195,50.285937],[-4.103418,50.348535],[-4.172559,50.39082],[-4.19458,50.393311],[-4.217285,50.378174],[-4.296973,50.359082],[-4.379492,50.358203],[-4.506689,50.341357],[-4.727979,50.290479],[-4.817383,50.255957],[-5.009521,50.160742],[-5.048633,50.134375],[-5.118506,50.03833],[-5.225244,50.021387],[-5.322852,50.082959],[-5.433984,50.104443],[-5.551221,50.083398],[-5.622119,50.050684],[-5.655176,50.077246],[-5.65625,50.131885],[-5.570654,50.196973],[-5.342285,50.246143],[-5.141797,50.37373],[-5.043457,50.451514],[-5.004443,50.495264],[-4.956396,50.523145],[-4.893555,50.533691],[-4.861279,50.582031],[-4.58291,50.776367],[-4.559961,50.820947],[-4.546094,50.900684],[-4.523096,50.977441],[-4.296484,51.027148],[-4.188184,51.188525],[-4.158398,51.201318],[-3.842334,51.230908],[-3.60791,51.228564],[-3.375098,51.196973],[-3.255762,51.194141],[-3.135986,51.205029],[-3.042041,51.248584],[-2.88125,51.405664],[-2.79082,51.474805],[-2.687207,51.537256],[-2.590283,51.608594],[-2.433057,51.740723],[-2.539355,51.695215],[-2.667676,51.622998]]],[[[-4.196777,53.321436],[-4.154883,53.302832],[-4.049365,53.305762],[-4.084277,53.264307],[-4.200391,53.218066],[-4.278613,53.172412],[-4.373047,53.13418],[-4.418848,53.178027],[-4.471973,53.176367],[-4.553223,53.260449],[-4.567871,53.386475],[-4.461719,53.419287],[-4.315088,53.417236],[-4.196777,53.321436]]],[[[-2.548877,59.231348],[-2.662061,59.230176],[-2.603613,59.289307],[-2.535645,59.30415],[-2.406982,59.297559],[-2.429834,59.271045],[-2.548877,59.231348]]],[[[-1.042529,60.513867],[-1.067871,60.502295],[-1.165527,60.603906],[-1.093311,60.720215],[-1.005615,60.716504],[-0.99165,60.686035],[-1.000342,60.658008],[-1.04502,60.655518],[-1.049023,60.646924],[-1.035107,60.59292],[-1.034229,60.530176],[-1.042529,60.513867]]],[[[-1.308105,60.5375],[-1.287402,60.467041],[-1.235742,60.485303],[-1.157764,60.417725],[-1.117969,60.417627],[-1.052441,60.444482],[-1.065674,60.381592],[-1.133691,60.206982],[-1.152783,60.177344],[-1.165723,60.124268],[-1.179248,60.113916],[-1.199316,60.006592],[-1.245312,59.97124],[-1.283789,59.886914],[-1.299463,59.878662],[-1.355859,59.911133],[-1.299512,60.039844],[-1.276172,60.114648],[-1.290918,60.153467],[-1.322803,60.188379],[-1.409033,60.189502],[-1.481494,60.173389],[-1.496875,60.193994],[-1.499121,60.221777],[-1.516602,60.231006],[-1.613037,60.229102],[-1.641357,60.236768],[-1.660059,60.262256],[-1.66377,60.28252],[-1.57666,60.298389],[-1.494434,60.29248],[-1.374609,60.33291],[-1.449561,60.468555],[-1.548828,60.481299],[-1.571777,60.494434],[-1.552637,60.517432],[-1.498145,60.529834],[-1.414209,60.59873],[-1.363965,60.60957],[-1.301709,60.607666],[-1.308105,60.5375]]],[[[-0.774268,60.811963],[-0.774316,60.800488],[-0.826172,60.716162],[-0.825488,60.683936],[-0.909131,60.687012],[-0.922266,60.697266],[-0.938086,60.745654],[-0.927539,60.797168],[-0.91582,60.810449],[-0.891406,60.815918],[-0.864941,60.805811],[-0.823437,60.831885],[-0.801807,60.83125],[-0.774268,60.811963]]],[[[-3.164941,58.794189],[-3.222119,58.780957],[-3.278809,58.781934],[-3.367188,58.839746],[-3.40083,58.881787],[-3.394727,58.909619],[-3.357422,58.918994],[-3.271924,58.905273],[-3.227637,58.857178],[-3.222119,58.825879],[-3.211621,58.813574],[-3.158545,58.801221],[-3.164941,58.794189]]],[[[-2.929395,58.741602],[-2.938965,58.738623],[-2.975391,58.756934],[-3.035449,58.822656],[-2.941211,58.835693],[-2.896436,58.827588],[-2.913086,58.799609],[-2.929395,58.741602]]],[[[-3.057422,59.029639],[-3.070703,59.00498],[-2.994678,59.005566],[-2.88457,58.984521],[-2.81792,58.981885],[-2.762451,58.955811],[-2.793018,58.906934],[-2.826221,58.893262],[-2.86377,58.890527],[-2.994824,58.939355],[-3.166602,58.919092],[-3.200781,58.925293],[-3.22334,58.93877],[-3.232617,58.955518],[-3.232812,58.989648],[-3.242139,58.999707],[-3.304346,58.967432],[-3.331641,58.97124],[-3.34707,58.986719],[-3.353711,59.01875],[-3.346826,59.06499],[-3.310352,59.130811],[-3.248584,59.143945],[-3.156494,59.136328],[-3.051123,59.099023],[-3.019238,59.076025],[-3.02002,59.057666],[-3.057422,59.029639]]],[[[-2.729395,59.186768],[-2.815234,59.161914],[-2.851855,59.182471],[-2.861426,59.246826],[-2.96377,59.274365],[-3.013477,59.291455],[-3.052051,59.323877],[-3.042236,59.333838],[-2.975537,59.347119],[-2.861621,59.28833],[-2.815039,59.24082],[-2.730664,59.226758],[-2.719922,59.219482],[-2.729395,59.186768]]],[[[-6.607617,56.58501],[-6.664453,56.579443],[-6.668555,56.593604],[-6.569922,56.66123],[-6.506055,56.672363],[-6.483691,56.665771],[-6.530078,56.626611],[-6.607617,56.58501]]],[[[-5.10542,55.448828],[-5.231494,55.448096],[-5.277051,55.456738],[-5.331494,55.481055],[-5.392676,55.618359],[-5.370801,55.666943],[-5.345703,55.690723],[-5.318115,55.70918],[-5.251611,55.716943],[-5.185449,55.690967],[-5.1604,55.666797],[-5.10498,55.573975],[-5.094727,55.494336],[-5.10542,55.448828]]],[[[-5.777881,56.344336],[-6.176172,56.288721],[-6.313428,56.293652],[-6.32583,56.320947],[-6.298486,56.33916],[-6.184863,56.356885],[-6.138867,56.490625],[-6.310645,56.552148],[-6.319678,56.569434],[-6.30625,56.598779],[-6.286328,56.611865],[-6.18208,56.642969],[-6.138281,56.649854],[-6.102734,56.645654],[-6.02959,56.609814],[-5.94668,56.534521],[-5.836035,56.522559],[-5.76084,56.490674],[-5.777881,56.344336]]],[[[-6.128906,55.930566],[-6.092822,55.802148],[-6.057617,55.72251],[-6.055322,55.695312],[-6.088379,55.65752],[-6.253174,55.607227],[-6.305078,55.606934],[-6.307227,55.619141],[-6.27002,55.670313],[-6.302051,55.728369],[-6.286426,55.77251],[-6.301758,55.780615],[-6.333887,55.774365],[-6.451953,55.704248],[-6.491357,55.697314],[-6.495654,55.711572],[-6.466455,55.768994],[-6.462842,55.808252],[-6.445264,55.832373],[-6.413184,55.854639],[-6.374951,55.871338],[-6.344141,55.87373],[-6.311279,55.856494],[-6.215674,55.90459],[-6.128906,55.930566]]],[[[-5.970068,55.814551],[-5.990918,55.803809],[-6.041553,55.806787],[-6.060352,55.8229],[-6.070703,55.847656],[-6.071973,55.893115],[-6.041309,55.925635],[-5.911768,55.974756],[-5.970312,55.992188],[-5.972656,56.004443],[-5.939062,56.045264],[-5.799609,56.108789],[-5.762256,56.120312],[-5.725146,56.118555],[-5.797217,56.005615],[-5.970068,55.814551]]],[[[-6.198682,58.363281],[-6.32583,58.188867],[-6.375586,58.18457],[-6.419287,58.140967],[-6.55459,58.092871],[-6.436523,58.091895],[-6.403369,58.075879],[-6.402441,58.041357],[-6.425195,58.021289],[-6.578125,57.941357],[-6.683301,57.911035],[-6.796582,57.827539],[-6.85376,57.826514],[-6.910352,57.773389],[-6.956934,57.750049],[-6.983105,57.75],[-7.013184,57.761768],[-7.083447,57.81377],[-6.955957,57.864893],[-6.944141,57.893652],[-6.856836,57.923535],[-6.86416,57.932861],[-7.002539,57.974902],[-7.05708,58.003174],[-7.051904,58.017969],[-6.985303,58.050488],[-7.016895,58.054785],[-7.038232,58.072314],[-7.076904,58.079004],[-7.088477,58.095361],[-7.095605,58.138281],[-7.085254,58.182178],[-7.044922,58.201562],[-7.028418,58.222314],[-7.012061,58.228711],[-6.949561,58.217676],[-6.88623,58.182568],[-6.812305,58.196094],[-6.726465,58.189404],[-6.724707,58.197559],[-6.787744,58.283887],[-6.776465,58.301514],[-6.742285,58.321631],[-6.544189,58.383154],[-6.297168,58.486621],[-6.237451,58.502832],[-6.219434,58.488721],[-6.194238,58.435107],[-6.198682,58.363281]]],[[[-6.279053,56.964697],[-6.30874,56.951807],[-6.34624,56.954297],[-6.383398,56.970898],[-6.432617,57.01792],[-6.322363,57.050537],[-6.278223,57.031396],[-6.261279,57.009521],[-6.260547,56.985254],[-6.279053,56.964697]]],[[[-6.144727,57.50498],[-6.146143,57.460791],[-6.16377,57.408838],[-6.14082,57.353662],[-6.135547,57.314258],[-6.093408,57.301709],[-6.067627,57.283545],[-5.880273,57.263232],[-5.706006,57.268945],[-5.672461,57.252686],[-5.668652,57.226904],[-5.696191,57.198437],[-5.79541,57.146533],[-5.91377,57.062646],[-5.949072,57.045166],[-5.987305,57.044434],[-6.014746,57.051953],[-6.034375,57.201221],[-6.162744,57.182129],[-6.266113,57.184326],[-6.322705,57.20249],[-6.362402,57.2375],[-6.442432,57.32749],[-6.675439,57.362891],[-6.741309,57.412451],[-6.761133,57.442383],[-6.752734,57.458936],[-6.704199,57.495752],[-6.643457,57.482617],[-6.605859,57.490674],[-6.583008,57.507129],[-6.583496,57.520654],[-6.615283,57.552734],[-6.616797,57.562695],[-6.378516,57.60332],[-6.357666,57.666797],[-6.305957,57.671973],[-6.246924,57.651221],[-6.166064,57.585303],[-6.144727,57.50498]]],[[[-7.205566,57.682959],[-7.092773,57.62666],[-7.182617,57.533301],[-7.320557,57.53374],[-7.514746,57.601953],[-7.515625,57.615869],[-7.499414,57.636328],[-7.470312,57.652539],[-7.440039,57.656396],[-7.391895,57.645215],[-7.324854,57.663135],[-7.271191,57.657471],[-7.205566,57.682959]]],[[[-7.249854,57.115332],[-7.292041,57.109766],[-7.347412,57.115137],[-7.381494,57.130664],[-7.415918,57.192139],[-7.422363,57.229346],[-7.407031,57.298486],[-7.410547,57.381104],[-7.296387,57.383691],[-7.267139,57.371777],[-7.247559,57.126367],[-7.249854,57.115332]]],[[[-7.416895,56.96543],[-7.504785,56.95166],[-7.537402,56.959717],[-7.542969,56.972363],[-7.522949,57.006787],[-7.455469,57.018945],[-7.406689,57.000293],[-7.398926,56.98335],[-7.416895,56.96543]]],[[[-6.218018,54.088721],[-6.303662,54.094873],[-6.363672,54.0771],[-6.402588,54.060645],[-6.440283,54.063623],[-6.548145,54.057275],[-6.649805,54.058643],[-6.664209,54.084766],[-6.646875,54.163428],[-6.669531,54.184717],[-6.766602,54.195605],[-6.802588,54.214355],[-6.85835,54.268652],[-6.869238,54.294043],[-6.877246,54.329102],[-6.936133,54.374316],[-7.007715,54.406689],[-7.049707,54.408252],[-7.133496,54.355371],[-7.202588,54.301807],[-7.178076,54.274902],[-7.155469,54.239502],[-7.193066,54.214111],[-7.306738,54.156006],[-7.324512,54.133447],[-7.355176,54.12124],[-7.409424,54.137305],[-7.544434,54.133594],[-7.606543,54.143848],[-7.67876,54.18667],[-7.854932,54.215283],[-7.884473,54.283789],[-7.918457,54.296582],[-8.118262,54.414258],[-8.144824,54.453516],[-8.118945,54.476953],[-8.044336,54.512451],[-7.793799,54.57124],[-7.754395,54.594922],[-7.746289,54.61582],[-7.819824,54.639697],[-7.886133,54.666064],[-7.90874,54.68335],[-7.910596,54.69834],[-7.872949,54.717871],[-7.797266,54.719287],[-7.7375,54.710449],[-7.68999,54.728027],[-7.606445,54.745703],[-7.550391,54.767969],[-7.502197,54.825439],[-7.45127,54.8771],[-7.445996,54.905127],[-7.401416,55.00332],[-7.376904,55.027686],[-7.218652,55.091992],[-7.178613,55.056885],[-7.100635,55.048291],[-7.030762,55.080615],[-6.947168,55.18252],[-6.888965,55.188916],[-6.824854,55.180664],[-6.698828,55.193457],[-6.475049,55.241016],[-6.375293,55.241797],[-6.234229,55.216846],[-6.12915,55.217383],[-6.035791,55.144531],[-5.985742,55.029688],[-5.869189,54.916211],[-5.716846,54.81748],[-5.710742,54.75708],[-5.765186,54.724658],[-5.879102,54.684375],[-5.878613,54.641309],[-5.803467,54.663037],[-5.738623,54.673047],[-5.58252,54.663428],[-5.52793,54.619629],[-5.490186,54.554053],[-5.47041,54.500195],[-5.483887,54.44165],[-5.525879,54.460205],[-5.568555,54.512598],[-5.615967,54.536719],[-5.671094,54.549756],[-5.646094,54.477881],[-5.655957,54.381738],[-5.631885,54.372656],[-5.557812,54.370996],[-5.606787,54.272559],[-5.708057,54.24585],[-5.826172,54.23584],[-5.854639,54.200977],[-5.876074,54.156055],[-5.937744,54.089062],[-6.019043,54.05127],[-6.119531,54.058887],[-6.218018,54.088721]]],[[[-1.065576,50.690234],[-1.149365,50.655713],[-1.17583,50.615234],[-1.196094,50.599219],[-1.251465,50.588818],[-1.306299,50.588525],[-1.515332,50.669775],[-1.563428,50.666113],[-1.515674,50.70332],[-1.38584,50.733545],[-1.312793,50.773486],[-1.144238,50.734717],[-1.065576,50.690234]]]]}},{"type":"Feature","id":"ID","properties":{"ISO_A2":"ID","name":"Indonesia"},"geometry":{"type":"MultiPolygon","coordinates":[[[[97.481543,1.465088],[97.69834,1.18374],[97.786426,1.145898],[97.903223,1.018262],[97.931934,0.973926],[97.902051,0.884229],[97.876465,0.62832],[97.82041,0.564453],[97.683984,0.596094],[97.68252,0.641064],[97.603906,0.833887],[97.46123,0.941406],[97.405371,0.946973],[97.368848,1.056934],[97.296875,1.187354],[97.079199,1.425488],[97.244238,1.423633],[97.324414,1.481641],[97.342773,1.52793],[97.355957,1.539746],[97.481543,1.465088]]],[[[99.163867,-1.77793],[99.071777,-1.783496],[98.874316,-1.663672],[98.827734,-1.609961],[98.816309,-1.538281],[98.626953,-1.261328],[98.601758,-1.197852],[98.676074,-0.970508],[98.869043,-0.915625],[98.932617,-0.954004],[98.954785,-1.05625],[99.065039,-1.240723],[99.101465,-1.340137],[99.128906,-1.38418],[99.14043,-1.418457],[99.130664,-1.442383],[99.210352,-1.559277],[99.267285,-1.627734],[99.271484,-1.738477],[99.163867,-1.77793]]],[[[116.64082,-8.613867],[116.514258,-8.820996],[116.559375,-8.854395],[116.586523,-8.886133],[116.377246,-8.929004],[116.289844,-8.906152],[116.239355,-8.912109],[116.026758,-8.873145],[115.874609,-8.825586],[115.857324,-8.787891],[115.869336,-8.742773],[115.914453,-8.758008],[116.031641,-8.765234],[116.076465,-8.744922],[116.077734,-8.611328],[116.061133,-8.437402],[116.219824,-8.295215],[116.304297,-8.237988],[116.401563,-8.204199],[116.646973,-8.282715],[116.6875,-8.304102],[116.718945,-8.336035],[116.734082,-8.386914],[116.64082,-8.613867]]],[[[115.447852,-8.155176],[115.549414,-8.208301],[115.690918,-8.363574],[115.704297,-8.407129],[115.661426,-8.448242],[115.559961,-8.51416],[115.333789,-8.615723],[115.29502,-8.663672],[115.247168,-8.75752],[115.236133,-8.797559],[115.220215,-8.819531],[115.194238,-8.835449],[115.144922,-8.849023],[115.091504,-8.829395],[115.139746,-8.768945],[115.141602,-8.696875],[115.105664,-8.629492],[115.055078,-8.573047],[114.952051,-8.496387],[114.84209,-8.428516],[114.731348,-8.393945],[114.613184,-8.37832],[114.570898,-8.34541],[114.501758,-8.26084],[114.478906,-8.214746],[114.467578,-8.166309],[114.475293,-8.119434],[114.504297,-8.116602],[114.62002,-8.127734],[114.833008,-8.182617],[114.938477,-8.187109],[114.998145,-8.174414],[115.154004,-8.065723],[115.191016,-8.06748],[115.340234,-8.11543],[115.447852,-8.155176]]],[[[106.045703,-1.669434],[106.080078,-1.738281],[106.127148,-1.800195],[106.161719,-1.866992],[106.208789,-2.188672],[106.365918,-2.464844],[106.818457,-2.57334],[106.744336,-2.617969],[106.706641,-2.658008],[106.678809,-2.704004],[106.612012,-2.895508],[106.618555,-2.936133],[106.657617,-3.001172],[106.667188,-3.071777],[106.610547,-3.071387],[106.546777,-3.055566],[106.496094,-3.029004],[106.44873,-2.994238],[106.397363,-2.966602],[106.341602,-2.94873],[106.250098,-2.894043],[106.125879,-2.855371],[105.99873,-2.824902],[105.937207,-2.743555],[105.908008,-2.643262],[105.939063,-2.493457],[105.907617,-2.451953],[105.862402,-2.41543],[105.806836,-2.307422],[105.78584,-2.181348],[105.705273,-2.132617],[105.599023,-2.103125],[105.552734,-2.079004],[105.342871,-2.125098],[105.292578,-2.114258],[105.247656,-2.079395],[105.133398,-2.042578],[105.137695,-1.972656],[105.191016,-1.916895],[105.316211,-1.860547],[105.374805,-1.813184],[105.386523,-1.750781],[105.364258,-1.705078],[105.373145,-1.657324],[105.412695,-1.611035],[105.45957,-1.574707],[105.585449,-1.526758],[105.64043,-1.610449],[105.667578,-1.680371],[105.700879,-1.731055],[105.754492,-1.658691],[105.72041,-1.533887],[105.816113,-1.506055],[105.910059,-1.50498],[105.980957,-1.53916],[106.027344,-1.593164],[106.045703,-1.669434]]],[[[123.179785,-4.551172],[123.203027,-4.766211],[123.195703,-4.822656],[123.139453,-4.739941],[123.119238,-4.723438],[123.103809,-4.739941],[123.083887,-4.749023],[123.055176,-4.748242],[123.017969,-4.831738],[123.014648,-4.910254],[122.986523,-4.963086],[122.97168,-5.138477],[122.981055,-5.185742],[123.024609,-5.162402],[123.051465,-5.156445],[123.149902,-5.224023],[123.201953,-5.27334],[123.187305,-5.333008],[123.120703,-5.393164],[123.043359,-5.419336],[122.985742,-5.393555],[122.96875,-5.405762],[122.934668,-5.436719],[122.908789,-5.477441],[122.916211,-5.519336],[122.850195,-5.637988],[122.812109,-5.671289],[122.733105,-5.634961],[122.684375,-5.666211],[122.64502,-5.663379],[122.584961,-5.544629],[122.586426,-5.488867],[122.642188,-5.42627],[122.642578,-5.381152],[122.670117,-5.330859],[122.731445,-5.261914],[122.766504,-5.210156],[122.767578,-5.177246],[122.793652,-5.052441],[122.803809,-5.000098],[122.821484,-4.944434],[122.849414,-4.83125],[122.85332,-4.618359],[122.946875,-4.442676],[123.038281,-4.394727],[123.074609,-4.386914],[123.068945,-4.433594],[123.179785,-4.551172]]],[[[122.645117,-5.269434],[122.619336,-5.33584],[122.563867,-5.3875],[122.519727,-5.391211],[122.473633,-5.380664],[122.391992,-5.335449],[122.371289,-5.383105],[122.307031,-5.380957],[122.283105,-5.319531],[122.329004,-5.137695],[122.396289,-5.069824],[122.390039,-4.998535],[122.334473,-4.846582],[122.368945,-4.767188],[122.524414,-4.707129],[122.659961,-4.633887],[122.701953,-4.618652],[122.739746,-4.675],[122.759863,-4.933887],[122.614062,-5.138672],[122.645117,-5.269434]]],[[[108.316016,3.689648],[108.17959,3.653076],[108.100391,3.704541],[108.186133,3.767969],[108.216406,3.772168],[108.236133,3.78457],[108.243262,3.810352],[108.088477,3.8521],[108.044531,3.888965],[108.002344,3.982861],[108.003516,4.042578],[108.201953,4.200488],[108.24834,4.217139],[108.255566,4.151758],[108.392871,3.986182],[108.398828,3.875977],[108.393555,3.836182],[108.316016,3.689648]]],[[[108.207227,-2.997656],[108.191797,-3.103027],[108.167285,-3.142773],[108.083594,-3.194922],[108.055273,-3.226855],[107.977148,-3.221777],[107.967285,-3.166602],[107.941113,-3.129297],[107.858203,-3.086328],[107.836621,-3.09668],[107.821777,-3.160742],[107.65957,-3.205566],[107.614453,-3.209375],[107.636719,-3.124805],[107.594922,-3.058398],[107.591602,-2.976562],[107.583887,-2.940723],[107.563477,-2.920117],[107.604883,-2.863086],[107.598145,-2.799707],[107.641602,-2.731543],[107.666309,-2.566309],[107.837793,-2.530273],[107.874707,-2.559668],[108.074414,-2.596973],[108.215137,-2.696973],[108.290625,-2.82998],[108.207227,-2.997656]]],[[[135.383008,-0.651367],[135.595703,-0.69043],[135.673242,-0.688281],[135.749023,-0.73252],[135.841211,-0.711621],[135.893555,-0.725781],[136.06875,-0.877734],[136.154688,-0.97832],[136.282617,-1.064648],[136.375293,-1.094043],[136.305371,-1.173145],[136.164746,-1.214746],[136.110352,-1.216797],[136.002539,-1.169727],[135.915039,-1.178418],[135.83877,-1.119434],[135.825586,-1.02832],[135.74707,-0.823047],[135.645703,-0.881934],[135.523828,-0.787305],[135.491113,-0.785059],[135.483398,-0.801074],[135.431641,-0.768848],[135.387695,-0.704883],[135.383008,-0.651367]]],[[[135.474219,-1.591797],[135.869141,-1.641992],[135.976172,-1.635547],[136.201563,-1.65498],[136.389648,-1.721582],[136.718555,-1.733984],[136.816699,-1.753809],[136.892578,-1.799707],[136.708594,-1.837695],[136.621875,-1.873047],[136.46084,-1.89043],[136.326074,-1.872461],[136.228125,-1.893652],[136.192578,-1.85918],[136.049219,-1.824121],[135.865723,-1.752148],[135.487598,-1.668359],[135.469727,-1.616211],[135.474219,-1.591797]]],[[[130.813281,-0.004102],[130.986523,-0.046582],[131.025781,-0.039941],[131.276855,-0.149805],[131.316895,-0.204297],[131.302734,-0.241113],[131.339746,-0.290332],[131.25752,-0.365723],[131.217871,-0.374121],[131.177734,-0.345996],[131.097754,-0.330078],[131.005371,-0.360742],[130.946484,-0.337598],[130.89668,-0.268457],[130.808398,-0.226465],[130.683496,-0.080664],[130.622168,-0.085938],[130.638281,-0.142969],[130.691309,-0.180566],[130.761328,-0.291406],[130.801563,-0.302148],[130.843164,-0.29834],[130.899219,-0.344434],[130.896289,-0.416016],[130.750195,-0.443848],[130.699805,-0.391602],[130.688672,-0.296582],[130.606543,-0.328613],[130.574902,-0.361816],[130.550781,-0.366406],[130.496289,-0.267383],[130.340527,-0.262305],[130.236621,-0.209668],[130.287695,-0.154688],[130.294922,-0.101465],[130.3625,-0.072852],[130.430957,-0.098486],[130.499609,-0.060107],[130.54834,-0.069922],[130.584277,-0.04541],[130.722363,-0.029834],[130.813281,-0.004102]]],[[[128.453906,2.051758],[128.295898,2.034717],[128.259961,2.08252],[128.217969,2.297461],[128.330371,2.469336],[128.47207,2.570508],[128.568652,2.596094],[128.602148,2.597607],[128.688477,2.473682],[128.623242,2.224414],[128.547559,2.09707],[128.453906,2.051758]]],[[[128.153027,-1.660547],[128.091797,-1.701172],[128.06123,-1.712402],[127.91377,-1.685156],[127.741016,-1.69082],[127.561621,-1.728516],[127.457617,-1.69668],[127.392188,-1.644824],[127.39502,-1.589844],[127.456738,-1.453711],[127.591797,-1.350781],[127.64668,-1.332422],[127.742969,-1.360254],[127.905078,-1.439063],[128.032813,-1.531641],[128.14873,-1.603711],[128.153027,-1.660547]]],[[[126.055078,-2.45127],[126.037891,-2.469434],[125.97793,-2.41543],[125.937598,-2.262793],[125.903223,-2.222168],[125.862891,-2.077148],[125.873242,-2.035938],[125.922754,-1.974805],[125.962793,-1.975781],[125.992676,-2.011816],[125.975977,-2.168066],[126.065723,-2.36582],[126.055078,-2.45127]]],[[[126.024219,-1.789746],[126.331738,-1.822852],[126.288086,-1.858887],[125.956445,-1.916602],[125.838867,-1.906152],[125.479199,-1.940039],[125.432617,-1.938086],[125.425977,-1.882227],[125.387207,-1.843066],[125.444727,-1.808984],[125.520898,-1.800879],[125.720313,-1.81377],[126.024219,-1.789746]]],[[[124.969531,-1.705469],[125.062988,-1.741016],[125.095898,-1.74082],[125.126758,-1.699316],[125.145801,-1.692578],[125.187891,-1.712891],[125.197656,-1.780273],[125.258203,-1.770898],[125.305371,-1.793945],[125.320215,-1.810059],[125.314063,-1.877148],[125.134766,-1.888965],[125.006738,-1.943066],[124.834473,-1.894434],[124.63916,-1.978223],[124.520605,-2.006934],[124.417773,-2.005176],[124.329688,-1.858887],[124.380859,-1.6875],[124.417578,-1.659277],[124.483008,-1.644336],[124.663965,-1.635938],[124.969531,-1.705469]]],[[[131.325586,-7.999512],[131.30918,-8.01084],[131.184961,-7.997852],[131.11377,-7.997363],[131.123438,-7.921875],[131.086816,-7.865039],[131.136816,-7.781738],[131.137793,-7.684863],[131.190039,-7.671875],[131.197363,-7.616699],[131.260059,-7.470508],[131.296875,-7.438086],[131.349219,-7.425391],[131.411035,-7.340137],[131.446191,-7.315332],[131.482617,-7.250684],[131.535254,-7.220605],[131.530859,-7.165137],[131.560742,-7.135742],[131.643457,-7.112793],[131.700781,-7.140234],[131.736133,-7.19707],[131.643848,-7.266895],[131.691113,-7.438867],[131.624414,-7.626172],[131.580273,-7.682227],[131.498438,-7.730664],[131.473535,-7.77666],[131.377051,-7.869141],[131.347754,-7.948047],[131.343457,-7.981445],[131.325586,-7.999512]]],[[[126.800977,-7.667871],[126.814453,-7.716504],[126.812695,-7.737891],[126.692871,-7.753516],[126.577344,-7.807617],[126.518164,-7.869922],[126.47207,-7.950391],[126.312891,-7.917676],[126.171094,-7.912305],[126.108398,-7.883984],[126.040039,-7.88584],[125.951563,-7.910938],[125.826172,-7.979297],[125.798242,-7.98457],[125.808398,-7.880664],[125.843164,-7.816699],[125.975293,-7.663379],[126.085352,-7.697363],[126.213672,-7.706738],[126.359375,-7.676758],[126.462891,-7.607813],[126.60957,-7.571777],[126.726367,-7.662207],[126.800977,-7.667871]]],[[[124.575586,-8.14082],[124.599609,-8.201758],[124.676855,-8.168066],[124.752246,-8.15957],[124.924121,-8.166016],[125.050293,-8.17959],[125.124609,-8.204785],[125.131738,-8.326465],[125.096777,-8.352832],[124.444238,-8.444629],[124.380664,-8.415137],[124.355566,-8.385938],[124.425977,-8.295801],[124.393555,-8.253027],[124.430664,-8.183203],[124.508594,-8.135449],[124.575586,-8.14082]]],[[[131.001855,-1.315527],[130.966602,-1.343457],[130.845117,-1.317285],[130.782324,-1.255469],[130.739355,-1.172559],[130.712109,-1.104395],[130.704395,-1.050195],[130.667969,-0.983984],[130.672949,-0.959766],[130.897168,-0.890039],[130.939453,-0.915332],[131.033008,-0.917578],[131.073926,-0.968262],[131.046191,-1.188184],[131.001855,-1.315527]]],[[[96.492578,5.229346],[96.615234,5.220215],[96.842676,5.274463],[96.967773,5.269141],[97.085742,5.229932],[97.19043,5.207324],[97.451172,5.236035],[97.500195,5.22832],[97.547168,5.205859],[97.5875,5.170361],[97.706738,5.040137],[97.908398,4.87998],[97.966602,4.77749],[97.999805,4.662256],[98.020703,4.635205],[98.248438,4.414551],[98.27334,4.322314],[98.241211,4.194531],[98.307324,4.092871],[98.52832,3.997559],[98.658691,3.928125],[98.686523,3.885547],[98.705762,3.834766],[98.77793,3.759424],[98.868652,3.710352],[99.151172,3.58125],[99.521484,3.311182],[99.732324,3.183057],[99.906641,2.988184],[99.969434,2.894922],[100.021289,2.794238],[100.127246,2.647607],[100.307227,2.466602],[100.352734,2.411475],[100.401172,2.331641],[100.457031,2.257422],[100.523828,2.18916],[100.603613,2.136963],[100.685254,2.120068],[100.816797,1.989258],[100.887891,1.948242],[100.87666,2.050586],[100.816895,2.140186],[100.817773,2.194238],[100.828223,2.242578],[100.877051,2.283301],[100.935938,2.294727],[101.046191,2.257471],[101.225195,2.102246],[101.300781,2.011816],[101.357617,1.887012],[101.405078,1.757422],[101.47666,1.693066],[101.575,1.670557],[101.684277,1.66123],[101.784766,1.621387],[102.019922,1.442139],[102.098047,1.35791],[102.157227,1.258887],[102.197949,1.141699],[102.22334,1.018701],[102.239062,0.990332],[102.389941,0.841992],[102.469238,0.779297],[102.566406,0.748828],[102.849414,0.715479],[102.949316,0.664209],[103.031836,0.578906],[103.066504,0.491992],[103.00752,0.415332],[102.786328,0.297754],[102.55,0.216455],[102.77959,0.244482],[102.895898,0.278613],[103.002832,0.331982],[103.108691,0.399805],[103.276563,0.494531],[103.338965,0.513721],[103.412305,0.506934],[103.478906,0.480176],[103.578711,0.387061],[103.672656,0.288916],[103.742773,0.174414],[103.786719,0.046973],[103.706445,-0.01958],[103.589453,-0.06875],[103.428516,-0.191797],[103.411621,-0.24043],[103.444434,-0.27168],[103.405176,-0.362207],[103.49541,-0.418066],[103.50918,-0.465527],[103.431152,-0.533594],[103.438574,-0.575586],[103.532715,-0.754688],[103.577539,-0.795703],[103.721094,-0.886719],[103.940039,-0.979102],[104.061133,-1.021387],[104.198535,-1.054297],[104.25752,-1.053418],[104.360547,-1.038379],[104.38125,-1.074219],[104.425684,-1.250684],[104.446875,-1.362402],[104.47832,-1.600098],[104.518555,-1.69873],[104.515918,-1.819434],[104.56875,-1.921777],[104.676367,-1.987207],[104.791016,-2.04082],[104.845215,-2.092969],[104.844531,-2.171777],[104.826074,-2.23418],[104.787305,-2.282715],[104.668457,-2.385547],[104.647266,-2.429883],[104.630566,-2.543359],[104.650781,-2.595215],[104.69834,-2.598145],[104.735742,-2.570898],[104.878418,-2.418848],[104.916992,-2.392188],[104.970801,-2.370898],[105.025879,-2.35752],[105.286523,-2.35625],[105.396973,-2.380176],[105.495313,-2.429688],[105.582031,-2.491992],[105.899121,-2.887793],[106.044336,-3.10625],[106.055762,-3.160645],[106.058398,-3.217188],[106.033691,-3.260938],[105.901465,-3.410059],[105.885059,-3.45127],[105.84375,-3.613672],[105.851562,-3.730566],[105.895508,-3.779688],[105.930469,-3.833008],[105.927734,-3.881348],[105.840625,-4.121777],[105.831445,-4.162891],[105.886523,-4.553906],[105.890527,-4.659766],[105.879297,-4.793652],[105.887207,-5.00957],[105.816113,-5.676563],[105.802734,-5.716406],[105.74834,-5.818262],[105.676562,-5.817578],[105.618555,-5.799609],[105.57793,-5.760645],[105.555566,-5.712305],[105.522656,-5.672754],[105.349414,-5.549512],[105.304004,-5.57002],[105.128125,-5.722852],[105.081348,-5.745508],[105.022656,-5.726855],[104.930273,-5.681152],[104.639551,-5.52041],[104.62168,-5.571777],[104.618164,-5.641504],[104.675977,-5.816211],[104.683984,-5.892676],[104.631055,-5.90791],[104.601562,-5.90459],[104.480859,-5.803125],[104.369531,-5.690723],[104.242969,-5.538867],[104.150488,-5.466602],[104.066797,-5.385938],[103.831445,-5.07959],[103.770312,-5.032813],[103.405664,-4.816406],[103.332129,-4.765234],[103.238867,-4.675684],[103.138672,-4.596191],[102.918945,-4.470703],[102.537695,-4.152148],[102.371973,-3.969238],[102.187695,-3.674512],[102.127539,-3.599219],[101.817871,-3.378027],[101.649023,-3.244043],[101.578613,-3.166992],[101.414258,-2.898828],[101.366211,-2.808496],[101.305664,-2.728711],[101.20625,-2.663965],[101.118555,-2.587793],[100.944434,-2.345215],[100.889551,-2.248535],[100.848047,-2.143945],[100.855273,-1.93418],[100.486523,-1.299121],[100.393945,-1.10127],[100.308203,-0.82666],[100.289062,-0.798828],[100.087891,-0.55293],[100.016699,-0.474219],[99.930664,-0.400195],[99.860059,-0.31377],[99.721289,-0.032959],[99.669824,0.045068],[99.597656,0.102441],[99.33457,0.208594],[99.236426,0.267773],[99.15918,0.351758],[99.111719,0.458936],[99.05957,0.686377],[98.935547,1.031934],[98.796387,1.494629],[98.702539,1.701953],[98.595313,1.8646],[98.564258,1.902148],[98.086523,2.195068],[98.005078,2.238184],[97.918555,2.264209],[97.79502,2.282861],[97.700781,2.358545],[97.662012,2.494287],[97.640625,2.676416],[97.616797,2.785107],[97.59082,2.846582],[97.391309,2.975293],[97.313184,3.077051],[97.247949,3.189014],[97.188379,3.275732],[96.968945,3.575146],[96.893945,3.653711],[96.800977,3.708545],[96.525391,3.766602],[96.444727,3.816309],[96.31084,3.986328],[96.230078,4.072754],[95.987988,4.263281],[95.578613,4.661963],[95.494727,4.761377],[95.431934,4.865039],[95.38125,4.976172],[95.206641,5.284033],[95.220703,5.34624],[95.24707,5.410791],[95.242969,5.464307],[95.223828,5.51709],[95.227832,5.564795],[95.27959,5.592871],[95.396094,5.628809],[95.516992,5.624609],[95.628906,5.609082],[95.737305,5.579297],[95.841309,5.514502],[96.027344,5.351172],[96.133301,5.294287],[96.250879,5.266992],[96.492578,5.229346]]],[[[122.78291,-8.611719],[122.641504,-8.647266],[122.553809,-8.680957],[122.470215,-8.725488],[122.417285,-8.734668],[122.321484,-8.738281],[122.185742,-8.730273],[122.094141,-8.744727],[121.838672,-8.860352],[121.738281,-8.87041],[121.651367,-8.89873],[121.621289,-8.853809],[121.58457,-8.820605],[121.499609,-8.812207],[121.414648,-8.814844],[121.32832,-8.916895],[121.19082,-8.895508],[121.1375,-8.904492],[121.086133,-8.925977],[121.035254,-8.935449],[120.981836,-8.92832],[120.780957,-8.848828],[120.550488,-8.801855],[120.319531,-8.820312],[120.120898,-8.776953],[120.012109,-8.810156],[119.909375,-8.857617],[119.879102,-8.807617],[119.841406,-8.763574],[119.80791,-8.697656],[119.807031,-8.622949],[119.818164,-8.570508],[119.847656,-8.522852],[119.866113,-8.473145],[119.874805,-8.419824],[119.918262,-8.445117],[119.96377,-8.435547],[120.099219,-8.377539],[120.231152,-8.289844],[120.354102,-8.257812],[120.424902,-8.248926],[120.485547,-8.266113],[120.547168,-8.259863],[120.610254,-8.24043],[120.70957,-8.307813],[120.751367,-8.321484],[120.886133,-8.32666],[121.008691,-8.365527],[121.118164,-8.423535],[121.27666,-8.47793],[121.371973,-8.550879],[121.444531,-8.577832],[121.498438,-8.585156],[121.547949,-8.575293],[121.610352,-8.526172],[121.683398,-8.505859],[121.74707,-8.506641],[121.862891,-8.493945],[121.911719,-8.482129],[121.966504,-8.455176],[122.020117,-8.471875],[122.06709,-8.49668],[122.263086,-8.624902],[122.323242,-8.62832],[122.433496,-8.600781],[122.466602,-8.566406],[122.483594,-8.513574],[122.51377,-8.469629],[122.555859,-8.431543],[122.603516,-8.402441],[122.75,-8.353125],[122.850488,-8.304395],[122.919141,-8.221875],[122.758594,-8.185938],[122.792383,-8.126563],[122.845703,-8.093262],[122.916992,-8.105566],[122.97832,-8.151953],[123.005957,-8.329102],[122.955469,-8.354102],[122.923633,-8.380957],[122.902148,-8.416309],[122.811133,-8.481152],[122.846777,-8.562207],[122.82002,-8.595703],[122.78291,-8.611719]]],[[[120.0125,-9.374707],[120.057617,-9.419727],[120.221094,-9.506348],[120.248047,-9.542871],[120.258301,-9.603125],[120.291113,-9.647852],[120.364746,-9.654688],[120.443652,-9.645605],[120.503711,-9.674023],[120.555566,-9.719043],[120.632617,-9.806445],[120.700391,-9.903125],[120.784473,-9.957031],[120.832617,-10.0375],[120.804199,-10.108496],[120.698047,-10.206641],[120.64043,-10.22793],[120.561719,-10.235645],[120.43916,-10.294043],[120.394531,-10.263477],[120.255469,-10.242285],[120.144824,-10.200098],[120.051953,-10.122852],[119.998438,-10.039746],[119.930664,-9.966504],[119.812793,-9.91748],[119.601074,-9.773535],[119.470313,-9.760547],[119.416504,-9.771094],[119.362598,-9.771777],[119.085449,-9.706934],[119.042383,-9.669043],[119.008398,-9.620508],[118.977344,-9.572852],[118.958789,-9.519336],[118.994141,-9.47207],[119.031445,-9.440234],[119.185645,-9.384473],[119.295898,-9.367188],[119.423926,-9.369824],[119.614746,-9.352441],[119.795117,-9.380469],[119.850781,-9.35957],[119.94209,-9.301465],[119.973828,-9.321582],[120.0125,-9.374707]]],[[[118.242383,-8.317773],[118.292383,-8.357227],[118.337891,-8.353516],[118.433203,-8.293262],[118.490625,-8.271484],[118.552148,-8.27041],[118.611914,-8.280664],[118.670605,-8.323438],[118.691797,-8.393457],[118.713867,-8.414941],[118.74834,-8.331152],[118.794238,-8.305859],[118.845703,-8.293066],[118.926172,-8.297656],[118.987793,-8.337695],[119.043848,-8.456738],[119.04209,-8.560938],[119.0625,-8.599805],[119.101074,-8.628223],[119.129687,-8.668164],[119.104199,-8.709961],[119.078906,-8.730469],[119.00625,-8.749609],[118.971484,-8.741211],[118.939355,-8.713086],[118.90332,-8.702734],[118.821191,-8.712109],[118.745898,-8.735449],[118.75625,-8.773633],[118.818066,-8.79082],[118.836719,-8.808887],[118.832617,-8.833398],[118.808301,-8.838281],[118.72793,-8.805273],[118.673633,-8.811914],[118.478613,-8.856445],[118.426953,-8.855469],[118.397852,-8.813379],[118.399902,-8.703711],[118.378906,-8.674609],[118.233984,-8.807813],[118.189941,-8.840527],[118.131543,-8.855957],[118.070703,-8.850586],[117.86123,-8.931445],[117.79541,-8.920117],[117.731641,-8.919922],[117.50791,-9.00752],[117.387891,-9.031934],[117.326367,-9.033691],[117.265039,-9.026172],[117.210254,-9.034082],[117.16123,-9.069238],[117.061328,-9.099023],[116.958203,-9.076367],[116.871094,-9.046191],[116.788477,-9.006348],[116.767969,-8.955469],[116.77207,-8.894336],[116.806934,-8.810938],[116.783105,-8.664648],[116.80127,-8.597949],[116.835059,-8.532422],[116.88623,-8.508301],[116.953125,-8.503418],[117.063672,-8.444434],[117.164844,-8.367188],[117.223633,-8.374512],[117.356641,-8.428516],[117.43457,-8.434961],[117.56709,-8.426367],[117.621777,-8.45957],[117.643359,-8.535547],[117.672852,-8.563281],[117.712109,-8.582617],[117.806055,-8.711133],[117.893164,-8.704395],[117.969531,-8.728027],[118.104102,-8.650293],[118.205957,-8.652148],[118.234863,-8.591895],[118.174023,-8.527539],[118.100488,-8.475195],[118.061035,-8.464258],[118.017871,-8.467383],[117.979102,-8.458887],[117.814844,-8.34209],[117.766406,-8.279004],[117.738379,-8.20459],[117.755273,-8.149512],[117.868262,-8.100879],[117.920996,-8.089063],[118.11748,-8.122266],[118.150684,-8.15],[118.202832,-8.267285],[118.242383,-8.317773]]],[[[124.888867,0.995312],[124.698145,0.825586],[124.639844,0.743555],[124.589063,0.655273],[124.514063,0.557129],[124.427539,0.470605],[124.384375,0.444971],[124.278027,0.398438],[124.216797,0.380371],[124.101367,0.374561],[123.753809,0.305518],[123.639648,0.297461],[123.525977,0.300342],[123.310449,0.317578],[123.26543,0.326611],[123.179492,0.415527],[123.08252,0.48584],[122.996875,0.493506],[122.90957,0.485986],[122.280762,0.481055],[122.060938,0.468018],[121.841992,0.436572],[121.722754,0.450879],[121.60459,0.486133],[121.515723,0.498437],[121.425781,0.494824],[121.012988,0.441699],[120.90918,0.446777],[120.700391,0.514697],[120.579004,0.52832],[120.459961,0.510303],[120.349023,0.449219],[120.307031,0.408252],[120.192285,0.268506],[120.127344,0.166553],[120.07832,0.039746],[120.036035,-0.089941],[120.013281,-0.196191],[120.012109,-0.307129],[120.031738,-0.432031],[120.062891,-0.555566],[120.097461,-0.649902],[120.240625,-0.868262],[120.269824,-0.899219],[120.425391,-0.960645],[120.517578,-1.039453],[120.605078,-1.258496],[120.667383,-1.370117],[120.728613,-1.371484],[120.796973,-1.363672],[120.91582,-1.377832],[121.033691,-1.406543],[121.148535,-1.339453],[121.212598,-1.2125],[121.276855,-1.118164],[121.431348,-0.938574],[121.519336,-0.855566],[121.575586,-0.828516],[121.632715,-0.840332],[121.681152,-0.887891],[121.737695,-0.925684],[121.853125,-0.945996],[121.969629,-0.933301],[122.093652,-0.875],[122.138086,-0.839258],[122.174902,-0.79375],[122.27998,-0.757031],[122.529688,-0.756641],[122.658789,-0.769824],[122.88877,-0.755176],[122.885547,-0.72207],[122.841113,-0.687012],[122.829492,-0.658887],[122.872266,-0.640723],[123.02041,-0.599805],[123.171484,-0.570703],[123.281445,-0.591504],[123.379687,-0.648535],[123.417383,-0.707422],[123.43418,-0.778223],[123.396289,-0.961621],[123.37793,-1.004102],[123.299609,-1.026074],[123.225781,-1.001758],[123.152734,-0.907031],[123.049414,-0.872363],[122.902832,-0.900977],[122.852539,-0.928125],[122.807422,-0.966016],[122.724609,-1.064258],[122.655664,-1.175195],[122.506641,-1.347852],[122.33418,-1.497852],[122.250684,-1.555273],[122.157617,-1.593945],[121.858594,-1.693262],[121.779883,-1.766992],[121.71875,-1.862793],[121.650977,-1.89541],[121.572656,-1.905762],[121.513867,-1.887793],[121.394727,-1.833789],[121.355469,-1.878223],[121.348828,-1.945996],[121.40752,-1.970117],[121.501953,-2.04502],[121.575,-2.150879],[121.621875,-2.173633],[121.725977,-2.208008],[121.769727,-2.240918],[121.848242,-2.331543],[121.971875,-2.542383],[122.013965,-2.656445],[122.082617,-2.749512],[122.291699,-2.907617],[122.30332,-2.952246],[122.29043,-3.004199],[122.306543,-3.051563],[122.38125,-3.142383],[122.399023,-3.200879],[122.317285,-3.275098],[122.312793,-3.382715],[122.262695,-3.527441],[122.251367,-3.57627],[122.25293,-3.62041],[122.288086,-3.661621],[122.329102,-3.694238],[122.385352,-3.711426],[122.43457,-3.739844],[122.529199,-3.852637],[122.578613,-3.882324],[122.609961,-3.923438],[122.606738,-3.984668],[122.649902,-4.020508],[122.689648,-4.084473],[122.750391,-4.1],[122.778809,-4.081641],[122.798242,-4.054199],[122.847949,-4.064551],[122.877344,-4.109082],[122.894336,-4.166309],[122.899805,-4.229395],[122.897363,-4.349121],[122.872266,-4.391992],[122.817578,-4.389941],[122.719727,-4.340723],[122.715039,-4.37627],[122.72168,-4.410742],[122.671875,-4.422168],[122.614746,-4.417383],[122.471387,-4.42207],[122.207129,-4.496387],[122.114258,-4.540234],[122.054199,-4.620117],[122.05,-4.675293],[122.073242,-4.791699],[122.038086,-4.832422],[121.916992,-4.847949],[121.748047,-4.816699],[121.645703,-4.785645],[121.588672,-4.75957],[121.514355,-4.68125],[121.486523,-4.581055],[121.541211,-4.28291],[121.556738,-4.244629],[121.583398,-4.210547],[121.611523,-4.156348],[121.618066,-4.092676],[121.537402,-4.014844],[121.41582,-3.984277],[121.312695,-3.919434],[120.914258,-3.555762],[120.891797,-3.520605],[120.890918,-3.460352],[120.906934,-3.404004],[121.037891,-3.205176],[121.054297,-3.16709],[121.070312,-3.010156],[121.066797,-2.880957],[121.052148,-2.75166],[120.990137,-2.670313],[120.879395,-2.645605],[120.765039,-2.641602],[120.653613,-2.667578],[120.543945,-2.732617],[120.341406,-2.869629],[120.261035,-2.949316],[120.254102,-3.052832],[120.300488,-3.154297],[120.360449,-3.246875],[120.392383,-3.348145],[120.436621,-3.707324],[120.435156,-3.747852],[120.383008,-3.852344],[120.3625,-4.085742],[120.38457,-4.415137],[120.420117,-4.617383],[120.40498,-4.727246],[120.310156,-4.963184],[120.281445,-5.092676],[120.279297,-5.146094],[120.390918,-5.392578],[120.416602,-5.490039],[120.430371,-5.591016],[120.311621,-5.541602],[120.256445,-5.544141],[120.200781,-5.559375],[120.077051,-5.575488],[119.951563,-5.577637],[119.907617,-5.596289],[119.818457,-5.661816],[119.764453,-5.688281],[119.717285,-5.693359],[119.557422,-5.611035],[119.463086,-5.52168],[119.376172,-5.424805],[119.360352,-5.31416],[119.390625,-5.200586],[119.433594,-5.079199],[119.519531,-4.877344],[119.515527,-4.741895],[119.544922,-4.630859],[119.594043,-4.523145],[119.611719,-4.423535],[119.623633,-4.034375],[119.611426,-3.999805],[119.493652,-3.768555],[119.480078,-3.729785],[119.479297,-3.667383],[119.491992,-3.607813],[119.494531,-3.554102],[119.46748,-3.512988],[119.419824,-3.475391],[119.362109,-3.458984],[119.240039,-3.475293],[118.994629,-3.537598],[118.922168,-3.482715],[118.867676,-3.398047],[118.832812,-3.280176],[118.8125,-3.156641],[118.821875,-3.040625],[118.858105,-2.928516],[118.828906,-2.850098],[118.783691,-2.764746],[118.783301,-2.720801],[118.808984,-2.682324],[118.85332,-2.650195],[118.90752,-2.631445],[118.958203,-2.597461],[119.092188,-2.48291],[119.135352,-2.382324],[119.138184,-2.258496],[119.172266,-2.140039],[119.24082,-2.030957],[119.321875,-1.929688],[119.348242,-1.825293],[119.308301,-1.659668],[119.324121,-1.584277],[119.310352,-1.495703],[119.308984,-1.408203],[119.35918,-1.243457],[119.508203,-0.906738],[119.653516,-0.72793],[119.711328,-0.680762],[119.786719,-0.763965],[119.844336,-0.861914],[119.845215,-0.773242],[119.829883,-0.686328],[119.77168,-0.483594],[119.721875,-0.088477],[119.73584,-0.051025],[119.786523,-0.056982],[119.838281,-0.022119],[119.865625,0.040088],[119.811719,0.186914],[119.809277,0.238672],[119.913281,0.445068],[119.998047,0.520215],[120.035156,0.566602],[120.056445,0.692529],[120.100586,0.740137],[120.156543,0.77417],[120.229785,0.86123],[120.269531,0.970801],[120.293848,0.97915],[120.322461,0.983154],[120.366504,0.887549],[120.416016,0.848682],[120.516602,0.817529],[120.602539,0.854395],[120.626465,0.902393],[120.658887,0.943652],[120.711035,0.98667],[120.754883,1.035645],[120.803613,1.149268],[120.867969,1.252832],[120.912109,1.288965],[120.96543,1.311816],[121.024609,1.325781],[121.081738,1.327637],[121.208398,1.2625],[121.281738,1.249805],[121.356738,1.254541],[121.404102,1.243604],[121.440039,1.214404],[121.472754,1.155518],[121.513281,1.104736],[121.550684,1.079687],[121.591797,1.067969],[121.867383,1.088525],[122.108203,1.031152],[122.436621,1.018066],[122.549316,0.984473],[122.657422,0.940576],[122.789844,0.862891],[122.838281,0.845703],[122.89248,0.85],[122.960059,0.922998],[123.012793,0.938965],[123.066504,0.941797],[123.278125,0.928076],[123.84668,0.838184],[123.930762,0.850439],[124.273633,1.022266],[124.41084,1.185107],[124.533691,1.230469],[124.575391,1.304053],[124.600195,1.392432],[124.64375,1.416162],[124.74668,1.441406],[124.787695,1.467578],[124.860645,1.576025],[124.94707,1.672168],[124.989258,1.701025],[125.110938,1.685693],[125.164844,1.643652],[125.233789,1.502295],[125.22168,1.478711],[125.140918,1.408398],[125.11748,1.378906],[125.028027,1.180225],[124.966797,1.082617],[124.888867,0.995312]]],[[[107.373926,-6.007617],[107.474707,-6.121777],[107.562988,-6.182715],[107.666797,-6.21582],[107.776074,-6.218945],[107.883789,-6.233301],[108.008789,-6.276953],[108.137598,-6.29668],[108.197461,-6.289062],[108.254492,-6.266602],[108.29502,-6.265039],[108.330176,-6.286035],[108.419141,-6.382812],[108.515918,-6.471191],[108.537988,-6.516211],[108.603613,-6.729199],[108.677832,-6.790527],[108.779688,-6.808301],[108.899414,-6.808398],[109.018359,-6.817285],[109.294238,-6.866992],[109.403711,-6.860156],[109.500586,-6.810156],[109.586914,-6.842578],[109.820996,-6.902441],[109.93623,-6.91582],[110.06709,-6.89873],[110.198438,-6.895117],[110.260938,-6.912402],[110.321094,-6.938379],[110.372754,-6.947754],[110.42627,-6.947266],[110.520898,-6.897266],[110.583594,-6.805664],[110.634277,-6.690137],[110.674023,-6.569824],[110.700781,-6.518066],[110.736914,-6.472363],[110.78418,-6.442676],[110.834766,-6.424219],[110.972266,-6.435645],[111.000684,-6.464746],[111.154395,-6.669043],[111.181543,-6.686719],[111.34209,-6.699512],[111.386523,-6.692871],[111.484473,-6.651855],[111.540332,-6.648242],[111.643555,-6.69873],[111.688086,-6.741699],[111.737598,-6.773438],[111.989844,-6.805957],[112.087305,-6.893359],[112.136719,-6.905078],[112.312305,-6.894434],[112.433594,-6.903027],[112.539258,-6.926465],[112.586914,-7.050586],[112.625977,-7.178027],[112.64873,-7.221289],[112.751953,-7.265039],[112.794336,-7.304492],[112.78291,-7.431641],[112.794531,-7.552441],[113.013574,-7.657715],[113.248438,-7.718164],[113.497656,-7.723828],[113.747461,-7.703027],[113.87627,-7.677246],[114.037305,-7.632129],[114.070703,-7.633008],[114.382715,-7.771094],[114.409277,-7.79248],[114.444238,-7.895605],[114.443262,-8.00459],[114.384961,-8.263281],[114.381348,-8.334277],[114.386914,-8.405176],[114.448828,-8.559277],[114.481738,-8.603809],[114.59502,-8.684766],[114.599219,-8.727246],[114.583789,-8.769629],[114.45918,-8.740527],[114.383203,-8.705371],[114.339258,-8.647363],[114.276953,-8.614648],[114.159668,-8.626465],[113.940332,-8.568359],[113.692578,-8.478027],[113.25332,-8.286719],[113.133691,-8.288281],[113.018945,-8.312695],[112.897754,-8.361426],[112.77168,-8.396094],[112.678809,-8.40918],[112.586035,-8.399609],[112.351562,-8.353613],[112.115137,-8.323926],[111.509961,-8.305078],[111.338574,-8.261719],[111.055371,-8.239551],[110.830176,-8.201953],[110.607227,-8.149414],[110.038672,-7.890527],[109.852637,-7.828418],[109.281641,-7.704883],[109.193555,-7.694922],[108.986719,-7.704102],[108.85625,-7.667871],[108.741211,-7.66709],[108.570508,-7.707227],[108.517969,-7.736035],[108.451758,-7.796973],[108.335547,-7.794043],[108.220508,-7.782324],[107.91748,-7.724121],[107.804395,-7.688379],[107.695801,-7.635547],[107.597852,-7.566699],[107.546875,-7.541895],[107.284961,-7.47168],[107.071191,-7.447461],[106.631445,-7.415527],[106.535352,-7.394238],[106.455273,-7.368652],[106.411328,-7.311719],[106.416895,-7.239355],[106.448438,-7.176758],[106.491504,-7.113867],[106.519727,-7.053711],[106.198242,-6.927832],[105.944336,-6.858984],[105.834766,-6.845801],[105.724805,-6.846094],[105.600977,-6.860352],[105.478418,-6.853711],[105.420801,-6.833203],[105.361914,-6.826172],[105.30293,-6.841016],[105.255469,-6.835254],[105.243164,-6.778027],[105.273438,-6.729395],[105.335645,-6.674121],[105.370898,-6.664355],[105.387012,-6.750781],[105.404688,-6.767969],[105.459766,-6.786914],[105.483691,-6.781543],[105.580859,-6.670996],[105.608008,-6.616699],[105.655078,-6.469531],[105.706055,-6.497949],[105.757422,-6.480371],[105.786914,-6.456934],[105.868262,-6.116406],[105.936133,-6.016992],[106.028809,-5.934277],[106.075,-5.91416],[106.16582,-5.964746],[106.349707,-5.984082],[106.459082,-6.017578],[106.56875,-6.021875],[106.675879,-6.038379],[106.825195,-6.098242],[106.87793,-6.091992],[106.931641,-6.073438],[107.011621,-6.008496],[107.046289,-5.904199],[107.162109,-5.957129],[107.331836,-5.978125],[107.373926,-6.007617]]],[[[109.628906,2.027539],[109.538965,1.896191],[109.548926,1.84834],[109.570801,1.806299],[109.63584,1.77666],[109.654004,1.614893],[109.735742,1.522949],[109.818066,1.438965],[109.878516,1.397852],[109.944922,1.338037],[109.991699,1.282568],[110.04082,1.235742],[110.114746,1.190137],[110.315234,0.995996],[110.399023,0.939062],[110.461426,0.88208],[110.505762,0.861963],[110.614746,0.878125],[110.938086,1.017334],[110.996094,1.026367],[111.101367,1.050537],[111.286719,1.043213],[111.483203,0.995752],[111.54668,0.994336],[111.607422,1.022607],[111.691309,1.014209],[111.769727,0.999463],[111.808984,1.01167],[111.923145,1.113281],[112.078516,1.143359],[112.128613,1.243604],[112.167383,1.338184],[112.185742,1.439062],[112.250684,1.479639],[112.341602,1.514746],[112.476172,1.559082],[112.942969,1.566992],[112.988281,1.547559],[112.998047,1.49624],[112.988281,1.457129],[113.006543,1.433887],[113.068652,1.431787],[113.12627,1.408105],[113.358984,1.327148],[113.458203,1.302148],[113.513184,1.308398],[113.622266,1.235937],[113.681641,1.260596],[113.760352,1.311377],[113.835254,1.379883],[113.902344,1.434277],[114,1.455273],[114.125977,1.452344],[114.274707,1.470898],[114.387109,1.500049],[114.5125,1.452002],[114.545898,1.467139],[114.56748,1.51416],[114.632227,1.617041],[114.660937,1.686279],[114.686133,1.819043],[114.703516,1.850781],[114.751074,1.868994],[114.8,1.893945],[114.812695,1.933789],[114.830566,1.980029],[114.81582,2.018945],[114.787988,2.051611],[114.758691,2.162402],[114.768359,2.212939],[114.786426,2.250488],[114.836328,2.269385],[114.969141,2.35083],[115.086523,2.446143],[115.150781,2.49292],[115.179102,2.523193],[115.180859,2.566895],[115.129883,2.612402],[115.080762,2.634229],[115.077051,2.687012],[115.078906,2.723437],[115.093652,2.757812],[115.086523,2.791211],[115.086328,2.841113],[115.117578,2.894873],[115.189941,2.974463],[115.246973,3.025928],[115.310156,2.993945],[115.38418,3.00874],[115.454395,3.034326],[115.493164,3.128125],[115.499121,3.173145],[115.489746,3.208643],[115.514258,3.342383],[115.519922,3.36167],[115.566113,3.445752],[115.570703,3.502295],[115.544531,3.633691],[115.560938,3.733057],[115.568457,3.93877],[115.596094,3.975537],[115.627539,4.081982],[115.678809,4.193018],[115.782422,4.25376],[115.836816,4.333301],[115.860742,4.348047],[115.896191,4.348682],[116.021582,4.290674],[116.134473,4.355176],[116.23623,4.362549],[116.320312,4.353711],[116.367676,4.327344],[116.414551,4.308203],[116.514746,4.370801],[116.553125,4.359863],[116.589063,4.338428],[116.638672,4.339111],[116.697852,4.35498],[116.843555,4.340137],[117.100586,4.337061],[117.277539,4.299316],[117.450879,4.192871],[117.537305,4.171387],[117.574414,4.170605],[117.566211,4.162305],[117.497461,4.133398],[117.465332,4.076074],[117.559375,3.98833],[117.566016,3.929932],[117.639063,3.877979],[117.728223,3.796729],[117.731738,3.770264],[117.762012,3.733887],[117.777246,3.689258],[117.714453,3.644824],[117.629883,3.636328],[117.567383,3.678271],[117.509668,3.730371],[117.494922,3.665576],[117.450391,3.628516],[117.287891,3.639307],[117.171582,3.638965],[117.055957,3.622656],[117.113867,3.612646],[117.166406,3.591992],[117.346289,3.426611],[117.384668,3.365381],[117.321875,3.243555],[117.352441,3.19375],[117.42207,3.165186],[117.506836,3.10459],[117.567187,3.098486],[117.610645,3.064355],[117.612402,3.004883],[117.637891,2.95083],[117.569141,2.929297],[117.637207,2.914941],[117.697656,2.887305],[117.664551,2.859277],[117.638867,2.825293],[117.666797,2.806934],[117.749707,2.775586],[117.785937,2.746777],[117.804883,2.668945],[117.885742,2.541748],[118.03418,2.377637],[118.066602,2.317822],[118.066309,2.262744],[118.041602,2.21543],[117.957031,2.159961],[117.889258,2.087012],[117.881055,2.060645],[117.789258,2.026855],[117.83125,2.002002],[117.864648,1.968408],[117.928418,1.866797],[118.080371,1.701855],[118.156836,1.640332],[118.47168,1.416455],[118.638965,1.318994],[118.852539,1.09585],[118.963477,1.044287],[118.984961,0.982129],[118.892383,0.886865],[118.757422,0.839209],[118.534766,0.813525],[118.311523,0.84707],[118.196094,0.874365],[118.095508,0.92915],[118.016309,1.03916],[117.911621,1.098682],[117.951953,1.031982],[117.977344,0.963818],[117.964258,0.889551],[117.923047,0.831348],[117.852539,0.788672],[117.776953,0.754004],[117.745117,0.729639],[117.55332,0.341016],[117.522168,0.235889],[117.46377,-0.200488],[117.462891,-0.32373],[117.548926,-0.554395],[117.556836,-0.675293],[117.573828,-0.727539],[117.5625,-0.770898],[117.521777,-0.79668],[117.357129,-0.867188],[117.240723,-0.925684],[117.146484,-1.008984],[117.070215,-1.112695],[117.003223,-1.187695],[116.913965,-1.223633],[116.849414,-1.218262],[116.79707,-1.183789],[116.760547,-1.117188],[116.739844,-1.044238],[116.726172,-1.098145],[116.728711,-1.150781],[116.759277,-1.207129],[116.770996,-1.266602],[116.753418,-1.327344],[116.715234,-1.375781],[116.611621,-1.428613],[116.554492,-1.473926],[116.545117,-1.553125],[116.517578,-1.598047],[116.47793,-1.632812],[116.332129,-1.7125],[116.299609,-1.744336],[116.275488,-1.784863],[116.353223,-1.778613],[116.424316,-1.784863],[116.42959,-1.86416],[116.451953,-1.923145],[116.423535,-2.052539],[116.313965,-2.139844],[116.368652,-2.158203],[116.418164,-2.186719],[116.528125,-2.20791],[116.56543,-2.299707],[116.549219,-2.41084],[116.529297,-2.510547],[116.450391,-2.538281],[116.40127,-2.519824],[116.352539,-2.521582],[116.316797,-2.551855],[116.307227,-2.60332],[116.375488,-2.578027],[116.37168,-2.706836],[116.353223,-2.832715],[116.330664,-2.902148],[116.288867,-2.958789],[116.225781,-2.976953],[116.166309,-2.93457],[116.154102,-2.983789],[116.172266,-3.025293],[116.257227,-3.126367],[116.205078,-3.148535],[116.16709,-3.183008],[116.15,-3.233203],[116.05752,-3.348242],[116.016699,-3.432813],[115.999414,-3.52334],[115.956152,-3.59502],[115.258203,-3.906836],[114.693555,-4.169727],[114.652539,-4.151855],[114.625293,-4.111719],[114.605957,-3.70332],[114.536133,-3.494434],[114.525586,-3.37666],[114.445996,-3.481836],[114.397168,-3.471191],[114.344336,-3.444434],[114.30459,-3.410059],[114.30166,-3.364746],[114.344336,-3.235156],[114.292676,-3.30625],[114.236328,-3.361133],[114.17793,-3.354395],[114.127637,-3.327246],[114.108984,-3.285156],[114.082227,-3.278906],[113.958789,-3.394336],[113.795801,-3.45625],[113.705078,-3.455273],[113.633594,-3.419922],[113.637305,-3.332031],[113.630078,-3.246094],[113.610059,-3.195703],[113.566309,-3.177734],[113.525977,-3.184082],[113.408984,-3.228906],[113.367188,-3.223633],[113.343164,-3.246484],[113.033984,-2.933496],[112.971484,-3.187109],[112.758008,-3.322168],[112.600293,-3.400488],[112.443945,-3.371094],[112.284961,-3.320996],[112.12666,-3.381445],[111.954883,-3.529688],[111.907422,-3.552539],[111.858105,-3.551855],[111.82207,-3.53252],[111.834375,-3.420117],[111.835938,-3.307715],[111.823047,-3.057227],[111.809375,-3.008008],[111.760156,-2.93916],[111.694727,-2.889453],[111.658301,-2.925781],[111.625488,-2.975488],[111.494922,-2.97334],[111.367578,-2.933691],[111.25918,-2.956445],[111.044336,-3.055762],[110.930078,-3.071094],[110.86875,-3.04873],[110.829688,-2.995117],[110.852051,-2.946191],[110.899316,-2.908594],[110.811133,-2.938477],[110.73584,-2.988672],[110.703125,-3.020898],[110.668164,-3.004785],[110.574023,-2.891406],[110.377539,-2.933789],[110.350977,-2.946777],[110.302539,-2.985352],[110.256055,-2.966113],[110.232617,-2.925098],[110.224316,-2.688672],[110.124414,-2.233887],[110.096582,-2.001367],[110.075,-1.946387],[109.959863,-1.862793],[109.96377,-1.742871],[110.023438,-1.642578],[110.036133,-1.525684],[110.019238,-1.398828],[109.983301,-1.274805],[109.938086,-1.181152],[109.873438,-1.101074],[109.787402,-1.011328],[109.681738,-0.944238],[109.453809,-0.86875],[109.333496,-0.875391],[109.288867,-0.845801],[109.258789,-0.807422],[109.270996,-0.732031],[109.311719,-0.680176],[109.366309,-0.667383],[109.372754,-0.638184],[109.257031,-0.577441],[109.160547,-0.494922],[109.130273,-0.44541],[109.121094,-0.390918],[109.121777,-0.265039],[109.149609,-0.185547],[109.164746,-0.14248],[109.194629,-0.009424],[109.25752,0.031152],[109.247266,0.055762],[109.220215,0.073828],[109.180762,0.11748],[109.148535,0.167676],[109.074805,0.252832],[108.944531,0.355664],[108.922754,0.532812],[108.905859,0.793945],[108.916797,0.912646],[108.958594,1.134619],[109.030859,1.204492],[109.088477,1.223926],[109.131543,1.253857],[109.096094,1.258154],[109.06543,1.247168],[109.010254,1.239648],[109.055469,1.438477],[109.075879,1.495898],[109.166699,1.60708],[109.273145,1.705469],[109.318164,1.821094],[109.378516,1.922705],[109.628906,2.027539]]],[[[127.732715,0.848145],[127.805371,0.825928],[127.881055,0.832129],[127.918652,0.876807],[127.929102,0.934717],[127.967285,1.042578],[128.055273,1.115625],[128.116992,1.127051],[128.160742,1.157812],[128.153125,1.237891],[128.157422,1.316602],[128.222461,1.400635],[128.424121,1.517529],[128.539258,1.559229],[128.688379,1.572559],[128.705176,1.527734],[128.688086,1.463721],[128.716895,1.367285],[128.702637,1.106396],[128.66875,1.069434],[128.514551,0.979248],[128.345996,0.907129],[128.298828,0.876807],[128.257227,0.80498],[128.260645,0.733789],[128.397949,0.638818],[128.61123,0.549951],[128.655273,0.508252],[128.683789,0.438477],[128.691602,0.360352],[128.743262,0.323242],[128.81543,0.305371],[128.863281,0.268359],[128.899609,0.21626],[128.54043,0.337891],[128.446484,0.391553],[128.332813,0.397949],[128.220605,0.414258],[128.106055,0.460889],[127.983105,0.471875],[127.924414,0.438086],[127.901367,0.372266],[127.887402,0.29834],[127.914648,0.206299],[127.912207,0.150537],[127.888965,0.049512],[127.977832,-0.24834],[128.089453,-0.485254],[128.253516,-0.731641],[128.33457,-0.816309],[128.425488,-0.892676],[128.278125,-0.87002],[128.233398,-0.787695],[128.046387,-0.706055],[128.01084,-0.657324],[127.888965,-0.423535],[127.85332,-0.379883],[127.74082,-0.300391],[127.691602,-0.241895],[127.674805,-0.162891],[127.687402,-0.079932],[127.681348,0.034863],[127.685449,0.149023],[127.708691,0.288086],[127.668652,0.336768],[127.616211,0.38291],[127.555371,0.489648],[127.537109,0.610889],[127.541797,0.680664],[127.566992,0.742529],[127.600684,0.796045],[127.608008,0.848242],[127.52041,0.924023],[127.428516,1.13999],[127.420313,1.251953],[127.537109,1.46748],[127.534668,1.57207],[127.55791,1.634229],[127.570703,1.700146],[127.631738,1.843701],[127.731445,1.966113],[127.899902,2.137354],[127.964258,2.174707],[128.036426,2.199023],[128.042773,2.15708],[128.03125,2.119873],[127.906738,1.945654],[127.890137,1.906299],[127.886816,1.832959],[127.946484,1.789648],[128.010938,1.701221],[128.02373,1.583496],[128.025879,1.458105],[128.011719,1.331738],[127.987695,1.2896],[127.885352,1.162793],[127.652832,1.013867],[127.633008,0.977197],[127.634375,0.936133],[127.677441,0.886572],[127.732715,0.848145]]],[[[129.754688,-2.86582],[129.984375,-2.97666],[130.103418,-2.992969],[130.303613,-2.978516],[130.379102,-2.989355],[130.569922,-3.130859],[130.625586,-3.228027],[130.641699,-3.311914],[130.671094,-3.391504],[130.718066,-3.411328],[130.773438,-3.41875],[130.845605,-3.533301],[130.859961,-3.570312],[130.805078,-3.857715],[130.580371,-3.748828],[130.363086,-3.625195],[130.269727,-3.579297],[130.019531,-3.474707],[129.981152,-3.438867],[129.953125,-3.391602],[129.844141,-3.327148],[129.62666,-3.317188],[129.54502,-3.318848],[129.511719,-3.328516],[129.52041,-3.363184],[129.52168,-3.433691],[129.467676,-3.453223],[129.332813,-3.408691],[129.212109,-3.392676],[129.107617,-3.349219],[128.96748,-3.326074],[128.952051,-3.304199],[128.964063,-3.27168],[128.957813,-3.241113],[128.925391,-3.229297],[128.8625,-3.234961],[128.801758,-3.265625],[128.75127,-3.300488],[128.676953,-3.396582],[128.638965,-3.433398],[128.516602,-3.449121],[128.465918,-3.439844],[128.419238,-3.416016],[128.27998,-3.240527],[128.233008,-3.202637],[128.180664,-3.17168],[128.132031,-3.157422],[128.082129,-3.184082],[128.055762,-3.238574],[128.043945,-3.30332],[128.030078,-3.340527],[127.97002,-3.444336],[127.92041,-3.506055],[127.902344,-3.496289],[127.927832,-3.397266],[127.92793,-3.341406],[127.897168,-3.282324],[127.87793,-3.22207],[128.113379,-2.93457],[128.198535,-2.865918],[128.569824,-2.842188],[128.790527,-2.856641],[128.910742,-2.849609],[128.991113,-2.828516],[129.057715,-2.838477],[129.074316,-2.895117],[129.116309,-2.937012],[129.174414,-2.933496],[129.27959,-2.889063],[129.371094,-2.820508],[129.427344,-2.790723],[129.48418,-2.785742],[129.542969,-2.790332],[129.600488,-2.806152],[129.754688,-2.86582]]],[[[126.861133,-3.087891],[127.025488,-3.166016],[127.062891,-3.216992],[127.092383,-3.277539],[127.124707,-3.31084],[127.163477,-3.338086],[127.227344,-3.391016],[127.244238,-3.471094],[127.22959,-3.633008],[127.155176,-3.647266],[127.085059,-3.670898],[126.940918,-3.764551],[126.869922,-3.78291],[126.794141,-3.78916],[126.740332,-3.813672],[126.686328,-3.823633],[126.54668,-3.77168],[126.411133,-3.710645],[126.214551,-3.605176],[126.17832,-3.579395],[126.14668,-3.522754],[126.056543,-3.420996],[126.033984,-3.355859],[126.026465,-3.170508],[126.050098,-3.128125],[126.088281,-3.105469],[126.219629,-3.148145],[126.30625,-3.103223],[126.555078,-3.065234],[126.808301,-3.069141],[126.861133,-3.087891]]],[[[124.922266,-8.94248],[124.915039,-9.031543],[124.936816,-9.053418],[124.973242,-9.064258],[125.100391,-9.004004],[125.124414,-9.01543],[125.149023,-9.042578],[125.149414,-9.122949],[125.100488,-9.189844],[124.977539,-9.194922],[124.960156,-9.21377],[124.958594,-9.254688],[124.968262,-9.294238],[124.996973,-9.325977],[125.033594,-9.381836],[125.068164,-9.511914],[124.997949,-9.565332],[124.963086,-9.665625],[124.841797,-9.759766],[124.708398,-9.91416],[124.601855,-9.992969],[124.508203,-10.086133],[124.427539,-10.148633],[124.326758,-10.169824],[124.175977,-10.183301],[123.971094,-10.294824],[123.857617,-10.343555],[123.747266,-10.347168],[123.644141,-10.310938],[123.604785,-10.270117],[123.614062,-10.215039],[123.648242,-10.167773],[123.690137,-10.128809],[123.716406,-10.078613],[123.599414,-10.015137],[123.589258,-9.966797],[123.635742,-9.838086],[123.66582,-9.705273],[123.709375,-9.614844],[123.876758,-9.453125],[123.977148,-9.372949],[124.036328,-9.341602],[124.052441,-9.375391],[124.090137,-9.416406],[124.115527,-9.423145],[124.13457,-9.413867],[124.282324,-9.42793],[124.319336,-9.41377],[124.375684,-9.349902],[124.412988,-9.314355],[124.438281,-9.238574],[124.444434,-9.190332],[124.575488,-9.155371],[124.645898,-9.116699],[124.708203,-9.061816],[124.889746,-8.968457],[124.922266,-8.94248]]],[[[134.746973,-5.707031],[134.739063,-5.745605],[134.738379,-5.816797],[134.75498,-5.882715],[134.712207,-5.949707],[134.752148,-6.050098],[134.758105,-6.1],[134.755859,-6.170605],[134.744434,-6.202344],[134.71416,-6.295117],[134.683887,-6.328125],[134.661133,-6.337305],[134.637598,-6.365332],[134.441113,-6.334863],[134.356152,-6.270508],[134.280469,-6.200781],[134.264453,-6.17168],[134.175391,-6.090332],[134.154883,-6.062891],[134.153125,-6.019531],[134.225098,-6.008496],[134.301953,-6.009766],[134.298633,-5.970703],[134.343066,-5.833008],[134.226172,-5.744434],[134.205371,-5.707227],[134.247266,-5.681934],[134.341309,-5.712891],[134.456348,-5.55752],[134.490332,-5.525098],[134.506445,-5.438477],[134.570801,-5.427344],[134.616504,-5.438574],[134.646094,-5.492383],[134.657813,-5.539258],[134.645508,-5.581348],[134.700781,-5.603027],[134.746973,-5.707031]]],[[[134.536816,-6.442285],[134.52041,-6.512695],[134.504297,-6.591406],[134.4125,-6.679688],[134.355957,-6.814844],[134.322754,-6.84873],[134.2,-6.908789],[134.09082,-6.833789],[134.05918,-6.769336],[134.107031,-6.471582],[134.154199,-6.481445],[134.184766,-6.479297],[134.194629,-6.459766],[134.124609,-6.426465],[134.11123,-6.255371],[134.114648,-6.19082],[134.168066,-6.17627],[134.23418,-6.226367],[134.317773,-6.316113],[134.415039,-6.386719],[134.536816,-6.442285]]],[[[138.535352,-8.273633],[138.296289,-8.405176],[137.982813,-8.381934],[137.871875,-8.379688],[137.687695,-8.411719],[137.650391,-8.386133],[137.685156,-8.262207],[137.83252,-7.932227],[138.00752,-7.641602],[138.081836,-7.566211],[138.185352,-7.495313],[138.295508,-7.438477],[138.543848,-7.37959],[138.769824,-7.39043],[138.801953,-7.414648],[138.899414,-7.511621],[138.962598,-7.587988],[138.989063,-7.696094],[138.892969,-7.882129],[138.785938,-8.059082],[138.611719,-8.19834],[138.535352,-8.273633]]],[[[140.973438,-2.609766],[140.973438,-2.613574],[140.973438,-2.681055],[140.973535,-2.803418],[140.973633,-3.006641],[140.97373,-3.209961],[140.973828,-3.413281],[140.973926,-3.616602],[140.974023,-3.819824],[140.974023,-4.023145],[140.974219,-4.226465],[140.974219,-4.429785],[140.974316,-4.633008],[140.974414,-4.836328],[140.974512,-5.039648],[140.974609,-5.242969],[140.974609,-5.446191],[140.974707,-5.649512],[140.974805,-5.852832],[140.974902,-6.056152],[140.975,-6.259375],[140.975,-6.346094],[140.944043,-6.452246],[140.874609,-6.611523],[140.862305,-6.740039],[140.919531,-6.840039],[140.975195,-6.905371],[140.975195,-7.072559],[140.975293,-7.275879],[140.975391,-7.479199],[140.975488,-7.68252],[140.975586,-7.885742],[140.975586,-8.089063],[140.975684,-8.292383],[140.975781,-8.495703],[140.975879,-8.698926],[140.975977,-8.902246],[140.975977,-9.105566],[140.976172,-9.11875],[140.924609,-9.085059],[140.786523,-8.97373],[140.661523,-8.846777],[140.581055,-8.72832],[140.489746,-8.62041],[140.10166,-8.300586],[140.00293,-8.195508],[139.983301,-8.166504],[139.992578,-8.139355],[140.037402,-8.083984],[140.116992,-7.92373],[140.033789,-8.022754],[139.934766,-8.101172],[139.79082,-8.106348],[139.649414,-8.125391],[139.518555,-8.172754],[139.385645,-8.189063],[139.319141,-8.16582],[139.279102,-8.106934],[139.258301,-8.046582],[139.248828,-7.982422],[139.192969,-8.086133],[139.083203,-8.142871],[138.933496,-8.262402],[138.890625,-8.237793],[138.864746,-8.192285],[138.856152,-8.145117],[138.885059,-8.094727],[138.905469,-8.041211],[138.935938,-7.913086],[139.003027,-7.837598],[139.045703,-7.691406],[139.073633,-7.639258],[139.087988,-7.587207],[139.048926,-7.52832],[138.983008,-7.508203],[138.937891,-7.472461],[138.885547,-7.373242],[138.853125,-7.339648],[138.793652,-7.298926],[138.747949,-7.251465],[138.798438,-7.215723],[138.864844,-7.201367],[138.919336,-7.203613],[139.017969,-7.225879],[139.0625,-7.227148],[139.176855,-7.19043],[139.112598,-7.201758],[139.049023,-7.200586],[138.845703,-7.136328],[138.72002,-7.069824],[138.601367,-6.936523],[138.600195,-6.910742],[138.683789,-6.886523],[138.864551,-6.858398],[138.808496,-6.79043],[138.72666,-6.731152],[138.698145,-6.625684],[138.642188,-6.560449],[138.521582,-6.453809],[138.438672,-6.343359],[138.368359,-6.118555],[138.296289,-5.949023],[138.313867,-5.8875],[138.374609,-5.843652],[138.282813,-5.838574],[138.199609,-5.807031],[138.243555,-5.724414],[138.339648,-5.675684],[138.252148,-5.688184],[138.166504,-5.712012],[138.127441,-5.716504],[138.087109,-5.70918],[138.065918,-5.675977],[138.063086,-5.628906],[138.075586,-5.545801],[138.06084,-5.465234],[137.984961,-5.427637],[137.922266,-5.370117],[137.886816,-5.348828],[137.840332,-5.350488],[137.795215,-5.312012],[137.759082,-5.256152],[137.306641,-5.014355],[137.279785,-4.94541],[137.237891,-4.975684],[137.195898,-4.99043],[137.14375,-4.950781],[137.089258,-4.924414],[137.029688,-4.928711],[136.974609,-4.907324],[136.916992,-4.895117],[136.856836,-4.893164],[136.618848,-4.81875],[136.39375,-4.70127],[136.210645,-4.650684],[136.097461,-4.584766],[135.979688,-4.530859],[135.716602,-4.478418],[135.450195,-4.443066],[135.353906,-4.441797],[135.273145,-4.453125],[135.195605,-4.450684],[134.754199,-4.19541],[134.679688,-4.079102],[134.686914,-4.011133],[134.706543,-3.954785],[134.886523,-3.938477],[134.759766,-3.922168],[134.707617,-3.929883],[134.603418,-3.976074],[134.546875,-3.979297],[134.467188,-3.948633],[134.391016,-3.909961],[134.266211,-3.945801],[134.202344,-3.887012],[134.180469,-3.825098],[134.14707,-3.796777],[134.1,-3.799707],[134.036914,-3.821973],[133.973828,-3.817969],[133.933203,-3.775586],[133.904004,-3.720117],[133.860742,-3.680371],[133.808496,-3.65],[133.723047,-3.57793],[133.67832,-3.479492],[133.683398,-3.30918],[133.697168,-3.248145],[133.781641,-3.148926],[133.841504,-3.054785],[133.767383,-3.044336],[133.700391,-3.0875],[133.671973,-3.131836],[133.660742,-3.185547],[133.653125,-3.364355],[133.599414,-3.416113],[133.518164,-3.411914],[133.542285,-3.516406],[133.50918,-3.615527],[133.415137,-3.732129],[133.407227,-3.785156],[133.422266,-3.842578],[133.400879,-3.899023],[133.24873,-4.062305],[133.198047,-4.070117],[133.085156,-4.069043],[132.968555,-4.094922],[132.914453,-4.056934],[132.870117,-4.007422],[132.837109,-3.948926],[132.790918,-3.828125],[132.753906,-3.703613],[132.869727,-3.550977],[132.829785,-3.412988],[132.751367,-3.294629],[132.553516,-3.130664],[132.348242,-2.975098],[132.25498,-2.943457],[132.102051,-2.92959],[132.053906,-2.914551],[132.006348,-2.856055],[131.971191,-2.788574],[132.066895,-2.75957],[132.230664,-2.680371],[132.32334,-2.68418],[132.575488,-2.727148],[132.65293,-2.766211],[132.725,-2.789062],[132.897266,-2.658203],[133.033789,-2.487402],[133.118848,-2.450293],[133.191016,-2.437793],[133.264941,-2.454297],[133.411426,-2.513965],[133.526563,-2.541699],[133.608691,-2.547168],[133.651563,-2.600586],[133.700098,-2.624609],[133.710938,-2.544043],[133.75332,-2.450684],[133.834668,-2.42168],[133.877637,-2.415039],[133.904883,-2.390918],[133.898926,-2.304492],[133.791016,-2.293652],[133.849707,-2.219629],[133.902441,-2.183594],[133.920508,-2.147461],[133.921582,-2.102051],[133.710352,-2.18916],[133.487793,-2.225586],[133.35625,-2.215723],[133.224902,-2.214453],[132.962793,-2.272559],[132.863281,-2.270215],[132.631055,-2.24668],[132.502637,-2.218457],[132.40332,-2.24043],[132.307617,-2.242285],[132.207422,-2.175781],[132.122168,-2.092383],[132.079883,-2.033203],[132.023438,-1.990332],[131.998438,-1.93252],[131.936133,-1.714941],[131.930371,-1.559668],[131.829785,-1.556543],[131.731445,-1.541211],[131.29375,-1.393457],[131.24082,-1.429688],[131.179199,-1.44834],[131.117773,-1.455273],[131.056738,-1.447656],[130.995898,-1.424707],[131.000977,-1.383984],[131.046191,-1.284082],[131.090527,-1.247266],[131.151855,-1.218848],[131.19082,-1.16582],[131.254102,-1.006934],[131.258984,-0.952637],[131.252051,-0.897168],[131.257227,-0.855469],[131.296387,-0.833594],[131.461523,-0.781836],[131.804297,-0.703809],[131.890918,-0.657129],[131.962402,-0.582422],[132.045996,-0.537012],[132.084473,-0.491113],[132.128418,-0.454102],[132.39375,-0.355469],[132.508008,-0.347461],[132.625098,-0.358887],[132.856445,-0.417383],[133.077148,-0.511816],[133.268457,-0.635742],[133.472656,-0.726172],[133.723633,-0.741406],[133.850293,-0.731445],[133.974512,-0.744336],[134.024902,-0.769727],[134.111523,-0.846777],[134.086719,-0.897363],[134.071973,-1.001855],[134.116211,-1.102441],[134.188281,-1.203125],[134.247168,-1.310547],[134.25957,-1.362988],[134.237207,-1.474121],[134.216992,-1.529102],[134.14541,-1.620801],[134.105859,-1.720996],[134.13125,-1.844531],[134.14541,-1.96875],[134.142773,-2.08291],[134.155664,-2.195215],[134.194824,-2.309082],[134.362109,-2.620996],[134.459961,-2.832324],[134.491211,-2.714258],[134.483301,-2.583008],[134.517969,-2.535645],[134.566895,-2.510449],[134.627441,-2.536719],[134.644727,-2.589844],[134.649023,-2.705859],[134.702148,-2.933594],[134.769824,-2.944043],[134.843359,-2.90918],[134.855371,-2.978809],[134.852734,-3.107617],[134.886816,-3.209863],[134.917188,-3.249902],[135.037402,-3.333105],[135.092188,-3.348535],[135.251563,-3.368555],[135.371582,-3.374902],[135.486621,-3.345117],[135.560742,-3.26875],[135.627734,-3.186035],[135.85918,-2.995313],[135.926172,-2.904102],[135.990723,-2.764258],[136.012988,-2.734277],[136.243262,-2.583105],[136.269531,-2.529492],[136.302539,-2.425684],[136.352441,-2.325195],[136.389941,-2.27334],[136.612305,-2.224316],[136.843262,-2.197656],[137.07207,-2.105078],[137.171094,-2.025488],[137.175781,-1.973145],[137.125488,-1.88125],[137.123438,-1.840918],[137.176465,-1.802148],[137.380566,-1.685645],[137.616602,-1.56582],[137.80625,-1.483203],[137.911133,-1.483789],[138.007812,-1.556543],[138.110938,-1.615918],[138.649805,-1.791113],[138.736133,-1.845508],[138.811426,-1.917773],[138.919141,-1.967871],[139.039453,-1.99209],[139.148828,-2.038867],[139.252637,-2.099219],[139.481836,-2.211816],[139.789551,-2.348242],[139.868359,-2.356445],[140.15459,-2.35],[140.204004,-2.375684],[140.250977,-2.412012],[140.294629,-2.42041],[140.622559,-2.445801],[140.673047,-2.47207],[140.720508,-2.508105],[140.747461,-2.607129],[140.973438,-2.609766]]],[[[138.895117,-8.388672],[138.845508,-8.401758],[138.594238,-8.371484],[138.567188,-8.330273],[138.563379,-8.309082],[138.620996,-8.268457],[138.67666,-8.199219],[138.762695,-8.173438],[138.796191,-8.173633],[138.897656,-8.3375],[138.895117,-8.388672]]],[[[101.708105,2.078418],[101.762305,1.996533],[101.773535,1.943457],[101.734082,1.882568],[101.719434,1.78916],[101.602734,1.715723],[101.500781,1.733203],[101.467773,1.759375],[101.403418,1.901318],[101.409668,2.02168],[101.450293,2.067822],[101.544727,2.060742],[101.640723,2.126709],[101.708105,2.078418]]],[[[102.427148,0.990137],[102.380859,0.959766],[102.325293,1.007031],[102.27959,1.075684],[102.255469,1.147168],[102.23418,1.263965],[102.228613,1.347852],[102.256348,1.39707],[102.276465,1.395264],[102.358594,1.345654],[102.412891,1.260791],[102.442871,1.234229],[102.448828,1.15625],[102.428906,1.067285],[102.427148,0.990137]]],[[[102.491895,1.45918],[102.499414,1.330908],[102.425195,1.364453],[102.366895,1.415479],[102.274219,1.453125],[102.161328,1.46543],[102.078711,1.498584],[102.020898,1.558203],[102.018359,1.585645],[102.024023,1.607959],[102.042188,1.625391],[102.469531,1.510059],[102.491895,1.45918]]],[[[103.027539,0.746631],[103.008789,0.708105],[102.971484,0.736523],[102.77627,0.77959],[102.710547,0.784375],[102.541602,0.831592],[102.49043,0.856641],[102.453906,0.889502],[102.466406,0.950342],[102.491406,0.986865],[102.506641,1.08877],[102.549219,1.130225],[102.633203,1.054395],[102.726172,0.989209],[102.780078,0.959375],[102.944141,0.892725],[103.002441,0.859277],[103.027539,0.746631]]],[[[103.166406,0.870166],[103.137207,0.84165],[103.086719,0.848145],[103.033398,0.882031],[102.963965,0.942676],[102.886328,0.996777],[102.787988,1.030957],[102.726465,1.04126],[102.701855,1.053711],[102.725586,1.158838],[102.790137,1.165479],[102.999414,1.067773],[103.067578,1.014746],[103.166406,0.870166]]],[[[103.284473,0.541943],[103.172168,0.536182],[103.139551,0.549072],[103.15332,0.643115],[103.187402,0.699756],[103.238184,0.698633],[103.295117,0.613965],[103.284473,0.541943]]],[[[103.450195,0.664453],[103.429688,0.650879],[103.344434,0.777881],[103.365723,0.851123],[103.386133,0.86958],[103.433105,0.825],[103.470313,0.778125],[103.497461,0.722705],[103.450195,0.664453]]],[[[104.024805,1.180566],[104.088086,1.137012],[104.139844,1.165576],[104.137793,1.128223],[104.127344,1.092383],[104.066113,0.989551],[103.963574,1.013232],[103.939844,1.046484],[103.932227,1.071387],[103.946973,1.087012],[103.955371,1.137451],[103.999805,1.137256],[104.024805,1.180566]]],[[[104.585352,1.216113],[104.591016,1.141064],[104.648145,1.10459],[104.662891,1.049512],[104.652832,0.961035],[104.599121,0.858984],[104.575195,0.831934],[104.504297,0.852637],[104.480664,0.886768],[104.471191,0.913477],[104.481055,0.93252],[104.428613,0.956494],[104.462402,0.995557],[104.439258,1.050439],[104.293945,1.016113],[104.251953,1.014893],[104.244238,1.077393],[104.250195,1.102637],[104.361816,1.181494],[104.428418,1.196045],[104.500098,1.180225],[104.585352,1.216113]]],[[[104.778613,-0.175977],[104.80752,-0.19248],[104.843164,-0.140625],[104.908984,-0.211719],[104.949707,-0.247266],[105.005371,-0.282813],[104.950586,-0.284473],[104.928516,-0.316992],[104.914258,-0.32334],[104.702246,-0.208691],[104.566602,-0.245605],[104.473535,-0.212109],[104.44707,-0.18916],[104.49707,-0.126367],[104.542676,0.017725],[104.635645,-0.018457],[104.658398,-0.062842],[104.652734,-0.076025],[104.713477,-0.103027],[104.778613,-0.175977]]],[[[104.474219,-0.334668],[104.567773,-0.431836],[104.590137,-0.466602],[104.543945,-0.520508],[104.506543,-0.59668],[104.485352,-0.612891],[104.413867,-0.583691],[104.363184,-0.658594],[104.329785,-0.539062],[104.257129,-0.463281],[104.302344,-0.385742],[104.31875,-0.380176],[104.340723,-0.382617],[104.363574,-0.402832],[104.474219,-0.334668]]],[[[103.736523,-0.347949],[103.606348,-0.38291],[103.461328,-0.357617],[103.479004,-0.297461],[103.548926,-0.227539],[103.610938,-0.230566],[103.723926,-0.27666],[103.764258,-0.317773],[103.736523,-0.347949]]],[[[109.710254,-1.180664],[109.51084,-1.282813],[109.463672,-1.277539],[109.428125,-1.241211],[109.450293,-1.044141],[109.475977,-0.985352],[109.614648,-0.979102],[109.699512,-1.007324],[109.743359,-1.039355],[109.760547,-1.105176],[109.750781,-1.14502],[109.710254,-1.180664]]],[[[113.844531,-7.105371],[113.825586,-7.119922],[113.655859,-7.111719],[113.546387,-7.193359],[113.470703,-7.218457],[113.198438,-7.218359],[113.166016,-7.207324],[113.141895,-7.207617],[113.126953,-7.224121],[113.04043,-7.211816],[112.76377,-7.139648],[112.725879,-7.072754],[112.76875,-7.00127],[112.868066,-6.899902],[113.067383,-6.87998],[113.974707,-6.873047],[114.073633,-6.960156],[114.083008,-6.989355],[113.885352,-7.049023],[113.844531,-7.105371]]],[[[134.965332,-1.116016],[134.917383,-1.134277],[134.861719,-1.11416],[134.808887,-1.037598],[134.82793,-0.978809],[134.889258,-0.938477],[134.94082,-0.978906],[134.956738,-1.030566],[134.996289,-1.034082],[134.965332,-1.116016]]],[[[127.249902,-0.495313],[127.187305,-0.521191],[127.119141,-0.520508],[127.104395,-0.413867],[127.126465,-0.278613],[127.189648,-0.255762],[127.290039,-0.284375],[127.253027,-0.318652],[127.280566,-0.391016],[127.249902,-0.495313]]],[[[127.566992,-0.318945],[127.682422,-0.468359],[127.60498,-0.610156],[127.658594,-0.689453],[127.804297,-0.694434],[127.837891,-0.724121],[127.863281,-0.759863],[127.880176,-0.808691],[127.842285,-0.847754],[127.761133,-0.883691],[127.667578,-0.832031],[127.642871,-0.783984],[127.623828,-0.766016],[127.497852,-0.802441],[127.462695,-0.805957],[127.438281,-0.739063],[127.468652,-0.642969],[127.380566,-0.599609],[127.3,-0.500293],[127.29707,-0.460254],[127.329492,-0.390918],[127.325098,-0.33584],[127.371191,-0.331641],[127.455176,-0.406348],[127.491699,-0.335938],[127.527344,-0.306641],[127.566992,-0.318945]]],[[[132.92627,-5.902051],[132.84502,-5.987988],[132.92168,-5.785254],[132.937695,-5.682617],[133.008789,-5.621387],[133.114648,-5.310645],[133.138477,-5.317871],[133.172852,-5.348145],[133.119629,-5.575977],[132.971094,-5.73584],[132.92627,-5.902051]]],[[[132.807129,-5.850781],[132.746289,-5.94707],[132.704883,-5.913086],[132.681445,-5.912598],[132.667285,-5.856055],[132.681348,-5.738867],[132.630176,-5.607031],[132.697852,-5.608984],[132.716504,-5.64834],[132.737793,-5.661719],[132.804297,-5.788867],[132.807129,-5.850781]]],[[[128.275586,-3.674609],[128.249902,-3.711133],[128.191797,-3.735254],[128.143164,-3.732715],[128.158984,-3.697656],[128.146875,-3.677148],[128.11084,-3.686426],[128.052246,-3.714551],[127.978027,-3.770996],[127.934375,-3.743066],[127.925,-3.699316],[127.927539,-3.679395],[128.016211,-3.600879],[128.119141,-3.5875],[128.264355,-3.512305],[128.329102,-3.515918],[128.313672,-3.563672],[128.291016,-3.597656],[128.277441,-3.633203],[128.275586,-3.674609]]],[[[126.816602,4.033496],[126.77627,4.012598],[126.71123,4.020264],[126.704492,4.070996],[126.770117,4.162207],[126.813574,4.258496],[126.767285,4.282568],[126.72207,4.344189],[126.720508,4.41582],[126.757324,4.5479],[126.8125,4.537207],[126.865137,4.479834],[126.886719,4.37251],[126.921094,4.291016],[126.847656,4.17998],[126.816602,4.033496]]],[[[125.658105,3.436035],[125.633203,3.40542],[125.511523,3.461133],[125.517578,3.549609],[125.501172,3.593213],[125.468555,3.639111],[125.455273,3.68418],[125.468848,3.733252],[125.543457,3.67041],[125.585645,3.571094],[125.643555,3.476514],[125.658105,3.436035]]],[[[130.862207,-8.31875],[130.775195,-8.349902],[130.833398,-8.270801],[131.020117,-8.091309],[131.087402,-8.124512],[131.176367,-8.130762],[131.04375,-8.212012],[130.908105,-8.245703],[130.862207,-8.31875]]],[[[129.838867,-7.95459],[129.779785,-8.046484],[129.713477,-8.040723],[129.591895,-7.917383],[129.59873,-7.831348],[129.608984,-7.803418],[129.655469,-7.794824],[129.812988,-7.819727],[129.843555,-7.889355],[129.838867,-7.95459]]],[[[127.823438,-8.098828],[127.998438,-8.139063],[128.098828,-8.134863],[128.119238,-8.170703],[128.023535,-8.255371],[127.820898,-8.190234],[127.78623,-8.120313],[127.823438,-8.098828]]],[[[130.35332,-1.690527],[130.36543,-1.749805],[130.425,-1.80459],[130.404297,-1.889844],[130.380566,-1.902637],[130.393359,-1.941602],[130.418848,-1.971289],[130.372656,-1.991895],[130.338965,-1.981836],[130.28418,-2.009375],[130.248047,-2.047754],[130.133496,-2.063867],[130.093359,-2.02832],[129.886523,-1.986426],[129.754395,-1.894434],[129.737695,-1.866895],[129.993652,-1.758887],[130.105762,-1.730469],[130.199609,-1.732227],[130.317969,-1.691992],[130.35332,-1.690527]]],[[[102.367188,-5.478711],[102.285937,-5.483496],[102.135547,-5.360547],[102.110742,-5.322559],[102.153516,-5.28623],[102.198438,-5.288867],[102.371777,-5.366406],[102.405469,-5.404785],[102.367188,-5.478711]]],[[[100.425098,-3.18291],[100.465137,-3.328516],[100.346094,-3.229199],[100.348437,-3.158789],[100.332031,-3.113086],[100.259961,-3.056934],[100.204297,-2.986816],[100.179297,-2.820215],[100.198535,-2.785547],[100.245605,-2.783203],[100.45459,-3.001953],[100.468848,-3.038965],[100.464258,-3.116895],[100.433887,-3.141309],[100.425098,-3.18291]]],[[[100.204102,-2.741016],[100.132715,-2.821387],[100.014941,-2.819727],[99.991895,-2.769824],[99.996875,-2.649316],[99.968164,-2.609766],[99.969336,-2.594141],[99.987891,-2.525391],[100.011914,-2.510254],[100.201953,-2.679688],[100.204102,-2.741016]]],[[[99.843066,-2.343066],[99.847852,-2.369727],[99.685156,-2.281738],[99.607031,-2.25752],[99.537402,-2.161523],[99.558887,-2.11543],[99.561816,-2.051172],[99.572168,-2.025781],[99.62207,-2.016602],[99.686426,-2.063379],[99.734766,-2.177734],[99.815723,-2.284375],[99.843066,-2.343066]]],[[[98.459277,-0.530469],[98.399707,-0.576855],[98.309668,-0.531836],[98.339941,-0.467871],[98.354785,-0.379297],[98.408789,-0.308984],[98.427148,-0.226465],[98.322949,-0.000781],[98.374512,0.00708],[98.41543,-0.017529],[98.484375,-0.167676],[98.544141,-0.257617],[98.520117,-0.379688],[98.459277,-0.530469]]],[[[96.463672,2.36001],[96.400977,2.350684],[96.340625,2.37207],[96.29043,2.42959],[96.021973,2.595752],[95.938477,2.598437],[95.879785,2.640918],[95.808594,2.655615],[95.733008,2.766504],[95.717188,2.825977],[95.772168,2.85498],[95.80625,2.916016],[95.895801,2.889062],[95.997852,2.781396],[96.101562,2.741211],[96.129785,2.720898],[96.17998,2.661328],[96.417285,2.515186],[96.443066,2.465625],[96.459375,2.41582],[96.463672,2.36001]]],[[[122.042969,-5.437988],[121.97959,-5.464746],[121.859375,-5.350293],[121.808496,-5.256152],[121.820703,-5.20293],[121.856641,-5.15625],[121.87373,-5.144629],[121.866309,-5.095996],[121.913672,-5.072266],[121.965723,-5.075586],[121.999902,-5.14082],[122.041016,-5.158789],[122.061816,-5.221289],[122.042969,-5.437988]]],[[[123.212305,-1.171289],[123.234277,-1.233691],[123.198047,-1.287695],[123.237793,-1.389355],[123.338574,-1.254004],[123.434766,-1.236816],[123.489355,-1.259277],[123.526855,-1.286035],[123.547266,-1.337402],[123.511914,-1.447363],[123.44873,-1.498828],[123.366992,-1.507129],[123.328613,-1.443066],[123.274902,-1.437207],[123.237402,-1.576953],[123.220508,-1.59834],[123.172949,-1.616016],[123.130371,-1.577441],[123.122949,-1.556055],[123.18291,-1.492773],[123.150391,-1.304492],[123.105176,-1.339844],[122.984375,-1.510645],[122.89043,-1.587207],[122.858496,-1.548242],[122.81084,-1.432129],[122.832227,-1.283008],[122.908008,-1.182227],[122.972461,-1.18916],[123.158301,-1.15752],[123.212305,-1.171289]]],[[[121.864355,-0.406836],[121.906836,-0.45127],[121.88125,-0.502637],[121.846875,-0.489844],[121.756055,-0.49082],[121.721777,-0.494727],[121.680957,-0.525],[121.655273,-0.526172],[121.672363,-0.478809],[121.749316,-0.407031],[121.797363,-0.417676],[121.864355,-0.406836]]],[[[120.52832,-6.298438],[120.487305,-6.464844],[120.467969,-6.406152],[120.460742,-6.254004],[120.435547,-6.180176],[120.451563,-6.094922],[120.446484,-5.87627],[120.477344,-5.775293],[120.53418,-5.903809],[120.549219,-5.969238],[120.52832,-6.298438]]],[[[115.377051,-6.970801],[115.295801,-6.987793],[115.220313,-6.952539],[115.222168,-6.905176],[115.240527,-6.86123],[115.353711,-6.838477],[115.414453,-6.839746],[115.479199,-6.870215],[115.524219,-6.901855],[115.546094,-6.938672],[115.424121,-6.940625],[115.377051,-6.970801]]],[[[116.30332,-3.868164],[116.093359,-4.054102],[116.058789,-4.006934],[116.076953,-3.81748],[116.018359,-3.699902],[116.022461,-3.612402],[116.063574,-3.45791],[116.117383,-3.339551],[116.239355,-3.260352],[116.269727,-3.251074],[116.262109,-3.394824],[116.286523,-3.448828],[116.295117,-3.49502],[116.282031,-3.534766],[116.305176,-3.718555],[116.318652,-3.762988],[116.289258,-3.820898],[116.30332,-3.868164]]],[[[122.948926,-10.909277],[122.855859,-10.909668],[122.826172,-10.899121],[122.818457,-10.811035],[122.845703,-10.761816],[123.061426,-10.698438],[123.145801,-10.639941],[123.26543,-10.518164],[123.339648,-10.48623],[123.358496,-10.472461],[123.371094,-10.474902],[123.383105,-10.567578],[123.412891,-10.622656],[123.418164,-10.65127],[123.310742,-10.698438],[123.214844,-10.806152],[123.005273,-10.876367],[122.948926,-10.909277]]],[[[124.286621,-8.329492],[124.225781,-8.391309],[124.184375,-8.49873],[124.14668,-8.531445],[124.065723,-8.55166],[124.017285,-8.443848],[123.927734,-8.448926],[123.971484,-8.354102],[124.01377,-8.318652],[124.06875,-8.317773],[124.095801,-8.356152],[124.110547,-8.364258],[124.239551,-8.203418],[124.265625,-8.201758],[124.287109,-8.208691],[124.304492,-8.228809],[124.286621,-8.329492]]],[[[123.924805,-8.272461],[123.783887,-8.299609],[123.697852,-8.424414],[123.629199,-8.422461],[123.591602,-8.47793],[123.582617,-8.50166],[123.587891,-8.523828],[123.580176,-8.544922],[123.553027,-8.566797],[123.488672,-8.532324],[123.433789,-8.576074],[123.410742,-8.586621],[123.32998,-8.535645],[123.25332,-8.538574],[123.230078,-8.530664],[123.325,-8.439063],[123.45459,-8.353711],[123.475879,-8.322266],[123.425195,-8.313379],[123.394922,-8.300586],[123.391211,-8.280469],[123.473242,-8.26709],[123.52998,-8.265234],[123.573145,-8.291504],[123.600586,-8.291309],[123.775977,-8.19043],[123.845508,-8.213379],[123.896094,-8.239258],[123.924805,-8.272461]]],[[[123.31748,-8.354785],[123.297266,-8.398633],[123.025,-8.395508],[123.032617,-8.337793],[123.108301,-8.274805],[123.133496,-8.253809],[123.21709,-8.235449],[123.336035,-8.269043],[123.31748,-8.354785]]],[[[134.716113,-6.549414],[134.66084,-6.558887],[134.633691,-6.477246],[134.679102,-6.456055],[134.728516,-6.505859],[134.716113,-6.549414]]],[[[103.423926,1.04834],[103.429688,0.993359],[103.363281,1.006836],[103.31543,1.071289],[103.35498,1.117236],[103.37998,1.133643],[103.404883,1.072559],[103.423926,1.04834]]],[[[103.828613,0.801025],[103.833984,0.772217],[103.742383,0.82998],[103.740039,0.871826],[103.751953,0.891357],[103.806641,0.846338],[103.828613,0.801025]]],[[[104.239355,0.833984],[104.176758,0.804883],[104.098145,0.89624],[104.101074,0.91748],[104.108301,0.933545],[104.122754,0.943994],[104.170508,0.896729],[104.227051,0.879883],[104.239355,0.833984]]],[[[104.689258,0.059521],[104.698145,0.034668],[104.650879,0.062695],[104.622363,0.079639],[104.603516,0.095215],[104.499219,0.23208],[104.543848,0.223291],[104.659863,0.103076],[104.689258,0.059521]]],[[[106.285254,3.157129],[106.283691,3.088232],[106.214551,3.128564],[106.200977,3.204883],[106.22373,3.22959],[106.271191,3.216309],[106.285254,3.157129]]],[[[105.760352,2.863037],[105.718555,2.85918],[105.706152,2.888867],[105.70791,2.940088],[105.704199,2.980908],[105.692187,3.011328],[105.692187,3.0625],[105.730664,3.036963],[105.760352,3.013037],[105.794531,2.995947],[105.822168,2.984375],[105.836719,2.976514],[105.809375,2.903955],[105.760352,2.863037]]],[[[108.8875,2.90542],[108.838867,2.853027],[108.786523,2.885645],[108.86709,2.991895],[108.885742,2.998975],[108.8875,2.90542]]],[[[108.953125,-1.619629],[108.837891,-1.661621],[108.803711,-1.567773],[108.877246,-1.539844],[108.956836,-1.564063],[108.953125,-1.619629]]],[[[107.47334,-2.899512],[107.432813,-2.925293],[107.409277,-2.900586],[107.402441,-2.872949],[107.419336,-2.838086],[107.474414,-2.834668],[107.499707,-2.84502],[107.47334,-2.899512]]],[[[106.886426,-3.005273],[106.869727,-3.025293],[106.814258,-3.014453],[106.774316,-2.986816],[106.749219,-2.960449],[106.742871,-2.932813],[106.796875,-2.898926],[106.910645,-2.933984],[106.886426,-3.005273]]],[[[114.412598,-7.133496],[114.397656,-7.173145],[114.346875,-7.163281],[114.298828,-7.097559],[114.322168,-7.080371],[114.348926,-7.073438],[114.383594,-7.080664],[114.412598,-7.133496]]],[[[112.719434,-5.811035],[112.697949,-5.846484],[112.602148,-5.843652],[112.586035,-5.803613],[112.648535,-5.730859],[112.690039,-5.726172],[112.727344,-5.752734],[112.719434,-5.811035]]],[[[105.252832,-6.64043],[105.19043,-6.6625],[105.142773,-6.643066],[105.121387,-6.614941],[105.192285,-6.545605],[105.225684,-6.529102],[105.260547,-6.523926],[105.277441,-6.561426],[105.252832,-6.64043]]],[[[97.33418,2.075635],[97.32832,2.053271],[97.225098,2.158496],[97.108301,2.216895],[97.156641,2.232227],[97.252832,2.216016],[97.291406,2.20083],[97.328711,2.148535],[97.33418,2.075635]]],[[[95.362109,5.812402],[95.342578,5.784131],[95.283203,5.798535],[95.217676,5.889502],[95.241992,5.907031],[95.28252,5.897754],[95.35918,5.876758],[95.366016,5.842676],[95.362109,5.812402]]],[[[123.597559,-1.704297],[123.528613,-1.71084],[123.48252,-1.681445],[123.486621,-1.534863],[123.528516,-1.502832],[123.548535,-1.508203],[123.561328,-1.551855],[123.582031,-1.590918],[123.616406,-1.627441],[123.597559,-1.704297]]],[[[123.242383,-4.112988],[123.144531,-4.233301],[123.076172,-4.227148],[122.994727,-4.148047],[122.970898,-4.061328],[122.969043,-4.02998],[123.024902,-3.980957],[123.211914,-3.997559],[123.246973,-4.040918],[123.242383,-4.112988]]],[[[123.848242,-1.955469],[123.866016,-1.995703],[123.803516,-1.994336],[123.777246,-1.918652],[123.783496,-1.87832],[123.848242,-1.955469]]],[[[123.152539,-1.816504],[123.078809,-1.898926],[123.070898,-1.854883],[123.08584,-1.814844],[123.106445,-1.786719],[123.1375,-1.772656],[123.152539,-1.816504]]],[[[119.464063,-8.741016],[119.424902,-8.750488],[119.385547,-8.736035],[119.40166,-8.64707],[119.378906,-8.586523],[119.419922,-8.539062],[119.430176,-8.45498],[119.446484,-8.429199],[119.470508,-8.455664],[119.481738,-8.472949],[119.502148,-8.481055],[119.546973,-8.482617],[119.557227,-8.518848],[119.555469,-8.553418],[119.536328,-8.589355],[119.482813,-8.628223],[119.444043,-8.671777],[119.464063,-8.741016]]],[[[119.073828,-8.238867],[119.02998,-8.240039],[119.020898,-8.199902],[119.036621,-8.157813],[119.078711,-8.140234],[119.097754,-8.13916],[119.12832,-8.177148],[119.134863,-8.19707],[119.106738,-8.223438],[119.073828,-8.238867]]],[[[115.609961,-8.769824],[115.581934,-8.804199],[115.500879,-8.742871],[115.480469,-8.71543],[115.540625,-8.675391],[115.561426,-8.669922],[115.613281,-8.713184],[115.609961,-8.769824]]],[[[117.649023,4.168994],[117.74541,4.166943],[117.884766,4.186133],[117.917871,4.090527],[117.922852,4.054297],[117.736816,4.004004],[117.625098,4.121484],[117.649023,4.168994]]],[[[117.658398,3.280518],[117.645801,3.247754],[117.560352,3.328223],[117.5375,3.386377],[117.547852,3.431982],[117.636719,3.436084],[117.680859,3.40752],[117.658398,3.280518]]],[[[124.05127,-5.97373],[124.04209,-6.021582],[124.005664,-5.966699],[123.972266,-5.939355],[123.975781,-5.880176],[124.022949,-5.902148],[124.05127,-5.97373]]],[[[123.626758,-5.271582],[123.622754,-5.373047],[123.582617,-5.367383],[123.550098,-5.331836],[123.540918,-5.29834],[123.542773,-5.271094],[123.560645,-5.249805],[123.626758,-5.271582]]],[[[120.774414,-7.118945],[120.672363,-7.124707],[120.64082,-7.11582],[120.633398,-7.018262],[120.745508,-7.060156],[120.781738,-7.063086],[120.774414,-7.118945]]],[[[117.556348,-8.367285],[117.533594,-8.367969],[117.49043,-8.34873],[117.505957,-8.307031],[117.482129,-8.239258],[117.490527,-8.183398],[117.546094,-8.151953],[117.665039,-8.148242],[117.669238,-8.189258],[117.556348,-8.367285]]],[[[116.424121,-3.464453],[116.387793,-3.636719],[116.326563,-3.539062],[116.395312,-3.42334],[116.426953,-3.399902],[116.424121,-3.464453]]],[[[127.372656,0.791309],[127.338379,0.758447],[127.306055,0.769434],[127.286426,0.811914],[127.292773,0.84248],[127.319824,0.862012],[127.353809,0.847461],[127.372656,0.791309]]],[[[134.374219,-2.123535],[134.345215,-2.13877],[134.335059,-2.095215],[134.350781,-2.036914],[134.369531,-2.027637],[134.391016,-2.030762],[134.419043,-2.051758],[134.374219,-2.123535]]],[[[133.570801,-4.245898],[133.621875,-4.299316],[133.50293,-4.257422],[133.333008,-4.169629],[133.320898,-4.111035],[133.464355,-4.199805],[133.570801,-4.245898]]],[[[130.905273,-0.777441],[130.879785,-0.828418],[130.832422,-0.862891],[130.402441,-0.923926],[130.439063,-0.887402],[130.457324,-0.851172],[130.484277,-0.83252],[130.526953,-0.837305],[130.548145,-0.82627],[130.569531,-0.821875],[130.59375,-0.82666],[130.635449,-0.811621],[130.723242,-0.822461],[130.813477,-0.813867],[130.807031,-0.765039],[130.905273,-0.777441]]],[[[130.62666,-0.528711],[130.569141,-0.52998],[130.46543,-0.486523],[130.525879,-0.44873],[130.56416,-0.440918],[130.597461,-0.418262],[130.615918,-0.417285],[130.656934,-0.436523],[130.684277,-0.469141],[130.62666,-0.528711]]],[[[129.548926,-0.187012],[129.505664,-0.189844],[129.469238,-0.131445],[129.370117,-0.066406],[129.308789,0.04541],[129.541992,-0.139258],[129.548926,-0.187012]]],[[[127.453418,-0.005859],[127.448633,-0.036621],[127.417871,0.006348],[127.396777,0.016602],[127.419531,0.124414],[127.431348,0.142578],[127.449414,0.068994],[127.453418,-0.005859]]],[[[127.419727,0.64209],[127.383984,0.631006],[127.373633,0.634863],[127.362891,0.675146],[127.382617,0.743555],[127.424805,0.744385],[127.442578,0.733447],[127.445898,0.683301],[127.419727,0.64209]]],[[[127.300391,-0.780957],[127.289062,-0.801563],[127.18457,-0.775293],[127.156445,-0.760938],[127.209082,-0.619336],[127.258203,-0.623438],[127.30127,-0.758398],[127.300391,-0.780957]]],[[[128.722461,-3.546875],[128.720117,-3.58916],[128.713281,-3.602539],[128.658789,-3.587793],[128.619531,-3.588574],[128.585156,-3.512207],[128.594922,-3.494824],[128.666504,-3.516699],[128.693555,-3.524512],[128.722461,-3.546875]]],[[[128.562598,-3.585449],[128.391602,-3.637891],[128.42832,-3.54043],[128.451563,-3.514746],[128.536328,-3.541309],[128.562598,-3.585449]]],[[[126.719336,3.874658],[126.721777,3.83252],[126.66123,3.928418],[126.6375,4.041943],[126.685547,4.001416],[126.739648,3.917725],[126.719336,3.874658]]],[[[126.851855,3.768457],[126.835547,3.756934],[126.799609,3.783887],[126.777539,3.813428],[126.778906,3.843164],[126.804492,3.85791],[126.857031,3.812402],[126.857813,3.787207],[126.851855,3.768457]]],[[[125.407422,2.651611],[125.397266,2.629541],[125.360059,2.746826],[125.39082,2.805371],[125.435254,2.783887],[125.446484,2.762988],[125.403906,2.707031],[125.407422,2.651611]]],[[[131.982031,-7.202051],[131.969531,-7.251367],[131.926855,-7.225],[131.884473,-7.16748],[131.822852,-7.15918],[131.777539,-7.143945],[131.750781,-7.116797],[131.922266,-7.104492],[131.982031,-7.202051]]],[[[128.670117,-7.183301],[128.625,-7.208594],[128.550195,-7.156348],[128.529785,-7.13457],[128.577344,-7.083203],[128.627734,-7.06875],[128.658301,-7.091113],[128.673242,-7.113379],[128.666895,-7.137988],[128.670117,-7.183301]]],[[[127.419434,-7.623047],[127.355273,-7.646484],[127.375,-7.572461],[127.370703,-7.512793],[127.475195,-7.531055],[127.474023,-7.578516],[127.463965,-7.596875],[127.419434,-7.623047]]],[[[123.416211,-10.302637],[123.325977,-10.3375],[123.325586,-10.26416],[123.395312,-10.171387],[123.458789,-10.139941],[123.493945,-10.176953],[123.496777,-10.193945],[123.405078,-10.227148],[123.416211,-10.302637]]],[[[121.883008,-10.590332],[121.833105,-10.602148],[121.726172,-10.573145],[121.704688,-10.555664],[121.796289,-10.507422],[121.866992,-10.438867],[121.949512,-10.433008],[121.99834,-10.446973],[121.981348,-10.528418],[121.883008,-10.590332]]],[[[134.819531,-6.43418],[134.795117,-6.442383],[134.795313,-6.393066],[134.822949,-6.349609],[134.851855,-6.324609],[134.88584,-6.323535],[134.819531,-6.43418]]],[[[134.674414,-6.749805],[134.657422,-6.765332],[134.631445,-6.73291],[134.629102,-6.712793],[134.663477,-6.657715],[134.697656,-6.625684],[134.735742,-6.62334],[134.726074,-6.668652],[134.674414,-6.749805]]],[[[127.987891,-2.936523],[127.937695,-3.02002],[127.849609,-3.016309],[127.834277,-3.004395],[127.938379,-2.952344],[127.987891,-2.936523]]],[[[127.60625,-3.315137],[127.629297,-3.35918],[127.531055,-3.331348],[127.487695,-3.288184],[127.530469,-3.261523],[127.554492,-3.254297],[127.60625,-3.315137]]],[[[122.977344,-8.545215],[122.945508,-8.604004],[122.887793,-8.587305],[122.903516,-8.530664],[122.932813,-8.49707],[123.010547,-8.44834],[123.089453,-8.439844],[123.137891,-8.456934],[123.153125,-8.475781],[123.030078,-8.494824],[122.977344,-8.545215]]]]}},{"type":"Feature","id":"IT","properties":{"ISO_A2":"IT","name":"Italy"},"geometry":{"type":"MultiPolygon","coordinates":[[[[7.021094,45.925781],[7.055762,45.903809],[7.129004,45.88042],[7.32793,45.912354],[7.451563,45.944434],[7.538574,45.978174],[7.592578,45.972217],[7.787891,45.921826],[7.852344,45.947461],[7.993164,46.015918],[8.014258,46.051904],[8.125195,46.160937],[8.127246,46.187598],[8.081543,46.256006],[8.095703,46.271045],[8.231934,46.341211],[8.298535,46.403418],[8.370703,46.445117],[8.422559,46.446045],[8.436816,46.431885],[8.442969,46.402783],[8.438477,46.282861],[8.458398,46.245898],[8.56543,46.159814],[8.641699,46.110791],[8.818555,46.077148],[8.826758,46.061035],[8.778027,45.996191],[8.885156,45.918701],[8.904297,45.861963],[8.953711,45.830029],[9.02373,45.845703],[9.04668,45.875586],[9.019141,45.928125],[8.998926,45.983105],[9.003027,46.014893],[9.022363,46.051465],[9.070996,46.102441],[9.203418,46.219238],[9.251074,46.286768],[9.259766,46.39126],[9.260156,46.475195],[9.304395,46.495557],[9.399316,46.480664],[9.427637,46.482324],[9.440625,46.430811],[9.481055,46.348779],[9.528711,46.306201],[9.57959,46.296094],[9.639453,46.295898],[9.787793,46.346045],[9.884473,46.367773],[9.939258,46.361816],[9.97168,46.327686],[10.041016,46.238086],[10.080566,46.227979],[10.12832,46.238232],[10.145215,46.253516],[10.129883,46.287988],[10.109668,46.362842],[10.081934,46.420752],[10.045605,46.4479],[10.038281,46.483203],[10.06123,46.546777],[10.087012,46.599902],[10.1375,46.614355],[10.195508,46.621094],[10.272266,46.564844],[10.363086,46.54707],[10.430664,46.550049],[10.44248,46.582861],[10.438281,46.618848],[10.397949,46.665039],[10.406055,46.734863],[10.452832,46.864941],[10.479395,46.855127],[10.579785,46.853711],[10.689258,46.846387],[10.759766,46.793311],[10.828906,46.775244],[10.927344,46.769482],[10.993262,46.777002],[11.025098,46.796973],[11.063477,46.859131],[11.133887,46.936182],[11.244434,46.975684],[11.433203,46.983057],[11.527539,46.997412],[11.625488,46.996582],[11.699414,46.984668],[11.775684,46.986084],[11.969531,47.039697],[12.169434,47.082129],[12.197168,47.075],[12.20127,47.060889],[12.165527,47.028174],[12.130762,46.984766],[12.154102,46.935254],[12.267969,46.835889],[12.330078,46.759814],[12.388281,46.702637],[12.479199,46.67251],[12.598633,46.654102],[12.699805,46.647461],[12.805566,46.625879],[13.16875,46.572656],[13.351562,46.55791],[13.490039,46.555566],[13.7,46.520264],[13.679688,46.462891],[13.637109,46.448535],[13.563281,46.415088],[13.478516,46.369189],[13.399512,46.317529],[13.378223,46.261621],[13.399609,46.224951],[13.420996,46.212305],[13.449805,46.223535],[13.491797,46.216602],[13.544727,46.196582],[13.63252,46.177051],[13.634961,46.157764],[13.616602,46.133105],[13.548047,46.089111],[13.486426,46.039551],[13.480273,46.009229],[13.487695,45.987109],[13.50918,45.973779],[13.600586,45.979785],[13.613965,45.96167],[13.569629,45.834131],[13.583398,45.812354],[13.663477,45.791992],[13.72168,45.761279],[13.831152,45.68042],[13.874707,45.614844],[13.844727,45.592871],[13.775977,45.581982],[13.719824,45.587598],[13.783301,45.627246],[13.62832,45.770947],[13.558203,45.770703],[13.465137,45.709961],[13.206348,45.771387],[13.156738,45.746582],[13.120117,45.6979],[13.030273,45.6375],[12.903027,45.610791],[12.76123,45.544287],[12.611719,45.497217],[12.497559,45.46167],[12.432129,45.46792],[12.536133,45.544922],[12.491797,45.546289],[12.353809,45.491992],[12.274316,45.446045],[12.248828,45.368848],[12.225684,45.241504],[12.286328,45.207715],[12.39248,45.039795],[12.523438,44.967969],[12.497949,44.899414],[12.463574,44.845215],[12.384473,44.79834],[12.319043,44.833105],[12.278906,44.832227],[12.24834,44.72251],[12.30498,44.429443],[12.396289,44.223877],[12.486816,44.134229],[12.691113,43.994727],[12.907031,43.921191],[13.295313,43.686084],[13.508203,43.61167],[13.56416,43.571289],[13.693262,43.389893],[13.804688,43.180371],[13.924902,42.851562],[14.010449,42.689551],[14.182715,42.506445],[14.540723,42.244287],[14.866113,42.052539],[15.16875,41.934033],[15.40498,41.913232],[15.964063,41.939453],[16.061523,41.928125],[16.164648,41.896191],[16.18916,41.814014],[16.15127,41.758496],[16.033691,41.700781],[15.91377,41.62085],[15.900488,41.512061],[16.012598,41.4354],[16.551855,41.232031],[17.103418,41.062158],[17.275195,40.975439],[17.474219,40.840576],[17.95498,40.655176],[18.036133,40.564941],[18.328223,40.37085],[18.460645,40.221045],[18.48584,40.104834],[18.422559,39.986865],[18.393457,39.903613],[18.34375,39.821387],[18.219336,39.852539],[18.07793,39.936963],[17.865039,40.280176],[17.476172,40.314941],[17.395801,40.340234],[17.257715,40.399072],[17.249414,40.437891],[17.215332,40.486426],[17.17998,40.502783],[17.03125,40.513477],[16.928223,40.458057],[16.807031,40.326465],[16.669629,40.137207],[16.52998,39.859668],[16.521875,39.747559],[16.597754,39.638916],[16.824316,39.57832],[16.999219,39.481592],[17.114551,39.380615],[17.122949,39.136572],[17.174609,38.998096],[17.098535,38.919336],[16.951465,38.939795],[16.755469,38.889697],[16.616699,38.800146],[16.558984,38.714795],[16.574219,38.493555],[16.545605,38.409082],[16.282422,38.249561],[16.144141,38.086377],[16.109766,38.018652],[16.056836,37.941846],[15.724512,37.939111],[15.645801,38.034229],[15.643066,38.175391],[15.700195,38.262305],[15.822363,38.302979],[15.904785,38.483496],[15.878906,38.613916],[15.926953,38.671729],[15.972363,38.712598],[16.065527,38.736426],[16.196777,38.759229],[16.209961,38.941113],[16.107422,39.023828],[16.071484,39.139453],[16.023633,39.353613],[15.854395,39.626514],[15.763672,39.870068],[15.692773,39.990186],[15.585156,40.052832],[15.390918,40.052148],[15.294531,40.07002],[14.950879,40.239014],[14.926953,40.264746],[14.929102,40.30957],[14.986133,40.37749],[14.947656,40.469336],[14.906934,40.556055],[14.839551,40.62998],[14.765723,40.668408],[14.61123,40.644775],[14.556934,40.626416],[14.459375,40.632715],[14.382715,40.599854],[14.339941,40.598828],[14.460547,40.728711],[14.428125,40.759326],[14.308887,40.812646],[14.147168,40.820703],[14.102344,40.827148],[14.075879,40.793945],[14.044336,40.812256],[14.047656,40.870312],[13.859766,41.12998],[13.733398,41.235645],[13.669727,41.254492],[13.554785,41.232178],[13.361914,41.278516],[13.246875,41.288867],[13.183398,41.277686],[13.088672,41.243848],[13.041016,41.266211],[13.024219,41.300928],[12.849219,41.40874],[12.630859,41.469678],[12.205664,41.812646],[12.075293,41.940869],[11.807031,42.082031],[11.637305,42.287549],[11.498438,42.362939],[11.296289,42.423291],[11.249707,42.415723],[11.188867,42.393115],[11.141211,42.389893],[11.103223,42.416602],[11.141797,42.444092],[11.184766,42.456592],[11.167773,42.535156],[10.937793,42.738721],[10.803125,42.804297],[10.765137,42.844678],[10.737109,42.899951],[10.708398,42.936328],[10.644629,42.957178],[10.590234,42.953613],[10.514844,42.967529],[10.517285,43.065137],[10.532324,43.140137],[10.520801,43.203809],[10.447559,43.371191],[10.320508,43.513086],[10.245801,43.8521],[10.188086,43.94751],[10.047656,44.019971],[9.730859,44.101172],[9.289355,44.319238],[9.195996,44.322998],[8.930371,44.407764],[8.76582,44.422314],[8.551953,44.346143],[8.292383,44.136523],[8.081641,43.918945],[8.00498,43.876758],[7.733301,43.802588],[7.493164,43.767139],[7.490527,43.822949],[7.482031,43.864893],[7.522656,43.911084],[7.589648,43.96543],[7.651465,44.033643],[7.677148,44.083154],[7.665039,44.116016],[7.637207,44.164844],[7.599414,44.168359],[7.370898,44.127393],[7.318555,44.137988],[7.149414,44.201709],[6.967285,44.280029],[6.900195,44.335742],[6.874805,44.392041],[6.893848,44.428174],[6.878613,44.463281],[6.842969,44.510693],[6.875195,44.564551],[6.931934,44.631641],[6.960352,44.677148],[7.00791,44.688965],[7.030664,44.716699],[6.992676,44.827295],[6.972852,44.84502],[6.939844,44.85874],[6.889355,44.860303],[6.801074,44.883154],[6.738184,44.921387],[6.724707,44.972998],[6.691406,45.022607],[6.634766,45.068164],[6.627734,45.117969],[6.692285,45.144287],[6.780371,45.145312],[6.842285,45.135645],[6.98125,45.215576],[7.032422,45.222607],[7.07832,45.239941],[7.116797,45.349023],[7.146387,45.381738],[7.153418,45.400928],[7.126074,45.423682],[7.013672,45.500488],[6.962402,45.580566],[6.881445,45.670361],[6.80625,45.71001],[6.790918,45.740869],[6.78916,45.780078],[6.804492,45.814551],[6.94082,45.868359],[7.021094,45.925781]],[[12.43916,41.898389],[12.438379,41.906201],[12.430566,41.905469],[12.427539,41.900732],[12.430566,41.897559],[12.43916,41.898389]],[[12.485254,43.901416],[12.514648,43.952979],[12.503711,43.989746],[12.441113,43.982422],[12.396875,43.93457],[12.426367,43.894092],[12.485254,43.901416]]],[[[10.395117,42.858154],[10.42832,42.819189],[10.432227,42.796582],[10.409961,42.770996],[10.419336,42.713184],[10.335645,42.761133],[10.208984,42.736914],[10.13125,42.742041],[10.109766,42.785059],[10.127539,42.810303],[10.248242,42.815771],[10.285742,42.828076],[10.358984,42.822314],[10.395117,42.858154]]],[[[13.938281,40.705615],[13.893652,40.696973],[13.867676,40.70874],[13.853516,40.724072],[13.871191,40.761816],[13.962109,40.739404],[13.96084,40.718164],[13.938281,40.705615]]],[[[12.05127,36.757031],[12.00332,36.745996],[11.940625,36.780371],[11.936426,36.828613],[11.948047,36.843066],[12.024219,36.820947],[12.048047,36.776367],[12.05127,36.757031]]],[[[15.576563,38.220312],[15.508887,38.106641],[15.475684,38.062939],[15.234473,37.784814],[15.206836,37.720557],[15.189844,37.650732],[15.164844,37.589551],[15.131055,37.531885],[15.099512,37.458594],[15.105664,37.375488],[15.116992,37.334717],[15.145996,37.308008],[15.193652,37.282861],[15.230273,37.244336],[15.174121,37.20918],[15.236035,37.138721],[15.288672,37.096924],[15.295703,37.055176],[15.294531,37.013281],[15.185156,36.934814],[15.142383,36.891602],[15.11582,36.839258],[15.104297,36.785254],[15.116309,36.736475],[15.112598,36.687842],[15.002441,36.693896],[14.889648,36.723535],[14.775977,36.7104],[14.614355,36.766602],[14.555469,36.776758],[14.501855,36.798682],[14.367285,36.972852],[14.259082,37.046436],[14.142969,37.103662],[14.024316,37.107129],[13.905469,37.100635],[13.800586,37.135889],[13.587109,37.25415],[13.360938,37.34873],[13.264941,37.410352],[13.221094,37.451807],[13.169922,37.479297],[13.040332,37.506543],[12.924121,37.570508],[12.871191,37.575195],[12.757324,37.567383],[12.699023,37.571826],[12.640234,37.594336],[12.526758,37.669531],[12.454395,37.773779],[12.435547,37.819775],[12.486816,37.938721],[12.547656,38.05293],[12.60166,38.084961],[12.664355,38.10791],[12.702344,38.141699],[12.734375,38.183057],[12.850684,38.063721],[12.902734,38.034863],[12.955469,38.041309],[13.049023,38.084082],[13.056836,38.130908],[13.159961,38.190332],[13.291113,38.191455],[13.35166,38.180518],[13.383496,38.126807],[13.433496,38.110254],[13.491309,38.103125],[13.681543,38.000732],[13.734863,37.984033],[13.788867,37.981201],[13.936621,38.02417],[14.05,38.040527],[14.287695,38.016846],[14.416211,38.042578],[14.505957,38.045508],[14.636719,38.085059],[14.737207,38.150781],[14.789648,38.166992],[14.845898,38.17168],[14.981934,38.167578],[15.11875,38.152734],[15.176074,38.168066],[15.224023,38.211035],[15.27959,38.230371],[15.340723,38.217334],[15.49873,38.290869],[15.568359,38.295898],[15.634668,38.267578],[15.576563,38.220312]]],[[[9.632031,40.882031],[9.682031,40.818115],[9.794336,40.556201],[9.805273,40.499561],[9.782813,40.441504],[9.754199,40.400293],[9.642969,40.268408],[9.659473,40.159229],[9.700781,40.091797],[9.706738,40.017041],[9.686035,39.924365],[9.616992,39.354395],[9.583594,39.253564],[9.5625,39.166016],[9.486328,39.139551],[9.388086,39.167529],[9.26416,39.216797],[9.206934,39.213818],[9.149316,39.196973],[9.101758,39.211279],[9.056348,39.23916],[9.022656,39.043262],[8.966602,38.963721],[8.881348,38.912891],[8.801172,38.909668],[8.718555,38.926709],[8.648535,38.926562],[8.59541,38.964307],[8.55332,39.030322],[8.48623,39.110498],[8.418164,39.205713],[8.410742,39.291797],[8.399121,39.481592],[8.418652,39.523047],[8.44707,39.562793],[8.461035,39.647705],[8.451172,39.72168],[8.471094,39.748096],[8.510742,39.72168],[8.540527,39.731592],[8.538672,39.769678],[8.547754,39.839209],[8.495898,39.897461],[8.407813,39.917236],[8.399316,39.978174],[8.408594,40.037646],[8.455078,40.077588],[8.470801,40.130713],[8.471289,40.292676],[8.40918,40.352344],[8.385352,40.442676],[8.353223,40.500537],[8.295508,40.558643],[8.230273,40.605957],[8.189941,40.651611],[8.180859,40.771045],[8.203809,40.870703],[8.224219,40.91333],[8.245215,40.907031],[8.310156,40.85752],[8.363281,40.846338],[8.468457,40.834326],[8.571875,40.850195],[8.698926,40.895264],[8.821191,40.949902],[8.998145,41.110352],[9.107227,41.14292],[9.163086,41.185156],[9.182129,41.242188],[9.228418,41.25708],[9.283008,41.20166],[9.350781,41.195898],[9.455176,41.150146],[9.500195,41.106348],[9.53877,41.053662],[9.575684,41.030518],[9.615332,41.017285],[9.621191,41.004883],[9.589746,40.99248],[9.553711,40.932129],[9.574023,40.914746],[9.632031,40.882031]]],[[[8.478906,39.067529],[8.421484,38.968652],[8.360938,39.038672],[8.358594,39.098779],[8.366797,39.115918],[8.440625,39.090625],[8.478906,39.067529]]],[[[8.286035,41.039844],[8.252734,40.994141],[8.205664,40.997461],[8.224023,41.031299],[8.267383,41.099121],[8.320215,41.121875],[8.34375,41.101611],[8.318945,41.062744],[8.286035,41.039844]]]]}},{"type":"Feature","id":"JP","properties":{"ISO_A2":"JP","name":"Japan"},"geometry":{"type":"MultiPolygon","coordinates":[[[[133.370508,36.203857],[133.324707,36.166504],[133.239258,36.17876],[133.189941,36.232617],[133.206152,36.293408],[133.295703,36.340137],[133.38125,36.246387],[133.370508,36.203857]]],[[[138.344043,37.822119],[138.249023,37.81958],[138.225195,37.829395],[138.282813,37.854199],[138.287891,37.895801],[138.322266,37.969531],[138.32168,37.99082],[138.246191,37.99458],[138.25,38.078467],[138.306348,38.161133],[138.461328,38.291455],[138.503613,38.315918],[138.510059,38.258984],[138.462793,38.124316],[138.453613,38.075684],[138.575195,38.065527],[138.496973,37.903906],[138.344043,37.822119]]],[[[134.932813,34.288135],[134.824414,34.20293],[134.730664,34.208887],[134.683496,34.246973],[134.667871,34.294141],[134.757227,34.368164],[134.834277,34.472656],[134.904102,34.519092],[134.960742,34.544922],[135.004688,34.544043],[134.905469,34.398291],[134.932813,34.288135]]],[[[130.622754,30.262988],[130.508203,30.241406],[130.445605,30.264697],[130.388086,30.388184],[130.497168,30.465527],[130.643555,30.388965],[130.673242,30.366895],[130.622754,30.262988]]],[[[130.959766,30.396924],[130.872168,30.386328],[130.870313,30.444238],[130.939941,30.575098],[130.947363,30.671191],[131.012207,30.792285],[131.039844,30.818896],[131.060352,30.828467],[131.082617,30.790869],[131.057422,30.64248],[130.992578,30.52998],[130.959766,30.396924]]],[[[130.08252,32.229687],[130.003516,32.193994],[129.993359,32.228174],[129.960156,32.24375],[130.017285,32.291846],[130.015332,32.313672],[129.979297,32.346191],[130.021289,32.468848],[130.009766,32.521631],[130.167773,32.541211],[130.19668,32.491602],[130.199512,32.340576],[130.08252,32.229687]]],[[[129.279492,34.123389],[129.214453,34.082812],[129.186426,34.14502],[129.214844,34.320654],[129.337109,34.284766],[129.335059,34.230811],[129.279492,34.123389]]],[[[129.385645,34.353662],[129.365332,34.305518],[129.297461,34.3396],[129.266699,34.370459],[129.329395,34.521875],[129.32207,34.579297],[129.325879,34.607275],[129.451074,34.686572],[129.472461,34.671338],[129.480176,34.649463],[129.469141,34.615527],[129.475391,34.54043],[129.381445,34.416455],[129.385645,34.353662]]],[[[128.665332,32.783887],[128.704102,32.756885],[128.761035,32.772363],[128.806055,32.775977],[128.838574,32.762891],[128.879395,32.693311],[128.894531,32.652148],[128.821289,32.646338],[128.79043,32.636719],[128.750488,32.586133],[128.692969,32.604736],[128.657324,32.628418],[128.649121,32.662012],[128.665332,32.783887]]],[[[130.381055,32.42373],[130.292578,32.419336],[130.256055,32.431006],[130.241699,32.462793],[130.36543,32.527197],[130.461426,32.515723],[130.418555,32.457715],[130.381055,32.42373]]],[[[141.072754,45.332861],[141.033984,45.269336],[140.982129,45.36377],[140.97168,45.465479],[141.00166,45.464844],[141.056738,45.449561],[141.069922,45.4],[141.072754,45.332861]]],[[[141.29541,45.119336],[141.225977,45.112207],[141.145313,45.153906],[141.135352,45.206201],[141.19375,45.247852],[141.251855,45.232471],[141.310059,45.178564],[141.329199,45.150488],[141.29541,45.119336]]],[[[139.48125,42.081006],[139.458398,42.075635],[139.43457,42.084082],[139.411523,42.159668],[139.431348,42.199561],[139.495801,42.227441],[139.558398,42.235205],[139.505078,42.096387],[139.48125,42.081006]]],[[[134.351855,34.483643],[134.333203,34.46377],[134.315332,34.468945],[134.251855,34.423047],[134.238086,34.467041],[134.188281,34.496338],[134.182129,34.519238],[134.325977,34.534375],[134.372266,34.522363],[134.351855,34.483643]]],[[[139.456445,34.726514],[139.445703,34.679541],[139.392383,34.689893],[139.366895,34.720508],[139.37002,34.775439],[139.426172,34.775879],[139.456445,34.726514]]],[[[129.076953,32.840283],[129.051953,32.829492],[129.019629,32.919629],[128.997266,32.951855],[129.034961,32.969092],[129.109766,33.132568],[129.123633,33.067676],[129.152734,33.00332],[129.181934,32.993115],[129.153516,32.946191],[129.111621,32.928857],[129.076953,32.840283]]],[[[129.491797,33.223047],[129.421387,33.17583],[129.37041,33.176025],[129.416992,33.231104],[129.423145,33.257373],[129.461914,33.33125],[129.537988,33.357764],[129.569922,33.361035],[129.508105,33.284326],[129.491797,33.223047]]],[[[129.795703,33.748828],[129.726562,33.707324],[129.674805,33.739697],[129.7,33.828906],[129.717285,33.858398],[129.776367,33.829199],[129.795703,33.748828]]],[[[132.578418,34.115186],[132.549414,34.075098],[132.460938,34.087256],[132.496289,34.121973],[132.523535,34.164062],[132.543457,34.172656],[132.560156,34.126904],[132.578418,34.115186]]],[[[132.266016,33.945166],[132.314551,33.908594],[132.430469,33.923535],[132.444922,33.913184],[132.411035,33.879932],[132.359961,33.847021],[132.267285,33.871484],[132.208789,33.872852],[132.200586,33.927783],[132.208008,33.947803],[132.266016,33.945166]]],[[[129.717969,31.657129],[129.686816,31.639648],[129.706836,31.718262],[129.787305,31.787109],[129.793652,31.74248],[129.717969,31.657129]]],[[[142.188184,26.616504],[142.169922,26.615674],[142.107129,26.721533],[142.125293,26.726465],[142.161719,26.709961],[142.202148,26.648779],[142.188184,26.616504]]],[[[143.824316,44.116992],[143.949512,44.111914],[144.005469,44.11665],[144.101367,44.101562],[144.481836,43.949561],[144.59668,43.930225],[144.715234,43.927979],[144.798535,43.940234],[144.871875,43.981934],[145.101562,44.166162],[145.342773,44.333887],[145.369531,44.327393],[145.369629,44.281299],[145.351953,44.229785],[145.245215,44.076172],[145.126367,43.869385],[145.101074,43.764551],[145.139648,43.6625],[145.214063,43.578223],[145.272949,43.462891],[145.34082,43.302539],[145.436133,43.282227],[145.487891,43.279736],[145.583301,43.327783],[145.673633,43.388867],[145.75127,43.396289],[145.833008,43.385937],[145.725586,43.343457],[145.624219,43.291309],[145.537402,43.192676],[145.505078,43.174219],[145.404785,43.180273],[145.347461,43.176709],[145.230078,43.135498],[145.127148,43.088867],[145.028809,43.031641],[144.921387,43.000928],[144.807129,42.993701],[144.630762,42.946924],[144.516211,42.943604],[144.301563,42.984424],[144.197266,42.973633],[143.969336,42.881396],[143.762109,42.748145],[143.580957,42.59873],[143.429492,42.418896],[143.368652,42.325146],[143.332129,42.220361],[143.327148,42.151025],[143.313672,42.084326],[143.278711,42.037842],[143.236523,42.000195],[143.111719,42.022217],[142.906348,42.118359],[142.508203,42.257959],[142.087891,42.471729],[141.851367,42.579053],[141.406641,42.546924],[140.986133,42.342139],[140.948438,42.35957],[140.787598,42.5],[140.709766,42.555615],[140.616797,42.571338],[140.547656,42.569531],[140.480469,42.559375],[140.385449,42.487158],[140.350586,42.435107],[140.323535,42.376074],[140.315234,42.334277],[140.32666,42.293359],[140.416602,42.200732],[140.527539,42.131787],[140.577734,42.118652],[140.684277,42.123486],[140.733789,42.116357],[140.912305,41.977783],[141.107715,41.848047],[141.150977,41.805078],[141.078711,41.759814],[140.999512,41.737402],[140.90752,41.743262],[140.816406,41.7604],[140.659863,41.815576],[140.592969,41.768555],[140.48916,41.672168],[140.431641,41.567383],[140.384961,41.519287],[140.270117,41.456006],[140.148633,41.423242],[140.085156,41.434082],[140.036621,41.473779],[140.00918,41.521338],[139.995313,41.576416],[140.021289,41.695752],[140.08418,41.803223],[140.108398,41.912939],[140.056836,42.067334],[140.024121,42.099561],[139.895117,42.190039],[139.835449,42.278076],[139.820898,42.387598],[139.828516,42.448145],[139.860156,42.581738],[139.891113,42.649219],[139.950586,42.671436],[140.015039,42.684766],[140.114648,42.732959],[140.224121,42.795508],[140.328613,42.866846],[140.432227,42.954102],[140.486426,43.049902],[140.397461,43.167334],[140.379297,43.237109],[140.392383,43.303125],[140.486914,43.338184],[140.58457,43.311719],[140.780664,43.21499],[140.819141,43.205469],[140.953809,43.200977],[141.138184,43.179932],[141.24502,43.185059],[141.296289,43.199658],[141.374121,43.279639],[141.412305,43.381494],[141.39834,43.5125],[141.397656,43.642627],[141.446777,43.748633],[141.600684,43.918994],[141.644727,44.019434],[141.66084,44.263623],[141.716309,44.371191],[141.760938,44.48252],[141.782227,44.716357],[141.719043,44.941064],[141.655762,45.051221],[141.583008,45.155957],[141.59375,45.255957],[141.652539,45.348633],[141.654004,45.376562],[141.667969,45.40127],[141.778125,45.418896],[141.829492,45.43877],[141.878711,45.483301],[141.937695,45.509521],[141.980859,45.483496],[142.016406,45.437939],[142.171582,45.325635],[142.416016,45.125],[142.704102,44.819189],[142.884766,44.670117],[143.075098,44.534912],[143.288574,44.396631],[143.511914,44.277539],[143.65459,44.221338],[143.759082,44.131641],[143.824316,44.116992]]],[[[131.174609,33.602588],[131.30918,33.572754],[131.366016,33.570898],[131.41875,33.584424],[131.498828,33.623584],[131.583008,33.652393],[131.643066,33.637793],[131.696289,33.602832],[131.724219,33.553809],[131.710645,33.502344],[131.615527,33.391846],[131.537402,33.274072],[131.71709,33.2521],[131.896582,33.25459],[131.854688,33.181641],[131.847852,33.118066],[131.902734,33.087793],[131.949316,33.04707],[131.937207,33.010156],[131.910449,32.973682],[132.008594,32.919043],[132.002148,32.882373],[131.97666,32.843945],[131.732129,32.592822],[131.660352,32.465625],[131.610352,32.325488],[131.564648,32.223047],[131.531152,32.116748],[131.505664,32.001953],[131.460254,31.883496],[131.475293,31.778418],[131.459961,31.670801],[131.337207,31.404687],[131.249707,31.409619],[131.139746,31.441846],[131.070801,31.436865],[131.035156,31.377686],[131.098438,31.256152],[130.902246,31.112061],[130.685742,31.015137],[130.68418,31.059277],[130.704492,31.094092],[130.735742,31.12207],[130.758398,31.155811],[130.789746,31.269092],[130.774219,31.383203],[130.708984,31.526074],[130.704199,31.577441],[130.749414,31.598193],[130.779785,31.604102],[130.796289,31.624072],[130.796875,31.671289],[130.77627,31.706299],[130.714551,31.717676],[130.655078,31.718408],[130.613477,31.66543],[130.556055,31.563086],[130.528125,31.459668],[130.54043,31.403076],[130.565918,31.352393],[130.644531,31.26748],[130.621484,31.217529],[130.58877,31.178516],[130.310645,31.266895],[130.250586,31.273193],[130.200684,31.291895],[130.147266,31.408496],[130.260547,31.436572],[130.294141,31.450684],[130.306641,31.487793],[130.321973,31.601465],[130.268945,31.696338],[130.224219,31.730078],[130.187891,31.768848],[130.210938,31.848975],[130.195801,31.949854],[130.194434,32.090771],[130.214063,32.115039],[130.319141,32.143506],[130.394922,32.218994],[130.462012,32.304932],[130.560352,32.456055],[130.640527,32.619238],[130.563281,32.626367],[130.497852,32.656934],[130.569434,32.734131],[130.547266,32.831592],[130.44043,32.951367],[130.381738,33.092578],[130.287305,33.154785],[130.2375,33.177637],[130.176855,33.144531],[130.126855,33.104834],[130.173145,33.012988],[130.167773,32.931787],[130.175,32.851318],[130.222168,32.846826],[130.280078,32.866846],[130.326465,32.852637],[130.353516,32.810352],[130.36084,32.755859],[130.34043,32.701855],[130.297656,32.675],[130.245508,32.677148],[130.192969,32.706299],[130.152051,32.747852],[130.054102,32.770801],[129.950781,32.721729],[129.852539,32.621729],[129.768555,32.570996],[129.808105,32.645264],[129.826758,32.725342],[129.785938,32.781641],[129.690039,32.875244],[129.667773,32.929395],[129.662305,32.994922],[129.679102,33.059961],[129.777734,32.985547],[129.82832,32.892676],[129.900781,32.851904],[129.991699,32.851562],[129.921875,32.987988],[129.896777,33.022363],[129.79873,33.083594],[129.665039,33.186621],[129.580078,33.236279],[129.610156,33.343652],[129.659961,33.36499],[129.702148,33.359814],[129.844141,33.321777],[129.85752,33.375244],[129.836621,33.403809],[129.825684,33.437012],[129.919141,33.483496],[130.07207,33.521777],[130.103418,33.539697],[130.130566,33.578174],[130.167969,33.598291],[130.275098,33.597705],[130.365039,33.634473],[130.439453,33.734229],[130.457227,33.788965],[130.483789,33.834619],[130.669531,33.915479],[130.715625,33.927783],[130.839648,33.917773],[130.953125,33.872021],[131.009082,33.77583],[131.058105,33.672852],[131.174609,33.602588]]],[[[134.357422,34.256348],[134.495703,34.214746],[134.6375,34.226611],[134.635254,34.043945],[134.655371,33.982617],[134.695312,33.927734],[134.674805,33.847803],[134.738867,33.820508],[134.54873,33.729297],[134.377051,33.608398],[134.306543,33.526807],[134.242676,33.439453],[134.205664,33.346973],[134.181641,33.247217],[134.124121,33.286768],[133.958691,33.44834],[133.854004,33.492676],[133.685645,33.516309],[133.632031,33.510986],[133.285938,33.359961],[133.239941,33.249609],[133.145605,33.083154],[133.100879,33.028223],[133.051172,33.012451],[133.016016,32.983887],[132.977246,32.841992],[132.869922,32.75459],[132.804297,32.752002],[132.692188,32.775928],[132.641797,32.762451],[132.708984,32.90249],[132.601953,32.919531],[132.495117,32.916602],[132.492578,33.007666],[132.427832,33.059375],[132.475781,33.126465],[132.477148,33.181152],[132.505273,33.211279],[132.515039,33.255371],[132.511426,33.293066],[132.44541,33.30459],[132.405176,33.33125],[132.412793,33.430469],[132.374902,33.434082],[132.281055,33.416797],[132.08584,33.340137],[132.032617,33.33999],[132.114453,33.39458],[132.287891,33.469531],[132.365918,33.512451],[132.536035,33.63291],[132.643066,33.689941],[132.698926,33.790918],[132.716211,33.852246],[132.752344,33.906152],[132.784277,33.992432],[132.839453,34.02124],[132.935156,34.095312],[132.990137,34.088135],[133.05127,33.997119],[133.133691,33.927295],[133.193066,33.933203],[133.298828,33.968994],[133.349805,33.977051],[133.47207,33.972803],[133.582031,34.017139],[133.626758,34.069385],[133.643457,34.134668],[133.602637,34.243848],[133.655566,34.232861],[133.70625,34.237354],[133.825586,34.306836],[133.94834,34.348047],[134.075879,34.358398],[134.219238,34.319043],[134.357422,34.256348]]],[[[141.229297,41.372656],[141.26875,41.353809],[141.455469,41.404736],[141.419922,41.251172],[141.4,41.096338],[141.413672,40.839355],[141.430469,40.72334],[141.462793,40.611133],[141.542285,40.530713],[141.646289,40.473633],[141.79707,40.291162],[141.87793,40.067236],[141.935059,39.958496],[141.977832,39.844434],[141.99082,39.792236],[141.991895,39.739893],[141.979102,39.668359],[141.993164,39.610547],[141.976953,39.428809],[141.909473,39.218701],[141.900781,39.111328],[141.84209,39.090039],[141.806543,39.04043],[141.776172,39.017432],[141.74248,38.999609],[141.693555,38.995166],[141.658594,38.974854],[141.644727,38.91792],[141.622266,38.865137],[141.579688,38.816504],[141.546289,38.762842],[141.51875,38.632031],[141.508789,38.497852],[141.46748,38.40415],[141.368164,38.379736],[141.254297,38.381396],[141.108398,38.337939],[141.077344,38.312549],[140.962109,38.148877],[140.929004,38.052881],[140.92793,37.949609],[140.959961,37.822607],[141.003418,37.698437],[141.036328,37.467236],[141.00166,37.114648],[140.968359,37.002051],[140.895117,36.925732],[140.839648,36.890332],[140.791797,36.846875],[140.729883,36.731885],[140.627344,36.502783],[140.618848,36.445312],[140.619238,36.385596],[140.591602,36.307812],[140.573535,36.231348],[140.59043,36.142432],[140.621973,36.059229],[140.75957,35.845703],[140.813477,35.78252],[140.874023,35.724951],[140.639258,35.661279],[140.596875,35.632031],[140.457422,35.510254],[140.412891,35.394775],[140.416504,35.266992],[140.392969,35.221143],[140.354688,35.181445],[140.314746,35.155029],[140.158887,35.096484],[140.05918,35.038281],[139.959766,34.947314],[139.92041,34.899609],[139.843945,34.914893],[139.799219,34.956934],[139.843262,35.009863],[139.829688,35.072168],[139.851465,35.232324],[139.826465,35.29668],[139.906152,35.345264],[139.944141,35.422998],[140.027148,35.485205],[140.086328,35.54043],[140.096875,35.585156],[140.043652,35.63335],[139.9875,35.668213],[139.909766,35.668359],[139.834766,35.658057],[139.786328,35.612109],[139.770117,35.549561],[139.773926,35.520361],[139.767773,35.494824],[139.65,35.409131],[139.665527,35.319482],[139.7,35.273975],[139.744043,35.252393],[139.730859,35.221533],[139.675,35.149268],[139.635938,35.142139],[139.564063,35.243262],[139.474414,35.298535],[139.363477,35.298096],[139.249414,35.278027],[139.162695,35.210742],[139.134082,35.154883],[139.11582,35.097119],[139.121973,34.956494],[139.086035,34.83916],[139.015625,34.736035],[138.982617,34.698389],[138.89668,34.628418],[138.8375,34.619238],[138.795117,34.651025],[138.761035,34.699219],[138.804492,34.875732],[138.802734,34.974805],[138.903613,35.025244],[138.820898,35.095703],[138.719629,35.124072],[138.577148,35.086475],[138.537012,35.044141],[138.50957,34.987158],[138.433105,34.915186],[138.348633,34.847705],[138.253223,34.732666],[138.189063,34.596338],[137.979004,34.640918],[137.864258,34.650879],[137.748535,34.647412],[137.543359,34.664209],[137.318066,34.636377],[137.061719,34.582812],[137.077051,34.621436],[137.287793,34.703516],[137.29541,34.727588],[137.275195,34.77251],[137.222656,34.774707],[137.096582,34.759033],[137.032227,34.765918],[137.005957,34.814111],[136.963281,34.834912],[136.934766,34.815186],[136.944141,34.721533],[136.912891,34.709033],[136.871289,34.733105],[136.88457,34.805859],[136.856152,34.9125],[136.85293,34.978711],[136.89707,35.035547],[136.851855,35.059521],[136.804199,35.050293],[136.743555,35.022998],[136.690039,34.984131],[136.576953,34.789551],[136.533008,34.678369],[136.61582,34.589062],[136.841602,34.464209],[136.880273,34.433594],[136.881152,34.380469],[136.853711,34.324072],[136.792188,34.299268],[136.544434,34.257715],[136.329883,34.176855],[136.267871,34.094873],[136.072559,33.778223],[135.916211,33.561719],[135.695312,33.486963],[135.452832,33.553369],[135.394238,33.62876],[135.346777,33.721973],[135.256641,33.80625],[135.175391,33.898047],[135.12793,34.006982],[135.135352,34.182617],[135.100098,34.288379],[135.131934,34.316553],[135.265625,34.380811],[135.309277,34.416797],[135.384766,34.500439],[135.411816,34.546973],[135.415918,34.61748],[135.355176,34.654297],[135.198242,34.65293],[135.041699,34.631006],[134.929883,34.661816],[134.784961,34.74707],[134.740039,34.765234],[134.583789,34.770605],[134.472266,34.754785],[134.362695,34.723682],[134.246875,34.713867],[134.208301,34.697656],[134.074512,34.593115],[133.968262,34.527295],[133.876367,34.494629],[133.67793,34.485889],[133.578613,34.464697],[133.474414,34.430127],[133.445312,34.433154],[133.335645,34.385352],[133.209766,34.343994],[133.142383,34.302441],[133.018945,34.32959],[132.774609,34.255225],[132.656543,34.246094],[132.534473,34.287061],[132.421289,34.353369],[132.312598,34.324951],[132.238086,34.227002],[132.201953,34.032031],[132.159375,33.944238],[132.146484,33.83877],[132.090234,33.855469],[131.763184,34.045264],[131.740527,34.052051],[131.476172,34.019385],[131.40791,34.003613],[131.322754,33.965186],[131.232617,33.947998],[131.150391,33.975635],[131.071875,34.020654],[130.996387,34.007275],[130.918848,33.975732],[130.889258,34.261816],[130.904297,34.299561],[130.951855,34.349707],[131.004199,34.392578],[131.132227,34.407373],[131.261816,34.393457],[131.354395,34.413184],[131.43252,34.469824],[131.515039,34.550146],[131.608008,34.615479],[131.734082,34.66709],[131.856055,34.726318],[131.963086,34.809375],[132.064746,34.9],[132.158203,34.966504],[132.25957,35.022314],[132.414062,35.156299],[132.619043,35.306836],[132.697656,35.418311],[132.746582,35.449023],[132.922949,35.511279],[133.156934,35.558838],[133.267188,35.556543],[133.376465,35.458838],[133.435352,35.472217],[133.494922,35.497461],[133.61543,35.511426],[133.739355,35.495264],[133.860254,35.494873],[133.98125,35.507227],[134.214063,35.539258],[134.336523,35.57793],[134.456055,35.62793],[134.882227,35.663232],[135.174316,35.74707],[135.220508,35.741113],[135.26543,35.721777],[135.26875,35.659668],[135.232031,35.591895],[135.267773,35.550879],[135.326953,35.525537],[135.601855,35.517725],[135.680273,35.503125],[135.79502,35.549512],[135.903125,35.606885],[136.016211,35.68252],[136.095313,35.767627],[136.022266,35.874121],[136.00625,35.990576],[136.06748,36.116846],[136.15625,36.22334],[136.261816,36.287695],[136.358984,36.361768],[136.555859,36.571973],[136.698145,36.742041],[136.749316,36.951025],[136.719238,37.198389],[136.843457,37.382129],[136.962305,37.413672],[137.198633,37.497461],[137.322656,37.52207],[137.341211,37.485449],[137.3375,37.437451],[137.152051,37.283154],[137.045801,37.219727],[136.982227,37.200049],[136.924023,37.171973],[136.899902,37.117676],[136.994434,37.026758],[137.018555,36.959619],[137.012695,36.895117],[137.016699,36.837207],[137.12373,36.774072],[137.246289,36.753174],[137.297656,36.75376],[137.342578,36.770361],[137.482617,36.924756],[137.514063,36.951562],[137.913184,37.0646],[138.10957,37.151074],[138.218066,37.173389],[138.319922,37.218408],[138.54834,37.392139],[138.632812,37.472168],[138.709375,37.560645],[138.770605,37.663428],[138.818848,37.774707],[138.885059,37.843945],[139.247168,38.009082],[139.363867,38.099023],[139.400977,38.142578],[139.445801,38.26875],[139.476758,38.399805],[139.520801,38.502539],[139.580176,38.598877],[139.659766,38.697021],[139.749121,38.788135],[139.801953,38.881592],[139.878613,39.104932],[139.912305,39.228564],[139.938574,39.273145],[139.977148,39.310645],[140.01084,39.358057],[140.036523,39.411133],[140.048145,39.463721],[140.064746,39.624414],[140.054688,39.749268],[139.994727,39.855078],[139.945215,39.885107],[139.891211,39.886865],[139.810352,39.877734],[139.741504,39.92085],[139.755469,39.958936],[139.825684,39.966016],[139.873633,39.985693],[139.908008,40.021729],[139.972461,40.136963],[140.011133,40.260352],[140.014453,40.314893],[139.964063,40.414307],[139.923926,40.533887],[139.922852,40.598437],[139.966699,40.672754],[140.029297,40.733154],[140.085352,40.747363],[140.146094,40.751562],[140.20127,40.774902],[140.252344,40.808789],[140.28125,40.846094],[140.32627,40.947656],[140.343555,41.005664],[140.315234,41.160889],[140.344434,41.20332],[140.385938,41.229785],[140.441309,41.209668],[140.498047,41.205664],[140.56416,41.211816],[140.627637,41.19541],[140.639648,41.155615],[140.679395,40.893262],[140.702441,40.857812],[140.748633,40.830322],[140.800781,40.834326],[140.845801,40.875146],[140.876172,40.929541],[140.936035,40.940771],[141.118555,40.882275],[141.183203,40.924023],[141.225391,40.988477],[141.262109,41.102686],[141.244238,41.205615],[141.200391,41.243604],[141.155078,41.236719],[141.115039,41.208496],[141.07041,41.193066],[140.800586,41.138818],[140.801855,41.253662],[140.85957,41.425439],[140.891504,41.479785],[140.936914,41.505566],[141.050195,41.475732],[141.105859,41.455859],[141.229297,41.372656]]],[[[124.293164,24.515918],[124.234277,24.358057],[124.185645,24.335059],[124.135742,24.347607],[124.084766,24.43584],[124.12041,24.469629],[124.170215,24.451855],[124.210547,24.458643],[124.301953,24.587109],[124.324023,24.566357],[124.293164,24.515918]]],[[[123.888672,24.280127],[123.825586,24.266064],[123.749805,24.283301],[123.680664,24.288037],[123.679785,24.317773],[123.752344,24.348486],[123.753711,24.391309],[123.771484,24.414453],[123.934863,24.362012],[123.928125,24.323633],[123.888672,24.280127]]],[[[125.444141,24.743164],[125.359375,24.71709],[125.268945,24.73252],[125.283594,24.871924],[125.314941,24.852393],[125.33457,24.804688],[125.401855,24.776855],[125.444141,24.743164]]],[[[128.258789,26.652783],[128.1625,26.606934],[128.126953,26.552246],[128.037891,26.533594],[127.95127,26.456494],[127.86709,26.44248],[127.869238,26.380566],[127.904785,26.328125],[127.84873,26.318945],[127.790137,26.255078],[127.785547,26.208691],[127.806445,26.17124],[127.803613,26.152539],[127.729395,26.097168],[127.653125,26.094727],[127.649707,26.154492],[127.654883,26.19917],[127.727051,26.30791],[127.728906,26.433936],[127.795898,26.448535],[127.82041,26.466064],[127.925977,26.555713],[127.945508,26.593945],[127.89082,26.631055],[127.894824,26.674951],[127.907227,26.693604],[127.994336,26.679443],[128.029688,26.646875],[128.046777,26.643311],[128.097656,26.667773],[128.121582,26.711426],[128.216504,26.796875],[128.254883,26.881885],[128.331641,26.812109],[128.310938,26.720703],[128.258789,26.652783]]],[[[128.998145,27.720801],[128.95625,27.70249],[128.9,27.727783],[128.882812,27.842432],[128.907617,27.897998],[128.95166,27.910254],[128.989746,27.811133],[129.016406,27.770215],[128.998145,27.720801]]],[[[129.452539,28.208984],[129.366406,28.127734],[129.274902,28.200879],[129.164648,28.249756],[129.21709,28.262939],[129.247852,28.28252],[129.250879,28.313574],[129.322461,28.359619],[129.464551,28.395264],[129.509668,28.39751],[129.560547,28.431055],[129.577148,28.461279],[129.598047,28.475879],[129.689551,28.51748],[129.714648,28.469629],[129.710449,28.432129],[129.641699,28.411279],[129.574609,28.361182],[129.512695,28.29873],[129.456738,28.272314],[129.439063,28.254785],[129.452539,28.208984]]],[[[129.324023,28.104932],[129.330566,28.081592],[129.232422,28.101123],[129.19248,28.19248],[129.257422,28.176172],[129.277344,28.144727],[129.324023,28.104932]]],[[[139.841113,33.056055],[139.823828,33.045459],[139.775684,33.078223],[139.768945,33.107178],[139.777441,33.125146],[139.808887,33.129248],[139.873633,33.093506],[139.841113,33.056055]]]]}},{"type":"Feature","id":"KH","properties":{"ISO_A2":"KH","name":"Cambodia"},"geometry":{"type":"MultiPolygon","coordinates":[[[[103.045117,11.285059],[103.027344,11.275488],[103.010547,11.275781],[102.993359,11.29043],[102.99502,11.348096],[103.00752,11.383301],[103.036816,11.389941],[103.045117,11.285059]]],[[[103.317773,10.718506],[103.28125,10.679688],[103.222949,10.75957],[103.223437,10.781982],[103.317773,10.718506]]],[[[107.519434,14.705078],[107.535254,14.649951],[107.493164,14.545752],[107.448438,14.451221],[107.364453,14.368701],[107.360352,14.307861],[107.331445,14.126611],[107.342578,14.068896],[107.362109,14.019482],[107.389453,13.993018],[107.462305,13.815625],[107.528613,13.654199],[107.593945,13.52168],[107.605469,13.437793],[107.545508,13.225439],[107.475391,13.030371],[107.481543,12.933105],[107.511523,12.835742],[107.543555,12.705908],[107.555469,12.53999],[107.538086,12.431787],[107.506445,12.364551],[107.445996,12.295703],[107.393359,12.260498],[107.330078,12.319043],[107.279688,12.321582],[107.212109,12.304004],[107.158984,12.277051],[107.050684,12.175879],[106.930664,12.07749],[106.764648,12.052344],[106.700098,11.979297],[106.630957,11.969189],[106.499609,11.965527],[106.413867,11.948437],[106.417773,11.911719],[106.410742,11.738379],[106.4125,11.697803],[106.399219,11.687012],[106.339844,11.681836],[106.23916,11.70835],[106.10293,11.75127],[106.006055,11.758008],[105.95625,11.682471],[105.926562,11.65293],[105.889844,11.648389],[105.851465,11.63501],[105.838477,11.601318],[105.835352,11.559131],[105.854004,11.487061],[105.860938,11.372412],[105.856055,11.294287],[105.891602,11.244824],[106.099512,11.078662],[106.160937,11.037109],[106.167969,11.012305],[106.131543,10.921973],[106.163965,10.794922],[106.098828,10.797266],[105.990137,10.851807],[105.938184,10.885156],[105.875195,10.858496],[105.85332,10.863574],[105.810742,10.926074],[105.755078,10.98999],[105.697754,10.994043],[105.576563,10.968896],[105.452734,10.951416],[105.405762,10.951611],[105.386523,10.940088],[105.314648,10.845166],[105.284277,10.861475],[105.159473,10.897559],[105.045703,10.911377],[105.022266,10.886865],[105.036133,10.809375],[105.061133,10.733789],[105.046387,10.70166],[104.983887,10.661914],[104.90127,10.590234],[104.850586,10.534473],[104.81543,10.520801],[104.689648,10.523242],[104.564258,10.515967],[104.514063,10.46333],[104.466992,10.422363],[104.426367,10.41123],[104.262402,10.54126],[103.937109,10.586621],[103.901758,10.643945],[103.870508,10.655127],[103.840527,10.580566],[103.661914,10.508936],[103.587109,10.552197],[103.532227,10.604639],[103.54043,10.668701],[103.59209,10.721045],[103.680859,10.758594],[103.721875,10.890137],[103.654297,11.058691],[103.59502,11.107764],[103.532422,11.14668],[103.466699,11.083984],[103.411328,10.976758],[103.353613,10.921582],[103.272168,10.909277],[103.152832,10.913721],[103.106445,11.073779],[103.091113,11.211084],[103.107422,11.367773],[103.125488,11.460645],[103.010547,11.588672],[103.004199,11.710596],[102.948633,11.773486],[102.932324,11.741699],[102.933887,11.706689],[102.918066,11.73208],[102.736621,12.089795],[102.70625,12.255664],[102.737402,12.383398],[102.755664,12.42627],[102.70332,12.493506],[102.629687,12.569922],[102.499609,12.669971],[102.490723,12.82832],[102.461719,13.015039],[102.422656,13.077979],[102.362988,13.192969],[102.330762,13.288232],[102.319727,13.53999],[102.336328,13.560303],[102.428516,13.567578],[102.546875,13.585693],[102.565527,13.626367],[102.544727,13.659961],[102.62041,13.716943],[102.728906,13.841895],[102.812793,13.972461],[102.873242,14.054883],[102.909277,14.136719],[103.031055,14.252539],[103.199414,14.332617],[103.313477,14.351318],[103.432422,14.378613],[103.546387,14.417432],[103.600391,14.421094],[103.741895,14.37417],[103.818359,14.362158],[103.898633,14.362793],[103.981836,14.35791],[104.054297,14.362744],[104.227734,14.395508],[104.411621,14.36958],[104.575781,14.390039],[104.779004,14.427832],[104.878809,14.404004],[104.969727,14.366113],[104.982422,14.289453],[105.003418,14.254443],[105.033691,14.227393],[105.074121,14.227441],[105.125977,14.280957],[105.169141,14.336084],[105.183301,14.34624],[105.185547,14.319092],[105.207031,14.259375],[105.245703,14.200537],[105.284863,14.161475],[105.350195,14.10957],[105.392676,14.10708],[105.531543,14.156152],[105.739746,14.084961],[105.764063,14.049072],[105.831445,13.976611],[105.904492,13.924512],[106.066797,13.921191],[106.124707,14.049121],[106.09668,14.1271],[106.004102,14.262891],[105.978906,14.343018],[106.008398,14.357178],[106.165234,14.372363],[106.190723,14.388135],[106.225391,14.476221],[106.267969,14.466211],[106.35498,14.454785],[106.446973,14.515039],[106.501465,14.578223],[106.531152,14.549414],[106.563672,14.505078],[106.599219,14.479395],[106.66543,14.441309],[106.738184,14.387744],[106.783496,14.335107],[106.819922,14.314697],[106.913184,14.329395],[106.938086,14.327344],[106.992187,14.391016],[107.030176,14.425684],[107.062402,14.415771],[107.109375,14.416699],[107.206641,14.4979],[107.262305,14.572119],[107.292676,14.592383],[107.379883,14.555322],[107.414746,14.562891],[107.465137,14.66499],[107.519434,14.705078]]]]}},{"type":"Feature","id":"KR","properties":{"ISO_A2":"KR","name":"South Korea"},"geometry":{"type":"MultiPolygon","coordinates":[[[[126.633887,37.781836],[126.664551,37.800732],[126.666504,37.82793],[126.666797,37.917187],[126.754297,37.978955],[126.878906,38.106055],[126.940039,38.175586],[127.009668,38.240527],[127.090332,38.283887],[127.169531,38.304541],[127.294043,38.313281],[127.532715,38.30498],[127.579492,38.3125],[127.745508,38.319238],[127.784668,38.307715],[127.905273,38.300439],[128.038965,38.308545],[128.10625,38.327344],[128.168652,38.359326],[128.223145,38.416992],[128.279297,38.523779],[128.339453,38.607861],[128.374609,38.623437],[128.618848,38.176074],[128.852441,37.887061],[129.051563,37.677637],[129.335156,37.274561],[129.418262,37.059033],[129.426172,36.925537],[129.473438,36.741895],[129.433008,36.636621],[129.44502,36.470703],[129.427148,36.385498],[129.392578,36.322705],[129.391309,36.202148],[129.402441,36.137646],[129.403516,36.052148],[129.425781,36.018799],[129.458301,36.006445],[129.509766,36.037598],[129.572852,36.050537],[129.561719,35.947656],[129.485449,35.687402],[129.419141,35.497852],[129.329004,35.332764],[129.21416,35.181836],[129.076758,35.122705],[128.980078,35.101514],[128.795703,35.093896],[128.642578,35.11958],[128.510938,35.100977],[128.458105,35.069434],[128.418848,35.015674],[128.447656,34.93208],[128.443945,34.870361],[128.387695,34.875098],[128.275977,34.910986],[128.152344,34.915869],[128.094531,34.933594],[128.03623,35.021973],[127.976758,35.018701],[127.873242,34.966309],[127.714844,34.954687],[127.659082,34.926367],[127.639355,34.889697],[127.6625,34.843408],[127.742188,34.782568],[127.71543,34.721045],[127.632422,34.690234],[127.56543,34.765918],[127.523633,34.840088],[127.476953,34.844287],[127.404297,34.823096],[127.389648,34.743018],[127.423438,34.688477],[127.479102,34.625244],[127.401172,34.552539],[127.380566,34.500635],[127.324609,34.463281],[127.173438,34.546143],[127.194922,34.605029],[127.260547,34.66167],[127.268652,34.720361],[127.24707,34.755127],[127.030762,34.606885],[126.897461,34.438867],[126.82627,34.451074],[126.796484,34.494287],[126.754785,34.511865],[126.61084,34.403516],[126.584375,34.317529],[126.531445,34.314258],[126.508301,34.350635],[126.506445,34.428369],[126.481738,34.493945],[126.332617,34.589648],[126.264453,34.673242],[126.301074,34.719971],[126.425586,34.69458],[126.524512,34.6979],[126.50498,34.737549],[126.472852,34.756348],[126.538574,34.778662],[126.593359,34.824365],[126.547949,34.836768],[126.478516,34.810352],[126.420703,34.823389],[126.397852,34.932812],[126.327441,35.045117],[126.291113,35.15415],[126.360547,35.216895],[126.395898,35.314404],[126.460449,35.455615],[126.492773,35.50127],[126.582227,35.534473],[126.614062,35.570996],[126.564941,35.589746],[126.486523,35.606348],[126.488477,35.64707],[126.541895,35.669336],[126.601562,35.714209],[126.717383,35.768848],[126.753027,35.871973],[126.719629,35.8979],[126.647461,35.922412],[126.663672,35.974512],[126.693457,36.01416],[126.682324,36.037939],[126.59707,36.105029],[126.54043,36.166162],[126.557227,36.23584],[126.544238,36.341211],[126.551953,36.429688],[126.548242,36.477637],[126.506641,36.585645],[126.487695,36.693799],[126.433008,36.678027],[126.38877,36.651172],[126.230664,36.689258],[126.180859,36.691602],[126.160547,36.771924],[126.217188,36.870947],[126.351562,36.958203],[126.428711,36.969043],[126.487012,37.007471],[126.577734,37.01958],[126.686719,36.960352],[126.784473,36.948437],[126.83877,36.846094],[126.87207,36.824463],[126.879102,36.862061],[126.958008,36.906152],[126.976855,36.939404],[126.959766,36.957617],[126.868945,36.975732],[126.787402,37.102734],[126.776074,37.158203],[126.746387,37.193555],[126.790527,37.294922],[126.696191,37.410693],[126.650293,37.447119],[126.656836,37.551172],[126.607617,37.617432],[126.580176,37.65376],[126.563379,37.716504],[126.577734,37.744727],[126.620703,37.755469],[126.633887,37.781836]]],[[[128.741016,34.798535],[128.64668,34.736865],[128.519531,34.81958],[128.489258,34.865283],[128.585938,34.932275],[128.667969,35.008789],[128.721875,35.013574],[128.741016,34.798535]]],[[[128.06582,34.805859],[128.054688,34.708057],[127.983984,34.703223],[127.941797,34.76626],[127.896875,34.735498],[127.873438,34.734961],[127.838281,34.81333],[127.832227,34.874512],[127.91543,34.920996],[127.965625,34.893018],[128.037988,34.878613],[128.06582,34.805859]]],[[[126.233691,34.370508],[126.169727,34.355176],[126.133789,34.3896],[126.108594,34.39873],[126.122852,34.443945],[126.227051,34.532715],[126.247461,34.56333],[126.343848,34.544922],[126.379883,34.497949],[126.335449,34.426416],[126.233691,34.370508]]],[[[126.520703,37.736816],[126.516016,37.604687],[126.46084,37.610352],[126.42334,37.623633],[126.407227,37.649414],[126.369336,37.772021],[126.411621,37.822656],[126.493555,37.782568],[126.520703,37.736816]]],[[[126.753027,34.343994],[126.769922,34.296436],[126.689063,34.30542],[126.646094,34.351123],[126.651855,34.390332],[126.7,34.395898],[126.753027,34.343994]]],[[[127.799023,34.615039],[127.787793,34.584082],[127.737305,34.630908],[127.787109,34.682129],[127.799023,34.615039]]],[[[126.417578,36.492578],[126.403809,36.427881],[126.3375,36.470557],[126.318555,36.612549],[126.386621,36.571143],[126.417578,36.492578]]],[[[126.171973,34.731152],[126.158789,34.706982],[126.115234,34.714209],[126.070605,34.783057],[126.052051,34.837549],[126.00752,34.86748],[126.078418,34.914844],[126.168555,34.829687],[126.171973,34.731152]]],[[[130.916016,37.478467],[130.870605,37.44873],[130.816797,37.478467],[130.810254,37.509912],[130.838379,37.537207],[130.903711,37.553711],[130.934277,37.529736],[130.916016,37.478467]]],[[[126.326953,33.223633],[126.282031,33.201514],[126.240234,33.214844],[126.229004,33.225244],[126.178711,33.282568],[126.165625,33.312012],[126.199414,33.368066],[126.337695,33.4604],[126.695508,33.549316],[126.759863,33.553223],[126.901172,33.515137],[126.93125,33.443848],[126.905371,33.382373],[126.872852,33.341162],[126.70918,33.27168],[126.581738,33.23833],[126.326953,33.223633]]]]}},{"type":"Feature","id":"MY","properties":{"ISO_A2":"MY","name":"Malaysia"},"geometry":{"type":"MultiPolygon","coordinates":[[[[100.119141,6.441992],[100.137988,6.488672],[100.16123,6.641602],[100.176758,6.671826],[100.216602,6.686621],[100.261426,6.682715],[100.34541,6.549902],[100.563867,6.467529],[100.629492,6.447998],[100.715625,6.480664],[100.754492,6.460059],[100.79375,6.426172],[100.816504,6.331641],[100.873926,6.24541],[100.98877,6.257666],[101.029395,6.245312],[101.053516,6.242578],[101.075977,6.166064],[101.086523,6.033691],[101.075586,5.956494],[100.992773,5.846191],[100.981641,5.771045],[101.025195,5.724512],[101.081738,5.674902],[101.113965,5.636768],[101.147656,5.643066],[101.190625,5.66875],[101.229785,5.733691],[101.257031,5.789355],[101.404199,5.85166],[101.556055,5.907764],[101.576758,5.902002],[101.601367,5.877148],[101.65,5.795996],[101.678418,5.778809],[101.719531,5.770605],[101.790723,5.779346],[101.873633,5.825293],[101.917188,5.911377],[101.936133,5.979346],[102.055176,6.09668],[102.068359,6.184668],[102.101074,6.242236],[102.274023,6.203418],[102.340137,6.172021],[102.534375,5.862549],[102.790234,5.644922],[102.898535,5.56377],[102.982422,5.524951],[103.09707,5.408447],[103.196973,5.262158],[103.41582,4.850293],[103.453906,4.669482],[103.46875,4.393262],[103.420508,3.976855],[103.362012,3.769141],[103.37334,3.671094],[103.453516,3.520605],[103.429492,3.378564],[103.44502,3.260596],[103.439453,2.933105],[103.485156,2.836572],[103.537305,2.774756],[103.812207,2.580469],[103.832324,2.508496],[103.967773,2.26123],[104.218555,1.722852],[104.288477,1.480664],[104.280371,1.415576],[104.250098,1.388574],[104.176367,1.364893],[104.114941,1.412256],[104.094238,1.446191],[104.100586,1.48833],[104.076172,1.529785],[104.016016,1.579297],[103.981445,1.623633],[103.991211,1.550049],[103.991504,1.454785],[103.915137,1.44668],[103.816797,1.476562],[103.694531,1.449658],[103.549805,1.332812],[103.480273,1.329492],[103.427344,1.429834],[103.4,1.497852],[103.356836,1.546143],[102.896875,1.792334],[102.727148,1.855566],[102.548242,2.042383],[102.145605,2.248486],[101.889941,2.449414],[101.78125,2.573584],[101.519727,2.683643],[101.406836,2.813477],[101.351367,2.838965],[101.295508,2.885205],[101.354297,3.011133],[101.330176,3.14248],[101.299902,3.253271],[101.11543,3.472021],[101.024805,3.624707],[100.85127,3.776709],[100.781836,3.864453],[100.71543,3.966211],[100.757031,4.001807],[100.795508,4.023389],[100.760254,4.097217],[100.661035,4.225732],[100.614551,4.373437],[100.614551,4.652246],[100.473437,5.044287],[100.352637,5.587695],[100.374023,5.777979],[100.343262,5.98418],[100.263281,6.18252],[100.158398,6.324219],[100.119141,6.441992]]],[[[117.574414,4.170605],[117.537305,4.171387],[117.450879,4.192871],[117.277539,4.299316],[117.100586,4.337061],[116.843555,4.340137],[116.697852,4.35498],[116.638672,4.339111],[116.589063,4.338428],[116.553125,4.359863],[116.514746,4.370801],[116.414551,4.308203],[116.367676,4.327344],[116.320312,4.353711],[116.23623,4.362549],[116.134473,4.355176],[116.021582,4.290674],[115.896191,4.348682],[115.860742,4.348047],[115.836816,4.333301],[115.782422,4.25376],[115.678809,4.193018],[115.627539,4.081982],[115.596094,3.975537],[115.568457,3.93877],[115.560938,3.733057],[115.544531,3.633691],[115.570703,3.502295],[115.566113,3.445752],[115.519922,3.36167],[115.514258,3.342383],[115.489746,3.208643],[115.499121,3.173145],[115.493164,3.128125],[115.454395,3.034326],[115.38418,3.00874],[115.310156,2.993945],[115.246973,3.025928],[115.189941,2.974463],[115.117578,2.894873],[115.086328,2.841113],[115.086523,2.791211],[115.093652,2.757812],[115.078906,2.723437],[115.077051,2.687012],[115.080762,2.634229],[115.129883,2.612402],[115.180859,2.566895],[115.179102,2.523193],[115.150781,2.49292],[115.086523,2.446143],[114.969141,2.35083],[114.836328,2.269385],[114.786426,2.250488],[114.768359,2.212939],[114.758691,2.162402],[114.787988,2.051611],[114.81582,2.018945],[114.830566,1.980029],[114.812695,1.933789],[114.8,1.893945],[114.751074,1.868994],[114.703516,1.850781],[114.686133,1.819043],[114.660937,1.686279],[114.632227,1.617041],[114.56748,1.51416],[114.545898,1.467139],[114.5125,1.452002],[114.387109,1.500049],[114.274707,1.470898],[114.125977,1.452344],[114,1.455273],[113.902344,1.434277],[113.835254,1.379883],[113.760352,1.311377],[113.681641,1.260596],[113.622266,1.235937],[113.513184,1.308398],[113.458203,1.302148],[113.358984,1.327148],[113.12627,1.408105],[113.068652,1.431787],[113.006543,1.433887],[112.988281,1.457129],[112.998047,1.49624],[112.988281,1.547559],[112.942969,1.566992],[112.476172,1.559082],[112.341602,1.514746],[112.250684,1.479639],[112.185742,1.439062],[112.167383,1.338184],[112.128613,1.243604],[112.078516,1.143359],[111.923145,1.113281],[111.808984,1.01167],[111.769727,0.999463],[111.691309,1.014209],[111.607422,1.022607],[111.54668,0.994336],[111.483203,0.995752],[111.286719,1.043213],[111.101367,1.050537],[110.996094,1.026367],[110.938086,1.017334],[110.614746,0.878125],[110.505762,0.861963],[110.461426,0.88208],[110.399023,0.939062],[110.315234,0.995996],[110.114746,1.190137],[110.04082,1.235742],[109.991699,1.282568],[109.944922,1.338037],[109.878516,1.397852],[109.818066,1.438965],[109.735742,1.522949],[109.654004,1.614893],[109.63584,1.77666],[109.570801,1.806299],[109.548926,1.84834],[109.538965,1.896191],[109.628906,2.027539],[109.694336,1.88877],[109.719629,1.857812],[109.864844,1.764453],[109.98457,1.717627],[110.114062,1.698584],[110.245898,1.694727],[110.29834,1.701172],[110.349219,1.719727],[110.399512,1.699854],[110.675195,1.548047],[110.782031,1.52085],[110.894922,1.532471],[110.939941,1.517334],[111.098437,1.400879],[111.145215,1.386963],[111.223242,1.39585],[111.123438,1.449023],[111.058008,1.48667],[111.028711,1.557812],[111.046582,1.633643],[111.110156,1.684082],[111.154199,1.73877],[111.17002,1.902295],[111.198047,1.985107],[111.250879,2.063867],[111.268164,2.139746],[111.208887,2.197656],[111.195508,2.297168],[111.208594,2.379639],[111.242188,2.435742],[111.295898,2.398779],[111.351367,2.364453],[111.406152,2.367871],[111.443848,2.381543],[111.450781,2.424072],[111.44043,2.498096],[111.443262,2.634326],[111.5125,2.743018],[111.623242,2.817969],[111.727734,2.853809],[112.118848,2.914697],[112.737305,3.070459],[112.920508,3.130713],[112.987891,3.161914],[113.044727,3.205225],[113.140234,3.343506],[113.320117,3.561475],[113.446094,3.740576],[113.712109,4.001416],[113.923926,4.243213],[113.952539,4.288721],[113.987793,4.420703],[113.99043,4.482812],[113.984277,4.545801],[114.0125,4.575244],[114.053613,4.592871],[114.063867,4.592676],[114.095117,4.565234],[114.168848,4.526953],[114.224121,4.477881],[114.261035,4.414258],[114.287598,4.354736],[114.289648,4.304199],[114.322949,4.262793],[114.416602,4.255859],[114.44707,4.203564],[114.512207,4.113574],[114.571777,4.049072],[114.608301,4.023975],[114.654102,4.037646],[114.725,4.096533],[114.776172,4.168799],[114.810449,4.266504],[114.783496,4.280762],[114.831055,4.354492],[114.840234,4.393213],[114.818262,4.42876],[114.790137,4.463916],[114.779297,4.553027],[114.759961,4.666504],[114.74668,4.718066],[114.78418,4.754834],[114.864551,4.801758],[114.944727,4.85625],[115.026758,4.899707],[115.028809,4.821143],[115.026758,4.691357],[115.051562,4.582666],[115.107031,4.39043],[115.170605,4.364209],[115.24668,4.347217],[115.290625,4.352588],[115.319238,4.365283],[115.326758,4.380762],[115.279297,4.456348],[115.266699,4.633984],[115.22793,4.750586],[115.168457,4.866699],[115.140039,4.899756],[115.374902,4.932764],[115.427637,4.969189],[115.519824,5.048926],[115.554492,5.093555],[115.582031,5.194141],[115.466895,5.254102],[115.42168,5.330518],[115.419043,5.413184],[115.556445,5.566699],[115.603906,5.603418],[115.624512,5.548877],[115.685059,5.535107],[115.74082,5.533008],[115.796875,5.536133],[115.877148,5.613525],[115.918457,5.724951],[116.059766,5.882373],[116.110059,6.003271],[116.138379,6.129541],[116.494727,6.52168],[116.538281,6.582715],[116.749805,6.9771],[116.776172,6.990234],[116.833008,6.952051],[116.849805,6.826709],[116.841992,6.77207],[116.807715,6.691064],[116.788086,6.606104],[116.812402,6.60791],[116.913281,6.659668],[117.018555,6.797363],[117.07793,6.916846],[117.128516,6.968896],[117.229883,6.93999],[117.252441,6.919238],[117.245313,6.833398],[117.25498,6.783447],[117.294043,6.676904],[117.380371,6.612256],[117.499219,6.571484],[117.609668,6.512646],[117.645703,6.473682],[117.669629,6.426758],[117.69375,6.35],[117.695605,6.272314],[117.615918,6.196533],[117.649805,6.073584],[117.644531,6.001855],[117.617188,5.940723],[117.501172,5.884668],[117.817676,5.94043],[117.895801,5.972266],[118.003809,6.05332],[118.061719,5.983447],[118.11582,5.8625],[118.072266,5.83208],[117.934766,5.7875],[117.928027,5.769189],[117.973633,5.70625],[118.031152,5.712109],[118.144629,5.754199],[118.249121,5.820557],[118.299805,5.819727],[118.353125,5.806055],[118.456348,5.763428],[118.51416,5.728906],[118.563086,5.684521],[118.594824,5.59209],[118.713672,5.558545],[118.957324,5.429004],[119.002539,5.417822],[119.05,5.415234],[119.178418,5.430908],[119.223437,5.412646],[119.255566,5.365918],[119.266309,5.308105],[119.262793,5.245898],[119.249707,5.19873],[119.219629,5.159814],[119.132227,5.100488],[118.9125,5.0229],[118.67207,4.964062],[118.551367,4.968115],[118.381836,5.018506],[118.32002,5.012012],[118.260547,4.988867],[118.185352,4.828516],[118.324219,4.668701],[118.5625,4.502148],[118.595117,4.460645],[118.586328,4.409668],[118.54834,4.379248],[118.498047,4.362354],[118.364062,4.335742],[118.228711,4.316016],[118.117285,4.287598],[118.008203,4.250244],[117.895605,4.262939],[117.741016,4.337549],[117.696484,4.342822],[117.649805,4.304492],[117.603809,4.2],[117.574414,4.170605]]],[[[104.221582,2.731738],[104.17334,2.721338],[104.146875,2.728223],[104.129102,2.767236],[104.169824,2.856836],[104.184766,2.871729],[104.223242,2.774219],[104.221582,2.731738]]],[[[100.288965,5.294727],[100.26377,5.266992],[100.191016,5.282861],[100.203906,5.446875],[100.245508,5.467773],[100.310156,5.437939],[100.338867,5.410059],[100.288965,5.294727]]],[[[99.848047,6.465723],[99.918652,6.358594],[99.883398,6.31084],[99.86582,6.29707],[99.823242,6.312744],[99.782617,6.271582],[99.74375,6.263281],[99.704688,6.337549],[99.656641,6.367139],[99.646289,6.418359],[99.710547,6.427344],[99.749219,6.409619],[99.82168,6.44502],[99.848047,6.465723]]],[[[117.141602,7.168213],[117.080664,7.115283],[117.060156,7.178857],[117.064258,7.260693],[117.146875,7.337012],[117.264063,7.35166],[117.280762,7.290625],[117.266797,7.220801],[117.239355,7.184766],[117.141602,7.168213]]],[[[101.318555,2.988477],[101.268066,2.97041],[101.26543,2.996484],[101.274219,3.032812],[101.31123,3.067383],[101.328418,3.047607],[101.318555,2.988477]]],[[[111.389258,2.415332],[111.358691,2.402197],[111.311523,2.437598],[111.300391,2.741162],[111.333496,2.768311],[111.355078,2.764453],[111.37832,2.709326],[111.37627,2.576318],[111.380469,2.458936],[111.389258,2.415332]]],[[[117.884766,4.186133],[117.74541,4.166943],[117.649023,4.168994],[117.666797,4.204004],[117.662109,4.250195],[117.708008,4.262402],[117.761426,4.252344],[117.884766,4.186133]]]]}},{"type":"Feature","id":"NL","properties":{"ISO_A2":"NL","name":"Netherlands"},"geometry":{"type":"MultiPolygon","coordinates":[[[[5.993945,50.750439],[5.892461,50.752557],[5.797363,50.754541],[5.74707,50.75957],[5.693652,50.774658],[5.693555,50.774756],[5.669141,50.805957],[5.639453,50.843604],[5.647559,50.86665],[5.736621,50.932129],[5.75,50.950244],[5.74082,50.959912],[5.749805,50.98877],[5.818262,51.086426],[5.827148,51.125635],[5.796484,51.153076],[5.752344,51.169482],[5.608789,51.198437],[5.54043,51.239307],[5.508789,51.275],[5.476855,51.285059],[5.429785,51.272998],[5.31084,51.259717],[5.21416,51.278955],[5.099902,51.346484],[5.073438,51.406836],[5.059473,51.453125],[5.030957,51.469092],[4.992578,51.445361],[4.943945,51.407764],[4.848047,51.403271],[4.820703,51.412061],[4.816016,51.432812],[4.810547,51.452734],[4.78418,51.477393],[4.755664,51.491113],[4.633984,51.421729],[4.58877,51.421924],[4.531641,51.448584],[4.503418,51.474707],[4.440918,51.459814],[4.384766,51.427588],[4.404004,51.36709],[4.37373,51.356006],[4.304492,51.361523],[4.226172,51.386475],[4.138867,51.401514],[4.006543,51.443213],[3.821875,51.409375],[3.693555,51.449902],[3.586914,51.453906],[3.520508,51.486182],[3.448926,51.540771],[3.499609,51.57666],[3.548633,51.589111],[3.743945,51.596045],[3.886035,51.574219],[4.141309,51.455762],[4.205762,51.456689],[4.274121,51.471631],[4.239355,51.503906],[4.175488,51.519287],[4.080469,51.551123],[4.004785,51.59585],[4.182617,51.610303],[4.158008,51.633447],[4.13457,51.6729],[3.946875,51.810547],[3.978906,51.847803],[4.026074,51.927734],[4.084863,51.994092],[4.131738,52.011914],[4.208789,52.058984],[4.37627,52.196826],[4.482813,52.30918],[4.562109,52.442578],[4.67832,52.809766],[4.712695,52.872119],[4.76875,52.941309],[4.839063,52.928271],[4.887988,52.90835],[5.06123,52.960645],[5.358398,53.096484],[5.445996,53.214062],[5.532031,53.268701],[5.873535,53.375195],[6.062207,53.40708],[6.353223,53.415283],[6.563574,53.434277],[6.816211,53.441162],[6.912402,53.375391],[6.968164,53.327295],[7.058008,53.300586],[7.197266,53.282275],[7.188965,53.187207],[7.189941,52.999512],[7.179492,52.966211],[7.11709,52.887012],[7.050879,52.744775],[7.033008,52.651367],[7.013184,52.633545],[6.748438,52.634082],[6.710742,52.617871],[6.705371,52.597656],[6.71875,52.573584],[6.712402,52.549658],[6.691602,52.530176],[6.70293,52.499219],[6.748828,52.464014],[6.83252,52.442285],[6.92207,52.440283],[6.968164,52.444092],[7.001855,52.418994],[7.035156,52.380225],[7.032617,52.331494],[7.019629,52.266016],[6.977246,52.205518],[6.855078,52.135791],[6.800391,52.11123],[6.749023,52.098682],[6.724512,52.080225],[6.712988,52.056885],[6.715625,52.036182],[6.802441,51.980176],[6.800391,51.967383],[6.775195,51.938281],[6.741797,51.910889],[6.517578,51.853955],[6.425,51.858398],[6.372168,51.830029],[6.355664,51.824658],[6.29707,51.850732],[6.166504,51.880762],[6.117188,51.87041],[6.089844,51.853955],[6.007617,51.833984],[5.94873,51.802686],[5.948535,51.762402],[6.052734,51.658252],[6.089355,51.637793],[6.091113,51.598926],[6.141602,51.550098],[6.193262,51.488916],[6.198828,51.45],[6.192871,51.410596],[6.166211,51.354834],[6.075879,51.224121],[6.074805,51.199023],[6.082422,51.17998],[6.113379,51.174707],[6.136914,51.164844],[6.12998,51.147412],[5.961035,51.056689],[5.939258,51.04082],[5.868359,51.045312],[5.85752,51.030127],[5.867188,51.005664],[5.894727,50.984229],[5.955078,50.972949],[6.006836,50.949951],[6.048438,50.904883],[5.993945,50.750439]]],[[[4.226172,51.386475],[4.211426,51.34873],[4.172559,51.30708],[4.040039,51.24707],[3.902051,51.207666],[3.830762,51.212598],[3.781934,51.233203],[3.755664,51.254834],[3.681836,51.275684],[3.580273,51.286182],[3.51709,51.263623],[3.471973,51.242236],[3.43252,51.245752],[3.402832,51.263623],[3.380078,51.291113],[3.350098,51.377686],[3.425781,51.393506],[3.589453,51.399414],[3.716504,51.369141],[3.883398,51.354492],[4.011035,51.395947],[4.111523,51.360645],[4.226172,51.386475]]],[[[6.333398,53.510742],[6.193262,53.476807],[6.159277,53.483936],[6.167676,53.49375],[6.290918,53.51499],[6.333398,53.510742]]],[[[5.929297,53.458838],[5.732031,53.442627],[5.665332,53.454883],[5.654297,53.466504],[5.708105,53.473389],[5.87627,53.475098],[5.928223,53.46499],[5.929297,53.458838]]],[[[5.108594,53.308008],[4.92373,53.23457],[4.90791,53.24624],[5.027051,53.310205],[5.108594,53.308008]]],[[[5.325781,53.385742],[5.232617,53.377783],[5.190234,53.391797],[5.415137,53.431445],[5.557422,53.443555],[5.582617,53.438086],[5.325781,53.385742]]],[[[4.886133,53.070703],[4.787109,52.999805],[4.726758,53.019629],[4.70918,53.036035],[4.739844,53.091309],[4.886426,53.183301],[4.886133,53.070703]]],[[[3.949121,51.739453],[4.046777,51.684912],[4.067578,51.66748],[4.075098,51.648779],[3.950977,51.627051],[3.819043,51.693994],[3.731836,51.678223],[3.699023,51.709912],[3.698535,51.729687],[3.789062,51.746436],[3.949121,51.739453]]],[[[6.734766,53.58252],[6.64209,53.579199],[6.668555,53.605664],[6.75459,53.625488],[6.800879,53.625488],[6.734766,53.58252]]],[[[-68.205811,12.14458],[-68.254346,12.03208],[-68.282227,12.082275],[-68.287256,12.171729],[-68.307129,12.206738],[-68.348437,12.228076],[-68.371094,12.25752],[-68.369238,12.301953],[-68.219482,12.23125],[-68.205811,12.14458]]],[[[-62.9375,17.495654],[-62.961719,17.475049],[-62.983105,17.476904],[-62.997168,17.496826],[-62.999609,17.530371],[-62.979346,17.521191],[-62.971777,17.516064],[-62.96543,17.509277],[-62.9375,17.495654]]],[[[-63.232666,17.623145],[-63.241602,17.61958],[-63.254492,17.628662],[-63.252148,17.645264],[-63.24165,17.651807],[-63.233496,17.647217],[-63.226904,17.634131],[-63.232666,17.623145]]]]}},{"type":"Feature","id":"NO","properties":{"ISO_A2":"NO","name":"Norway"},"geometry":{"type":"MultiPolygon","coordinates":[[[[20.622168,69.036865],[20.491992,69.033301],[20.116699,69.020898],[20.282324,68.934326],[20.337109,68.899658],[20.348047,68.84873],[20.319434,68.754053],[20.240039,68.673145],[20.147461,68.607324],[19.968848,68.542041],[20.240039,68.477539],[20.055957,68.390381],[19.969824,68.356396],[19.87002,68.362256],[19.691211,68.392432],[19.258984,68.465332],[19.052637,68.492725],[18.868262,68.501123],[18.769824,68.500049],[18.378613,68.562402],[18.303027,68.55542],[18.162598,68.528418],[18.14707,68.467773],[18.155957,68.316846],[18.17666,68.200635],[18.125,68.133447],[18.073242,68.087842],[17.916699,67.964893],[17.564746,68.048438],[17.324609,68.103809],[17.170508,68.030127],[16.783594,67.89502],[16.585547,67.62832],[16.574121,67.61958],[16.457129,67.551758],[16.307129,67.520605],[16.193555,67.505176],[16.127441,67.42583],[16.281543,67.312061],[16.360645,67.252002],[16.434277,67.155078],[16.420703,67.093359],[16.403516,67.05498],[16.237695,66.976416],[15.88418,66.768848],[15.557031,66.5521],[15.422949,66.489844],[15.483789,66.305957],[15.374902,66.252051],[15.15332,66.191064],[15.040039,66.167529],[14.917969,66.153711],[14.543262,66.129346],[14.609961,65.932275],[14.635156,65.84502],[14.63457,65.793262],[14.595801,65.742871],[14.549512,65.646387],[14.479688,65.301465],[14.42627,65.264355],[14.352441,65.17085],[14.115137,64.946143],[13.924805,64.796777],[13.650293,64.581543],[13.873535,64.513574],[14.077637,64.464014],[14.119922,64.387744],[14.148047,64.260303],[14.141211,64.173535],[14.063281,64.095508],[14.002734,64.040723],[13.960547,64.014014],[13.670703,64.040625],[13.299609,64.074805],[13.203516,64.075098],[12.987598,64.050488],[12.792773,64],[12.690039,63.957422],[12.6625,63.940479],[12.532715,63.843555],[12.301953,63.671191],[12.175195,63.595947],[12.212109,63.492236],[11.999902,63.291699],[12.138672,63.08916],[12.144629,63.08252],[12.218164,63.000635],[12.141016,62.947852],[12.108594,62.919482],[12.119629,62.825928],[12.139844,62.721338],[12.121875,62.66001],[12.114551,62.591895],[12.303516,62.285596],[12.301367,62.21377],[12.291992,62.167432],[12.233691,61.976855],[12.155371,61.720752],[12.29209,61.653467],[12.486816,61.572998],[12.596094,61.541309],[12.75752,61.445703],[12.880762,61.352295],[12.863672,61.290283],[12.828223,61.221826],[12.776367,61.173975],[12.727832,61.108252],[12.706055,61.059863],[12.683008,61.046826],[12.467578,61.041504],[12.353711,61.023193],[12.294141,61.002686],[12.314648,60.892139],[12.445312,60.689648],[12.553809,60.545654],[12.588672,60.450732],[12.552832,60.354492],[12.51582,60.305225],[12.514648,60.238867],[12.486133,60.106787],[12.402051,60.040039],[12.291992,59.967236],[12.169238,59.912891],[12.071875,59.897607],[11.988281,59.891309],[11.932129,59.863672],[11.88125,59.782471],[11.834277,59.697168],[11.680762,59.592285],[11.684863,59.555762],[11.743359,59.431445],[11.798145,59.289893],[11.751855,59.157568],[11.712207,59.018652],[11.642773,58.926074],[11.543555,58.893018],[11.470703,58.909521],[11.388281,59.036523],[11.386426,59.065723],[11.365918,59.104541],[11.132129,59.143213],[11.09082,59.141797],[10.998926,59.164453],[10.94502,59.17085],[10.834473,59.183936],[10.742578,59.295996],[10.644922,59.389209],[10.631055,59.428174],[10.634375,59.60249],[10.604492,59.680029],[10.595313,59.764551],[10.533887,59.695801],[10.569531,59.587109],[10.49375,59.541504],[10.398145,59.519336],[10.407129,59.455664],[10.446387,59.443604],[10.45459,59.37749],[10.431348,59.279639],[10.243164,59.062061],[10.205176,59.038672],[10.179395,59.009277],[10.083105,59.028809],[9.95957,58.968213],[9.842578,58.958496],[9.800195,59.027051],[9.635156,59.117773],[9.557227,59.112695],[9.627148,59.06792],[9.696094,59.009717],[9.656934,58.971191],[9.618457,58.946045],[9.551074,58.933008],[9.309961,58.856836],[9.395801,58.805664],[9.322949,58.747559],[9.238672,58.739014],[9.19375,58.711865],[9.178125,58.675],[8.928418,58.569971],[8.521387,58.300586],[8.312207,58.224463],[8.166113,58.145313],[8.037402,58.147266],[7.875586,58.07998],[7.465918,58.020947],[7.194141,58.047656],[7.004883,58.024219],[6.903418,58.070508],[6.890234,58.102295],[6.895313,58.120752],[6.912305,58.142871],[6.877051,58.150732],[6.802832,58.154541],[6.771094,58.132227],[6.766797,58.081543],[6.731445,58.068311],[6.590527,58.097314],[6.555078,58.123437],[6.605762,58.176367],[6.69248,58.224023],[6.676758,58.233789],[6.659863,58.262744],[6.617578,58.266406],[6.491504,58.259424],[6.389063,58.267969],[6.054688,58.375146],[5.976562,58.432324],[5.706836,58.523633],[5.585938,58.62041],[5.517285,58.726514],[5.522461,58.822656],[5.555566,58.975195],[5.612207,59.012891],[5.854297,58.959473],[6.099023,58.870264],[6.137305,58.874658],[6.21416,58.944678],[6.363281,59.000928],[6.321094,59.016455],[6.099414,58.951953],[6.016992,58.987695],[5.88916,59.060498],[5.88916,59.097949],[5.94873,59.135449],[5.968555,59.186133],[5.937305,59.233984],[5.951855,59.299072],[6.050684,59.368164],[6.198926,59.438086],[6.305664,59.505566],[6.415332,59.547119],[6.403906,59.560986],[6.278516,59.534521],[6.158594,59.489648],[6.017383,59.414453],[5.845215,59.353467],[5.717969,59.329834],[5.657324,59.310254],[5.564063,59.291211],[5.467578,59.203809],[5.362305,59.166357],[5.173242,59.162549],[5.131641,59.226465],[5.185059,59.453662],[5.242188,59.564307],[5.304883,59.642578],[5.403516,59.655762],[5.472461,59.713086],[5.529688,59.713086],[5.579492,59.686621],[5.772168,59.660938],[5.867285,59.733984],[5.991016,59.744678],[6.216602,59.818359],[6.211914,59.831787],[6.059277,59.815576],[5.966699,59.813184],[5.833984,59.794678],[5.763477,59.80791],[5.730469,59.863086],[5.783594,59.912793],[5.996484,60.031494],[6.069922,60.083496],[6.111816,60.13208],[6.105176,60.165137],[6.140527,60.233496],[6.34873,60.352979],[6.518066,60.407568],[6.573633,60.360596],[6.526367,60.213623],[6.526855,60.15293],[6.660938,60.367236],[6.719922,60.418164],[6.787109,60.454102],[6.949707,60.478223],[6.995703,60.511963],[6.806348,60.500781],[6.346973,60.419092],[6.15332,60.34624],[6.101758,60.290137],[5.967383,60.205566],[5.904395,60.150635],[5.876563,60.07002],[5.800879,60.026221],[5.698828,60.01001],[5.557031,59.907764],[5.494531,59.825586],[5.353418,59.760107],[5.263867,59.709766],[5.234473,59.691797],[5.186035,59.642285],[5.145801,59.638818],[5.110742,59.667822],[5.104883,59.731689],[5.119238,59.833691],[5.187109,59.90708],[5.219531,59.97876],[5.174414,60.045703],[5.205664,60.087939],[5.26543,60.086475],[5.376465,60.067236],[5.494531,60.070312],[5.688574,60.123193],[5.657617,60.154102],[5.573828,60.158496],[5.417383,60.154102],[5.28584,60.205713],[5.183594,60.308398],[5.137109,60.445605],[5.168164,60.484814],[5.546484,60.624561],[5.64834,60.687988],[5.589355,60.694287],[5.447363,60.617334],[5.244043,60.56958],[5.11582,60.635986],[5.049121,60.70752],[5.010742,60.858545],[5.024609,60.936133],[5.008594,61.038184],[5.09541,61.071338],[5.19248,61.053711],[5.288184,61.047168],[5.505273,61.056104],[5.983984,61.117334],[6.292578,61.080957],[6.417969,61.084277],[6.609863,61.137012],[6.777832,61.142432],[6.903418,61.102148],[6.97207,61.055957],[6.980566,60.994141],[7.038672,60.95293],[7.07793,60.966309],[7.04668,61.015283],[7.040137,61.091162],[7.54502,61.177148],[7.604492,61.210547],[7.403906,61.222168],[7.346582,61.300586],[7.452539,61.419238],[7.442578,61.434619],[7.331152,61.372021],[7.27627,61.283936],[7.298047,61.213623],[7.275977,61.180957],[7.173535,61.165967],[6.942578,61.160547],[6.794336,61.190381],[6.657031,61.206592],[6.610254,61.229102],[6.625879,61.279297],[6.599902,61.289648],[6.543066,61.244531],[6.492578,61.15459],[6.383496,61.133887],[6.08252,61.167285],[5.646777,61.147607],[5.45127,61.102344],[5.324609,61.108252],[5.106738,61.187549],[5.02168,61.250586],[4.989941,61.377686],[5.002734,61.433594],[5.172461,61.457129],[5.258301,61.455469],[5.338672,61.485498],[5.267578,61.505029],[5.167578,61.543359],[5.099414,61.620166],[4.99668,61.645215],[4.927832,61.710693],[4.910352,61.80957],[4.930078,61.87832],[4.985059,61.900439],[5.116992,61.8854],[5.465332,61.896924],[5.793262,61.8271],[6.01582,61.7875],[6.466699,61.807422],[6.730762,61.869775],[6.682324,61.887012],[6.395898,61.850977],[6.131152,61.852441],[5.664453,61.9229],[5.473047,61.945605],[5.266895,61.935596],[5.15957,61.956982],[5.096484,62.02666],[5.143164,62.159912],[5.240918,62.188672],[5.293848,62.153906],[5.357715,62.151709],[5.422363,62.207373],[5.484277,62.239111],[5.533301,62.310889],[5.718164,62.378906],[5.796289,62.384668],[5.908301,62.416016],[5.979785,62.407129],[6.025586,62.375684],[6.083496,62.349609],[6.208984,62.352783],[6.580078,62.407275],[6.62002,62.423291],[6.692383,62.468066],[6.457129,62.448096],[6.261719,62.416309],[6.136133,62.407471],[6.118457,62.447168],[6.164746,62.482422],[6.2375,62.519922],[6.272852,62.583838],[6.35293,62.611133],[6.439453,62.609668],[6.618359,62.621289],[6.744629,62.637891],[6.961133,62.626758],[7.283789,62.602295],[7.491797,62.542822],[7.570117,62.548193],[7.653125,62.564014],[7.690723,62.585596],[7.527441,62.610303],[7.518164,62.645508],[7.538379,62.67207],[7.804688,62.720996],[8.095508,62.731836],[8.045508,62.77124],[7.408398,62.711768],[7.24209,62.752344],[7.11084,62.752002],[7.024902,62.728809],[6.77998,62.700732],[6.734961,62.720703],[6.781543,62.789648],[6.928223,62.902734],[6.94043,62.930469],[7.008496,62.957666],[7.389063,63.023291],[7.571875,63.099512],[7.654297,63.10918],[7.736035,63.103857],[7.860352,63.112793],[8.100586,63.090967],[8.211133,62.995508],[8.310547,62.965527],[8.623145,62.84624],[8.60918,62.880566],[8.338574,63.042187],[8.235156,63.082178],[8.158008,63.161523],[8.184473,63.236523],[8.271484,63.286572],[8.580176,63.313379],[8.635547,63.342334],[8.641016,63.39209],[8.59375,63.426123],[8.480176,63.42417],[8.386523,63.445264],[8.360742,63.498877],[8.398145,63.535107],[8.576172,63.601172],[8.673633,63.622607],[8.842383,63.645898],[9.13584,63.593652],[9.158105,63.56626],[9.075879,63.500391],[9.08418,63.463428],[9.156055,63.459326],[9.323633,63.570361],[9.520703,63.585693],[9.602246,63.60957],[9.696875,63.624561],[9.832227,63.52417],[9.891504,63.492041],[9.936035,63.478857],[9.979199,63.395264],[10.020996,63.39082],[10.080566,63.432715],[10.188574,63.454785],[10.340039,63.469336],[10.590918,63.447217],[10.704492,63.463574],[10.760156,63.461279],[10.706738,63.536328],[10.673633,63.558008],[10.725293,63.625],[10.779199,63.651172],[10.952539,63.698193],[11.117871,63.719189],[11.225781,63.763818],[11.370703,63.804834],[11.347949,63.837695],[11.307617,63.875732],[11.213867,63.878125],[11.175586,63.898877],[11.294629,63.948193],[11.457617,64.002979],[11.429199,64.024512],[11.306641,64.048877],[11.213574,64.030518],[11.075195,63.988135],[10.914258,63.921094],[10.966699,63.901562],[11.047266,63.845215],[10.934863,63.770215],[10.33916,63.571045],[10.055078,63.512695],[9.924023,63.521777],[9.892773,63.576221],[9.832324,63.616504],[9.76748,63.699512],[9.657227,63.697314],[9.594629,63.678955],[9.567285,63.706152],[9.614746,63.794824],[9.708008,63.864893],[9.864453,63.917822],[9.939453,63.981738],[10.009961,64.083154],[10.23623,64.179639],[10.565625,64.418311],[10.833984,64.494482],[10.932324,64.577734],[11.09043,64.614551],[11.225391,64.679492],[11.331348,64.685937],[11.523828,64.744385],[11.63291,64.813916],[11.561719,64.818262],[11.39248,64.772998],[11.296777,64.754785],[11.303516,64.829395],[11.349902,64.905908],[11.489355,64.97583],[12.159668,65.178955],[12.226562,65.145361],[12.306543,65.085986],[12.508398,65.099414],[12.738379,65.214404],[12.915527,65.339258],[12.819824,65.31748],[12.715332,65.266357],[12.511719,65.195312],[12.417578,65.184082],[12.363867,65.193311],[12.333984,65.240723],[12.263379,65.256104],[12.199609,65.245459],[12.133887,65.27915],[12.122168,65.362354],[12.20625,65.48623],[12.272852,65.568164],[12.344824,65.630176],[12.627734,65.806152],[12.688867,65.902197],[12.816797,65.952881],[12.983008,65.941602],[13.033105,65.95625],[12.976074,66.019189],[12.794922,66.069092],[12.783789,66.100439],[13.387109,66.182764],[13.674414,66.17998],[13.759668,66.221045],[13.91582,66.247363],[14.03418,66.297559],[13.973145,66.319727],[13.681348,66.273584],[13.498926,66.251904],[13.416406,66.252588],[13.352051,66.236719],[13.118848,66.230664],[13.068164,66.430811],[13.104688,66.539404],[13.191602,66.537158],[13.211426,66.64082],[13.311816,66.701855],[13.450391,66.715527],[13.520215,66.74165],[13.621094,66.794824],[13.787988,66.782471],[13.959473,66.794336],[13.916992,66.819385],[13.704102,66.85166],[13.651563,66.90708],[13.72666,66.938037],[13.808398,66.960791],[13.880176,66.964893],[14.022363,67.073096],[14.108789,67.119238],[14.205566,67.11123],[14.340332,67.158936],[14.472656,67.142676],[14.600684,67.173877],[14.775586,67.194482],[15.415723,67.202441],[15.434766,67.24668],[15.300098,67.256934],[14.824414,67.268311],[14.581543,67.267432],[14.479297,67.255957],[14.441699,67.271387],[14.44834,67.297852],[14.536621,67.339746],[14.578516,67.386035],[14.75498,67.499023],[14.961914,67.574268],[15.120508,67.555029],[15.28916,67.483154],[15.409375,67.47417],[15.465332,67.450928],[15.55293,67.351758],[15.594434,67.348535],[15.575684,67.443848],[15.691504,67.521387],[15.661328,67.542822],[15.487305,67.514795],[15.354004,67.543945],[15.24873,67.602148],[15.218652,67.655371],[15.284082,67.707959],[15.345801,67.734424],[15.303906,67.765283],[15.04082,67.682568],[14.854688,67.66333],[14.781348,67.674902],[14.821094,67.749854],[14.798926,67.809326],[15.048438,67.955762],[15.134277,67.972705],[15.274414,67.960938],[15.400879,67.919629],[15.506641,67.926221],[15.621387,67.948291],[15.605762,67.987891],[15.356934,68.003613],[15.292871,68.036475],[15.316016,68.06875],[15.486816,68.102832],[15.656641,68.164355],[15.85127,68.182178],[16.00791,68.228711],[16.038086,68.218164],[16.064551,68.199902],[16.120801,68.027344],[16.260742,67.886572],[16.312305,67.881445],[16.258594,68.001221],[16.308691,68.035645],[16.372168,68.061816],[16.391992,68.091602],[16.319238,68.101758],[16.259766,68.144531],[16.174805,68.28125],[16.203809,68.316748],[16.387891,68.389551],[16.618848,68.406299],[16.864941,68.355273],[16.951367,68.354687],[17.094043,68.368408],[17.336133,68.410352],[17.478516,68.426318],[17.552832,68.42627],[17.571191,68.447461],[17.502344,68.461084],[17.480176,68.474316],[17.426172,68.481934],[17.202344,68.459277],[16.584863,68.466455],[16.525293,68.490674],[16.514355,68.532568],[16.579883,68.592676],[16.651855,68.625781],[16.884668,68.6854],[17.131152,68.693457],[17.39082,68.799365],[17.490039,68.87876],[17.546289,69.001123],[17.70459,69.100049],[18.101465,69.156299],[18.11748,69.181201],[18.075391,69.232617],[18.078711,69.325244],[18.1875,69.433105],[18.259766,69.470605],[18.293164,69.475098],[18.378711,69.439844],[18.482617,69.364844],[18.645508,69.321875],[18.858984,69.314453],[18.915918,69.335596],[18.75,69.378418],[18.624414,69.434375],[18.614453,69.490576],[18.674023,69.520361],[18.766602,69.517041],[18.882812,69.52334],[18.991113,69.561133],[19.006836,69.587695],[19.011328,69.62373],[19.038379,69.6604],[19.197266,69.747852],[19.687012,69.804736],[19.722461,69.781641],[19.695996,69.612939],[19.639746,69.503809],[19.641504,69.424023],[19.736816,69.503809],[19.864648,69.722119],[19.960547,69.824609],[20.068945,69.883447],[20.146387,69.896729],[20.223047,69.927197],[20.324219,69.945312],[20.355176,69.921924],[20.387207,69.867627],[20.332715,69.676953],[20.338184,69.61665],[20.277148,69.53584],[20.04375,69.355664],[20.054492,69.332666],[20.107227,69.341211],[20.197656,69.370947],[20.486719,69.54209],[20.739453,69.520508],[20.742578,69.534521],[20.661523,69.584717],[20.5625,69.632812],[20.532715,69.692334],[20.545996,69.851074],[20.62207,69.913916],[20.840332,69.907324],[20.971094,69.916016],[21.032129,69.887451],[21.163086,69.889502],[21.253711,70.003223],[21.43291,70.013184],[21.590234,69.938037],[21.77959,69.887451],[21.931738,69.814697],[21.974707,69.83457],[21.892578,70.004248],[21.802734,70.066064],[21.607813,70.098193],[21.400391,70.174463],[21.346289,70.208252],[21.355762,70.233398],[21.53877,70.257666],[21.780273,70.229883],[21.995508,70.293359],[22.054395,70.275977],[22.219434,70.30918],[22.321973,70.264502],[22.384766,70.277734],[22.421191,70.337598],[22.68457,70.374756],[22.85166,70.340479],[22.941211,70.30498],[22.982813,70.236768],[23.046484,70.101855],[23.176953,70.029053],[23.25791,69.993311],[23.353906,69.983398],[23.400195,70.019775],[23.310254,70.063574],[23.286035,70.104834],[23.329102,70.207227],[23.379395,70.247461],[23.66123,70.399756],[23.897168,70.47876],[24.038477,70.485352],[24.285547,70.662402],[24.355566,70.69458],[24.42002,70.702002],[24.403516,70.745312],[24.268164,70.772705],[24.263477,70.826318],[24.441797,70.891553],[24.658008,71.001025],[24.764746,71.008447],[24.831641,70.978027],[25.042188,70.928613],[25.171191,70.872021],[25.264648,70.843506],[25.325391,70.849414],[25.375586,70.891943],[25.435938,70.911865],[25.569824,70.900684],[25.649707,70.87334],[25.711914,70.869727],[25.768164,70.853174],[25.781445,70.816797],[25.665625,70.777148],[25.468262,70.671973],[25.273535,70.552393],[25.209277,70.489404],[25.146387,70.324023],[24.994238,70.218213],[24.982715,70.143994],[25.043848,70.109033],[25.211816,70.136475],[25.418848,70.235498],[25.470508,70.340576],[25.988086,70.625391],[26.230859,70.782617],[26.506934,70.912793],[26.661328,70.939746],[26.733984,70.853564],[26.675488,70.740967],[26.558203,70.669141],[26.644629,70.63623],[26.628125,70.550879],[26.601172,70.503467],[26.583984,70.453809],[26.585059,70.41001],[26.666113,70.42168],[26.989355,70.511377],[27.071289,70.608447],[27.147266,70.681201],[27.183691,70.744043],[27.309375,70.803564],[27.546484,70.804004],[27.555664,70.827393],[27.269043,70.91001],[27.235254,70.947217],[27.331641,70.996729],[27.59707,71.091309],[27.733496,71.080859],[27.815039,71.059375],[28.141699,71.043018],[28.392285,70.975293],[28.382715,70.869434],[28.326855,70.825195],[28.271875,70.797949],[27.950977,70.717578],[27.898047,70.67793],[27.998828,70.664258],[28.215625,70.704346],[28.271777,70.667969],[28.202734,70.576904],[28.191016,70.440186],[28.166016,70.3604],[28.166016,70.287646],[28.192969,70.248584],[28.280078,70.403418],[28.309863,70.443066],[28.437305,70.501367],[28.484766,70.618799],[28.609375,70.759668],[28.749805,70.841504],[28.831543,70.863965],[29.102344,70.860742],[29.218555,70.829932],[29.321094,70.761475],[29.397656,70.734131],[29.639063,70.705029],[29.721973,70.668555],[29.7375,70.646826],[29.796484,70.642529],[29.959375,70.694385],[30.065137,70.702979],[30.237695,70.622168],[30.203027,70.562305],[30.213184,70.543311],[30.42207,70.547168],[30.595898,70.523682],[30.926367,70.401123],[30.960645,70.343848],[30.944141,70.274414],[30.468945,70.197852],[30.262988,70.124707],[29.925879,70.096484],[28.781152,70.14541],[28.804297,70.092529],[29.601367,69.976758],[29.646875,69.943701],[29.621387,69.874072],[29.620996,69.818213],[29.635938,69.780127],[29.694629,69.74458],[29.79209,69.727881],[29.990332,69.73667],[30.088281,69.717578],[30.155176,69.745947],[30.180078,69.841162],[30.237598,69.862207],[30.348828,69.83457],[30.397266,69.732812],[30.42832,69.722266],[30.484375,69.794873],[30.594531,69.789648],[30.714453,69.795703],[30.869727,69.783447],[30.924121,69.651758],[30.922461,69.605811],[30.89668,69.56123],[30.860742,69.538428],[30.788867,69.528516],[30.61543,69.532568],[30.379688,69.584717],[30.227539,69.633789],[30.180176,69.63584],[30.159766,69.629883],[30.196484,69.580566],[30.186719,69.542773],[30.16377,69.501611],[30.131836,69.464258],[30.087305,69.432861],[29.994043,69.39248],[29.832715,69.360449],[29.388281,69.298145],[29.353027,69.270605],[29.209961,69.097021],[29.170898,69.071533],[29.118555,69.049951],[28.96582,69.021973],[28.891895,69.060596],[28.832617,69.118994],[28.846289,69.176904],[29.024902,69.287988],[29.191797,69.366699],[29.238867,69.393945],[29.333398,69.472998],[29.141602,69.671436],[28.800391,69.731494],[28.411719,69.822754],[28.269141,69.871436],[28.047266,69.97168],[27.889941,70.06167],[27.747852,70.064844],[27.591699,70.042236],[27.348047,69.960059],[27.205664,69.918701],[27.127539,69.906494],[27.108691,69.904687],[26.934277,69.928125],[26.740234,69.933057],[26.584277,69.926318],[26.525391,69.915039],[26.308203,69.781934],[26.156152,69.714697],[26.072461,69.691553],[26.011523,69.652637],[25.961523,69.588623],[25.850195,69.366504],[25.767188,69.282666],[25.748633,69.231445],[25.768164,69.076123],[25.74834,68.990137],[25.64668,68.919141],[25.575293,68.887158],[25.480859,68.880615],[25.357129,68.862451],[25.249121,68.821338],[25.172852,68.765283],[25.086914,68.6396],[24.941406,68.593262],[24.802441,68.606494],[24.703223,68.652832],[24.490527,68.688672],[24.332031,68.711523],[24.154102,68.760889],[23.997363,68.798438],[23.854004,68.805908],[23.772559,68.758398],[23.707031,68.713867],[23.4625,68.677637],[23.324023,68.648975],[23.144336,68.642578],[23.07168,68.674365],[22.811035,68.695312],[22.500684,68.720215],[22.410938,68.719873],[22.38291,68.776611],[22.300391,68.855859],[22.079688,68.992773],[21.989453,69.041113],[21.819727,69.154492],[21.621777,69.270703],[21.59375,69.273584],[21.46123,69.27749],[21.266797,69.273682],[21.14375,69.247266],[21.066113,69.214111],[21.052637,69.186572],[21.127832,69.080811],[21.104492,69.054443],[21.065723,69.041748],[20.889258,69.071436],[20.675879,69.069482],[20.622168,69.036865]]],[[[4.958691,61.08457],[4.870117,61.071924],[4.799023,61.082715],[4.824414,61.178223],[4.861621,61.193848],[4.91543,61.199365],[4.973242,61.148242],[4.958691,61.08457]]],[[[5.08584,60.307568],[5.089063,60.18877],[4.996973,60.197754],[4.955566,60.243311],[4.943555,60.272412],[4.950781,60.341162],[4.930078,60.412061],[4.957227,60.447266],[4.990625,60.452051],[5.050195,60.388965],[5.08584,60.307568]]],[[[29.956152,69.796777],[29.766211,69.767529],[29.744238,69.791602],[29.785938,69.829053],[29.83584,69.905566],[29.913965,69.902441],[29.992969,69.873242],[30.055176,69.838379],[29.956152,69.796777]]],[[[11.967969,65.626514],[11.901855,65.595703],[11.77832,65.604541],[11.765137,65.630957],[11.800391,65.683887],[11.875391,65.705908],[11.972363,65.701562],[12.003223,65.679443],[11.967969,65.626514]]],[[[8.470801,63.667139],[8.356152,63.664795],[8.287109,63.687158],[8.45127,63.731836],[8.708887,63.774316],[8.733398,63.801318],[8.764648,63.804639],[8.80918,63.771436],[8.814844,63.725977],[8.786523,63.703467],[8.470801,63.667139]]],[[[8.102734,63.337598],[8.004688,63.336914],[7.888281,63.352344],[7.815332,63.385059],[7.804004,63.413916],[7.938379,63.449805],[8.073535,63.470801],[8.136133,63.431348],[8.140918,63.366406],[8.102734,63.337598]]],[[[23.440527,70.815771],[23.420898,70.784424],[23.387109,70.753906],[23.305176,70.72168],[23.068164,70.594092],[22.928906,70.573535],[22.884766,70.553516],[22.829102,70.541553],[22.656055,70.559033],[22.605371,70.533154],[22.55752,70.515869],[22.432227,70.50918],[22.358691,70.514795],[22.16875,70.562109],[22.055762,70.61333],[21.994531,70.657129],[22.17002,70.656299],[22.232617,70.666895],[22.350293,70.657666],[22.420996,70.702588],[22.570703,70.697168],[22.858105,70.728418],[22.963574,70.710986],[23.204688,70.815479],[23.280176,70.812744],[23.395605,70.842578],[23.440527,70.815771]]],[[[25.586328,71.14209],[25.853516,71.103857],[25.94502,71.104639],[26.077637,71.033154],[26.146875,71.039502],[26.133789,70.995801],[25.999707,70.975098],[25.791309,70.9625],[25.760156,70.953809],[25.582031,70.960791],[25.482031,71.01958],[25.314941,71.034131],[25.315234,71.052979],[25.423438,71.097412],[25.586328,71.14209]]],[[[23.615332,70.549316],[23.633984,70.502539],[23.641016,70.463965],[23.547754,70.408154],[23.332813,70.334961],[23.345117,70.315283],[23.270703,70.296484],[23.15918,70.282617],[23.100293,70.296094],[23.108398,70.358838],[23.090625,70.377637],[23.005957,70.352783],[22.917871,70.384668],[22.917773,70.416748],[22.941016,70.44458],[23.022461,70.486914],[23.158398,70.516064],[23.248047,70.505127],[23.54668,70.61709],[23.578906,70.593652],[23.615332,70.549316]]],[[[24.017578,70.567383],[23.827148,70.52749],[23.716602,70.561865],[23.670117,70.59707],[23.663281,70.675244],[23.68916,70.722803],[23.778418,70.747363],[23.836523,70.729395],[23.852051,70.714355],[23.956445,70.699609],[24.07832,70.650586],[24.017578,70.567383]]],[[[13.872852,68.265332],[13.932324,68.248242],[14.087695,68.253223],[14.118848,68.246826],[14.096777,68.218604],[14.029297,68.187549],[13.887695,68.168506],[13.824023,68.121094],[13.778418,68.10498],[13.656152,68.104785],[13.583984,68.093848],[13.495215,68.05166],[13.424219,68.082764],[13.404395,68.060693],[13.391504,68.02124],[13.352051,68.009668],[13.229395,67.995361],[13.199512,68.087256],[13.255957,68.120605],[13.300195,68.160449],[13.367969,68.166553],[13.428711,68.163232],[13.537988,68.249023],[13.687695,68.273389],[13.784082,68.276123],[13.872852,68.265332]]],[[[12.971777,67.874121],[12.824023,67.82124],[12.87793,67.917773],[12.957715,68.015479],[13.068066,68.071338],[13.122852,68.049414],[13.097754,68.002686],[13.098242,67.956445],[13.074609,67.93457],[12.971777,67.874121]]],[[[15.207129,68.943115],[15.337207,68.842432],[15.396582,68.783594],[15.348438,68.672412],[15.22207,68.616309],[15.027051,68.606348],[14.890234,68.610986],[14.804004,68.637988],[14.793262,68.668262],[14.743457,68.677197],[14.612109,68.63833],[14.520801,68.633057],[14.404688,68.663232],[14.373438,68.711426],[14.49668,68.771875],[14.553711,68.818848],[14.69043,68.814697],[14.724609,68.800098],[14.801855,68.790967],[14.848828,68.847559],[14.837988,68.88667],[14.872363,68.913867],[15.0375,68.894287],[15.037793,69.000537],[15.101855,69.008008],[15.128125,69.003955],[15.175586,68.981543],[15.207129,68.943115]]],[[[19.76748,70.216699],[19.818359,70.20498],[19.868652,70.212256],[19.910449,70.201904],[19.994141,70.149268],[20.084277,70.128564],[20.088477,70.102051],[20.005957,70.076221],[19.897266,70.068457],[19.780859,70.077441],[19.74668,70.110498],[19.71084,70.165332],[19.613477,70.219092],[19.599023,70.266162],[19.683789,70.273584],[19.76748,70.216699]]],[[[20.779199,70.089746],[20.725293,70.066504],[20.642578,70.057031],[20.598047,70.071436],[20.534668,70.080908],[20.464258,70.076562],[20.405078,70.119141],[20.411719,70.154883],[20.492773,70.20332],[20.654883,70.230859],[20.786035,70.219531],[20.819434,70.205469],[20.779199,70.089746]]],[[[19.255078,70.066406],[19.34375,70.011963],[19.422266,70.017188],[19.445898,70.037744],[19.499512,70.0479],[19.607813,70.019141],[19.592285,69.970166],[19.442383,69.908398],[19.334766,69.820264],[19.19707,69.799805],[19.130859,69.810449],[19.007812,69.75957],[18.90918,69.706689],[18.806934,69.639844],[18.800684,69.605371],[18.784766,69.579004],[18.410254,69.552832],[18.274121,69.535498],[18.129883,69.557861],[18.061523,69.6021],[18.083496,69.626123],[18.227441,69.635742],[18.232031,69.676758],[18.268457,69.701807],[18.315039,69.715479],[18.349316,69.767871],[18.40625,69.781543],[18.512402,69.768652],[18.583984,69.806592],[18.624316,69.813037],[18.674023,69.781641],[18.697949,69.824854],[18.674023,69.864307],[18.686523,69.890918],[18.823828,69.960107],[18.883203,70.010547],[18.968652,70.043018],[19.050977,70.037842],[19.074902,70.085693],[19.050977,70.134668],[19.060059,70.166602],[19.132715,70.244141],[19.212695,70.247461],[19.249414,70.178564],[19.255078,70.066406]]],[[[12.50957,65.901953],[12.429492,65.899072],[12.430176,65.939941],[12.476074,65.9771],[12.548828,66.001904],[12.642383,66.008545],[12.74707,66.011377],[12.778809,65.991699],[12.718652,65.963867],[12.50957,65.901953]]],[[[12.419922,66.043262],[12.327344,66.036621],[12.342773,66.080762],[12.417676,66.122656],[12.446387,66.151318],[12.461328,66.18501],[12.527441,66.210547],[12.620801,66.17793],[12.622656,66.122461],[12.576367,66.071924],[12.419922,66.043262]]],[[[11.231445,64.865869],[11.179004,64.838037],[11.0625,64.8604],[10.83252,64.843115],[10.739844,64.870312],[10.813477,64.923242],[11.020996,64.978711],[11.132617,64.976172],[11.246191,64.90791],[11.231445,64.865869]]],[[[17.503027,69.59624],[17.623242,69.539062],[17.677344,69.556543],[17.783691,69.563037],[17.862793,69.542969],[17.927441,69.506641],[18.004102,69.50498],[18.052246,69.45752],[18.076758,69.395752],[18.021094,69.349609],[17.94209,69.328711],[17.920703,69.274316],[17.950684,69.198145],[17.773535,69.172021],[17.568164,69.1604],[17.487891,69.196826],[17.323633,69.130029],[17.160938,69.025928],[17.08252,69.013672],[17.077051,69.046631],[16.960156,69.069385],[16.810449,69.070703],[16.81543,69.095117],[16.842578,69.112354],[16.971777,69.137891],[16.997559,69.190625],[16.974121,69.284717],[16.996875,69.330371],[17.001758,69.361914],[17.083008,69.398828],[17.36084,69.381494],[17.394531,69.416699],[17.373438,69.438867],[17.229883,69.477686],[17.251953,69.503809],[17.355566,69.527148],[17.453613,69.530176],[17.483105,69.569678],[17.488184,69.586865],[17.503027,69.59624]]],[[[15.760352,68.56123],[15.772363,68.554199],[15.908594,68.650488],[16.05957,68.680518],[16.068945,68.714014],[16.127441,68.746436],[16.120801,68.799365],[16.150586,68.842383],[16.227539,68.85376],[16.275586,68.868311],[16.328906,68.876318],[16.425195,68.841553],[16.479688,68.80293],[16.547363,68.716553],[16.519238,68.633008],[16.337988,68.567871],[16.193945,68.538477],[16.048438,68.463672],[15.975293,68.40249],[15.9125,68.389258],[15.872754,68.394238],[15.837402,68.409033],[15.763672,68.409082],[15.68252,68.356006],[15.4375,68.312842],[15.341406,68.325293],[15.337012,68.378223],[15.279688,68.373828],[15.187891,68.3104],[15.098047,68.289209],[15.037695,68.282715],[14.926855,68.306592],[14.628906,68.198486],[14.349512,68.178271],[14.25752,68.190771],[14.257227,68.256934],[14.437793,68.341553],[14.58584,68.400342],[15.095313,68.441406],[15.412598,68.61582],[15.489258,68.805322],[15.564258,68.87373],[15.529004,68.912402],[15.443652,68.919189],[15.438477,68.978564],[15.483008,69.043457],[15.649512,69.132568],[15.741992,69.170508],[15.892676,69.277881],[15.965332,69.302051],[16.048047,69.302051],[16.129492,69.273926],[16.114844,69.216406],[15.992676,69.112646],[15.811719,69.024219],[15.833789,68.960742],[15.905859,68.908496],[15.923535,68.819189],[15.92793,68.733203],[15.790723,68.617041],[15.760352,68.56123]]],[[[-8.953564,70.83916],[-9.045801,70.832666],[-9.098877,70.854883],[-8.964648,70.915918],[-8.520801,71.030664],[-8.343701,71.140137],[-8.001367,71.177686],[-7.978809,71.116895],[-8.0021,71.04126],[-8.302344,70.981152],[-8.635352,70.94043],[-8.953564,70.83916]]],[[[19.219336,74.391016],[19.098535,74.352148],[18.917578,74.410645],[18.797461,74.485693],[18.86123,74.51416],[19.18291,74.51792],[19.261523,74.478955],[19.274707,74.456738],[19.219336,74.391016]]],[[[26.875977,78.648926],[26.729492,78.646484],[26.45957,78.720264],[26.407715,78.784326],[26.455762,78.810498],[26.585938,78.811475],[26.78877,78.723975],[27.007617,78.69751],[26.875977,78.648926]]],[[[32.525977,80.119141],[31.577637,80.081445],[31.481934,80.10791],[33.019141,80.217969],[33.098633,80.228711],[33.383984,80.242334],[33.629297,80.217432],[33.556641,80.198145],[32.525977,80.119141]]],[[[21.608105,78.595703],[21.745605,78.572021],[22.043164,78.576953],[22.207324,78.407666],[22.299512,78.228174],[22.449316,78.215234],[22.73457,78.239941],[22.988867,78.251953],[23.119238,78.238623],[23.35166,78.186279],[23.451953,78.149463],[23.364648,78.120508],[23.151953,78.088086],[23.116699,77.991504],[23.330566,77.957861],[23.683984,77.875439],[23.883008,77.864746],[24.238281,77.898535],[24.571484,77.834424],[24.901855,77.756592],[24.129785,77.658252],[24.061914,77.630615],[23.95498,77.557715],[23.841211,77.497754],[23.736133,77.462354],[23.505176,77.401416],[23.380859,77.380322],[23.101367,77.385059],[22.99668,77.360791],[22.899512,77.311377],[22.801758,77.275781],[22.553711,77.26665],[22.426953,77.315918],[22.468848,77.331104],[22.486621,77.360107],[22.44248,77.429346],[22.678906,77.500146],[22.732617,77.539355],[22.685352,77.553516],[22.620313,77.549609],[22.448242,77.571143],[22.397266,77.570117],[22.25459,77.528857],[22.056836,77.501172],[21.856152,77.494141],[21.049902,77.440967],[20.928125,77.459668],[20.873145,77.565332],[21.201074,77.619482],[21.251465,77.710938],[21.33418,77.771777],[21.430859,77.812109],[21.608398,77.916064],[21.653125,77.923535],[21.210449,78.005762],[21.035449,78.05918],[20.844922,78.165869],[20.786426,78.252148],[20.52832,78.325586],[20.560254,78.419385],[20.372754,78.412012],[20.22793,78.477832],[20.362695,78.514795],[21.046875,78.556738],[21.454785,78.597559],[21.608105,78.595703]]],[[[20.897852,80.249951],[20.998438,80.238818],[21.549219,80.24292],[21.654883,80.218457],[21.69668,80.15918],[21.780664,80.13877],[21.897754,80.132471],[22.190234,80.059717],[22.289746,80.049219],[22.376367,80.089648],[22.442676,80.190283],[22.446191,80.30835],[22.417871,80.365527],[22.450781,80.402246],[22.548828,80.416455],[22.67207,80.412646],[22.792578,80.433008],[22.896875,80.468994],[23.008008,80.473975],[23.251367,80.44668],[23.31543,80.425244],[23.250098,80.380859],[23.224609,80.317627],[23.114551,80.186963],[23.35332,80.178857],[23.687988,80.206543],[23.772949,80.244385],[23.95293,80.30459],[24.142969,80.295166],[24.234082,80.303125],[24.280176,80.329297],[24.297559,80.3604],[24.402637,80.355176],[24.54668,80.295166],[24.613672,80.28584],[24.736328,80.301318],[24.785938,80.300684],[24.907031,80.27666],[25.471289,80.233105],[25.666895,80.209766],[25.751172,80.188037],[25.836328,80.175146],[26.436719,80.175488],[26.86084,80.16001],[27.017188,80.125488],[27.14834,80.059229],[27.198633,79.906592],[27.079883,79.865381],[26.221094,79.677441],[26.005859,79.617041],[25.902051,79.561377],[25.726367,79.439746],[25.641211,79.403027],[25.239063,79.345068],[25.145117,79.338867],[24.842871,79.367236],[24.750586,79.3646],[24.383398,79.301611],[24.256836,79.263477],[24.13291,79.215479],[23.947754,79.194287],[23.758789,79.205615],[22.903711,79.230664],[22.78916,79.264355],[22.695703,79.329053],[22.865527,79.411865],[21.911426,79.381055],[20.861133,79.397852],[20.805566,79.409521],[20.76084,79.441504],[20.399512,79.463379],[20.128223,79.4896],[19.900195,79.533789],[19.674609,79.591162],[19.74668,79.617969],[19.821094,79.633643],[20.014844,79.640234],[20.187109,79.632275],[20.493457,79.632764],[20.564844,79.690527],[20.686816,79.707178],[20.784082,79.748584],[20.460742,79.774658],[20.123438,79.778564],[19.898633,79.744189],[19.638086,79.728613],[19.4,79.726562],[18.94209,79.736328],[18.725,79.760742],[18.428027,79.824512],[18.324707,79.859717],[18.284766,79.887354],[18.255371,79.929199],[18.594629,79.966699],[18.726465,79.99624],[18.855957,80.036621],[18.343848,80.05957],[18.129492,80.093408],[17.916895,80.143115],[18.089453,80.171143],[18.779297,80.193506],[18.961914,80.174805],[19.142969,80.138672],[19.343359,80.116406],[19.537109,80.163232],[19.354688,80.1854],[19.191406,80.263232],[19.156934,80.301855],[19.17832,80.331543],[19.26377,80.335986],[19.327441,80.323096],[19.568457,80.25],[19.751074,80.227197],[19.802246,80.294727],[19.810352,80.326807],[19.777148,80.353369],[19.691309,80.402344],[19.614355,80.462549],[19.733301,80.477832],[19.851172,80.471191],[20.104297,80.42998],[20.359375,80.400928],[20.475879,80.371631],[20.693457,80.298682],[20.897852,80.249951]]],[[[16.786719,79.906738],[16.838477,79.904785],[16.888965,79.91543],[16.925586,79.943457],[16.966406,79.958936],[17.219434,79.940771],[17.578223,79.884668],[17.684766,79.857031],[17.83457,79.800049],[17.956152,79.704248],[17.859766,79.63501],[17.732617,79.569531],[17.6875,79.53335],[17.733984,79.481348],[17.715039,79.430762],[17.66875,79.385937],[17.861035,79.437061],[18.27207,79.600586],[18.333301,79.610693],[18.397363,79.605176],[18.581445,79.571582],[18.748438,79.488184],[18.785254,79.460596],[18.815234,79.42666],[18.832422,79.384766],[18.822949,79.33667],[18.807422,79.303174],[18.72002,79.281494],[18.677832,79.261719],[18.772266,79.260254],[18.880078,79.234277],[18.979004,79.17915],[19.089453,79.157031],[19.490234,79.175684],[19.750879,79.146826],[19.893555,79.056201],[20.11377,79.076709],[20.114453,79.125],[20.162695,79.145654],[20.458203,79.129248],[20.611035,79.106641],[20.767188,79.059131],[20.500684,78.981396],[20.720313,78.906689],[21.089648,78.852637],[21.312207,78.79585],[21.352539,78.772021],[21.38877,78.74043],[21.243945,78.699414],[21.096289,78.67627],[20.724805,78.672314],[20.387012,78.643262],[19.76875,78.622705],[19.676758,78.60957],[19.65498,78.597852],[19.618555,78.562158],[19.380664,78.479785],[19.150488,78.379395],[19.055664,78.318945],[18.983789,78.234229],[18.957617,78.182471],[19.008691,78.132275],[18.995117,78.081494],[18.82207,78.041699],[18.712305,78.040088],[18.574609,78.047998],[18.439258,78.025049],[18.430664,77.990576],[18.438672,77.942041],[18.404004,77.793945],[18.361914,77.682275],[18.29873,77.578564],[18.22793,77.522607],[18.137402,77.507031],[17.84707,77.496777],[17.62334,77.399365],[17.44248,77.225244],[17.348633,77.156885],[17.152539,77.048926],[17.187891,77.010645],[17.249023,76.969189],[17.141992,76.894922],[16.97666,76.811621],[16.979883,76.779395],[17.035547,76.720361],[17.062695,76.658984],[16.935156,76.606152],[16.700488,76.579297],[16.461914,76.609326],[16.345801,76.644775],[16.238086,76.701514],[16.123828,76.738525],[16.004492,76.760742],[15.546777,76.886426],[15.124219,77.085107],[14.738477,77.162354],[14.486914,77.199023],[14.36582,77.234473],[14.247559,77.282129],[14.145313,77.335596],[14.050391,77.403223],[14.004199,77.445215],[13.995703,77.508203],[14.026074,77.545166],[14.071289,77.564111],[14.377637,77.579639],[14.487793,77.57085],[14.596289,77.537939],[14.69502,77.525049],[14.920801,77.688818],[16.205957,77.782471],[16.619141,77.798682],[17.033301,77.797705],[16.96875,77.841943],[16.914062,77.897998],[16.85293,77.911572],[16.539648,77.880225],[16.060059,77.847119],[15.826367,77.84707],[15.585352,77.869141],[15.344824,77.856982],[15.096875,77.809033],[14.846875,77.778662],[14.603906,77.766455],[14.089941,77.771387],[13.9625,77.79624],[13.791113,77.853809],[13.749609,77.883301],[13.71416,77.919434],[13.680566,78.028125],[13.717676,78.057617],[13.770117,78.074609],[13.824023,78.08501],[13.936914,78.085547],[14.047754,78.066846],[14.307227,78.005078],[14.248145,78.071387],[14.994727,78.151221],[15.341406,78.220947],[15.519434,78.232715],[15.698047,78.227588],[15.658691,78.264697],[15.657129,78.299023],[15.783887,78.327051],[15.875391,78.339111],[16.150293,78.352881],[16.776953,78.350439],[17.00293,78.369385],[17.171973,78.417139],[16.991797,78.400488],[16.81123,78.397266],[16.726562,78.407178],[16.535352,78.448877],[16.448633,78.503564],[16.696582,78.612891],[16.782617,78.663623],[16.530469,78.656299],[16.446289,78.638525],[16.15752,78.538135],[15.944043,78.493018],[15.680664,78.471338],[15.417383,78.473242],[15.359961,78.487549],[15.279395,78.554102],[15.254199,78.589062],[15.264941,78.608301],[15.34834,78.663135],[15.391602,78.721191],[15.38418,78.771191],[15.322754,78.781201],[15.225293,78.732324],[15.137305,78.664258],[15.016309,78.630127],[14.891797,78.639453],[14.838672,78.665576],[14.792383,78.705566],[14.743555,78.720947],[14.689258,78.720947],[14.577637,78.70498],[14.467188,78.675391],[14.505273,78.630518],[14.51543,78.580566],[14.467773,78.540918],[14.431836,78.49248],[14.545605,78.461963],[14.638281,78.4146],[14.499512,78.392383],[14.363281,78.359912],[14.238281,78.309863],[14.110449,78.270898],[13.907617,78.266748],[13.65498,78.245166],[13.150195,78.2375],[12.912793,78.301074],[12.869531,78.33125],[12.822168,78.351465],[12.664648,78.384766],[12.434766,78.482959],[12.25791,78.594678],[12.138281,78.605518],[11.961719,78.642383],[11.865527,78.674219],[11.773828,78.716406],[11.746289,78.76626],[11.755176,78.81167],[11.861035,78.831885],[11.611035,78.882959],[11.36543,78.950391],[11.456152,78.972998],[11.547559,78.982959],[12.274902,78.904492],[12.323438,78.914258],[12.40332,78.953223],[12.375,78.966357],[12.253125,78.975342],[12.087305,78.975098],[12.045801,78.983154],[11.981836,79.025293],[11.925684,79.077246],[11.901953,79.111865],[11.892773,79.152344],[12.016113,79.213086],[12.083984,79.267529],[11.97832,79.292676],[11.679297,79.291162],[11.579785,79.283496],[11.616406,79.205273],[11.521191,79.15127],[11.338867,79.109131],[11.208105,79.129639],[11.107227,79.232959],[10.975391,79.304883],[10.925781,79.350195],[10.888086,79.41543],[10.834375,79.462842],[10.737598,79.520166],[10.725,79.555518],[10.737012,79.581641],[10.810742,79.640918],[10.75459,79.690332],[10.68623,79.733594],[10.682129,79.758252],[10.746387,79.788672],[10.804004,79.798779],[10.865918,79.796582],[11.049609,79.760303],[11.150391,79.716992],[11.185254,79.720459],[11.250586,79.784863],[11.343652,79.799414],[11.702344,79.820605],[12.101758,79.737549],[12.205176,79.719092],[12.287793,79.713135],[12.245215,79.75],[12.219141,79.7979],[12.27998,79.815967],[12.602441,79.773242],[12.753516,79.775781],[13.10752,79.831738],[13.692871,79.860986],[13.91416,79.816943],[13.925684,79.793408],[13.921094,79.761719],[13.907031,79.752197],[13.777539,79.715283],[13.039258,79.685156],[12.555371,79.569482],[13.215137,79.588086],[13.333789,79.574805],[13.383594,79.480762],[13.431641,79.470898],[13.60127,79.457227],[13.716211,79.42915],[13.833691,79.375684],[13.957227,79.339648],[14.02959,79.344141],[14.055859,79.383105],[14.026367,79.429297],[14.011133,79.481934],[14.019824,79.538672],[14.039844,79.585645],[14.178418,79.618701],[14.379785,79.725977],[14.593652,79.79873],[14.831836,79.766406],[15.052344,79.675342],[15.25127,79.545459],[15.443945,79.406787],[15.660156,79.234863],[15.764063,79.174268],[15.858496,79.159912],[16.294531,78.981055],[16.34375,78.976123],[16.253516,79.112109],[16.027539,79.342383],[15.875098,79.519238],[15.840723,79.586865],[15.816113,79.681836],[15.825781,79.709033],[15.845117,79.733594],[15.955762,79.835107],[16.100195,79.884424],[16.056641,79.953955],[16.093848,80.007324],[16.245703,80.049463],[16.386621,80.052588],[16.524023,80.020508],[16.786719,79.906738]]],[[[11.250293,78.610693],[11.261719,78.541699],[11.424219,78.548584],[11.616309,78.475098],[11.825684,78.436084],[11.884863,78.409326],[11.929395,78.374902],[12.056152,78.305615],[12.116406,78.232568],[11.965039,78.224854],[11.756543,78.329004],[11.586523,78.388232],[11.372461,78.43877],[11.199219,78.44126],[11.121289,78.463281],[10.840625,78.644727],[10.788867,78.686523],[10.628418,78.753857],[10.557617,78.8375],[10.558203,78.90293],[10.772852,78.8875],[10.96084,78.846387],[11.123926,78.753369],[11.15293,78.724463],[11.078223,78.686035],[11.15498,78.640576],[11.250293,78.610693]]],[[[18.741602,80.300928],[18.525,80.245605],[18.162207,80.288184],[18.205566,80.331787],[18.291699,80.35835],[18.519336,80.34834],[18.741602,80.300928]]],[[[29.04707,78.912061],[29.34541,78.905762],[29.645117,78.921631],[29.69668,78.904736],[29.310547,78.8521],[28.881152,78.880078],[28.494531,78.887207],[28.037891,78.828711],[27.889063,78.852148],[28.120996,78.908447],[28.374023,78.927051],[28.414746,78.961426],[28.511133,78.967334],[28.845215,78.97085],[29.04707,78.912061]]]]}},{"type":"Feature","id":"RU","properties":{"ISO_A2":"RU","name":"Russia"},"geometry":{"type":"MultiPolygon","coordinates":[[[[145.881543,43.459521],[145.895605,43.454541],[145.913867,43.455371],[145.931152,43.457031],[145.941113,43.445459],[145.943555,43.426465],[145.931152,43.425635],[145.907227,43.422314],[145.893945,43.419824],[145.886523,43.433057],[145.881543,43.443799],[145.869141,43.450439],[145.869141,43.457861],[145.881543,43.459521]]],[[[146.358789,43.625391],[146.332324,43.619922],[146.288184,43.625391],[146.273828,43.629834],[146.283691,43.638623],[146.310156,43.651855],[146.333301,43.647461],[146.349805,43.644141],[146.358789,43.625391]]],[[[146.045605,43.409326],[146.032324,43.407129],[146.028027,43.420361],[146.048926,43.433594],[146.088574,43.449023],[146.100781,43.440186],[146.086328,43.429199],[146.069922,43.421484],[146.045605,43.409326]]],[[[137.178613,55.100439],[137.055273,54.926758],[136.969434,54.923975],[136.902734,54.960645],[136.765137,54.946045],[136.714648,54.956152],[136.795313,55.009375],[136.995703,55.092725],[137.077539,55.091748],[137.156055,55.107813],[137.178613,55.100439]]],[[[150.589941,59.01875],[150.511133,59.007422],[150.471777,59.034766],[150.470215,59.054053],[150.59248,59.097217],[150.666211,59.160156],[150.712695,59.122461],[150.727734,59.095215],[150.589941,59.01875]]],[[[120.261328,73.089844],[120.00791,73.044873],[119.79209,73.04541],[119.64043,73.124316],[119.761914,73.155469],[119.964453,73.167676],[120.078516,73.156738],[120.236816,73.107275],[120.261328,73.089844]]],[[[124.542969,73.850098],[124.481738,73.8479],[124.366406,73.874609],[124.335742,73.910303],[124.336523,73.928369],[124.429688,73.943018],[124.547656,73.933838],[124.636914,73.900391],[124.65293,73.888037],[124.542969,73.850098]]],[[[106.27041,78.206201],[106.151074,78.198633],[106.023633,78.220117],[106.058398,78.264648],[106.350586,78.272607],[106.456836,78.340039],[106.64043,78.33623],[106.691211,78.31665],[106.719629,78.294189],[106.718945,78.26499],[106.679102,78.26499],[106.504687,78.26167],[106.472461,78.24502],[106.27041,78.206201]]],[[[107.414746,77.242676],[107.302246,77.241504],[107.269531,77.289014],[107.366406,77.346631],[107.486426,77.347119],[107.593652,77.330029],[107.629297,77.319678],[107.664551,77.299805],[107.679492,77.268262],[107.414746,77.242676]]],[[[97.588379,76.599365],[97.535254,76.584424],[97.430371,76.590723],[97.341699,76.628857],[97.310352,76.6896],[97.381641,76.706689],[97.588379,76.599365]]],[[[96.853906,76.19917],[96.797852,76.188428],[96.754492,76.195752],[96.739355,76.206934],[96.740234,76.257861],[96.83291,76.32417],[96.835254,76.344824],[96.87793,76.355225],[96.990234,76.343408],[97.045313,76.315381],[97.053027,76.302588],[96.974219,76.236523],[96.853906,76.19917]]],[[[100.135938,79.614209],[99.91543,79.601611],[99.942285,79.671436],[99.955762,79.690332],[100.068359,79.701025],[100.141504,79.683691],[100.300293,79.670264],[100.135938,79.614209]]],[[[76.756055,73.445801],[76.659375,73.439502],[76.234473,73.476221],[76.083105,73.523486],[76.139551,73.554297],[76.250684,73.555273],[76.756055,73.445801]]],[[[82.709961,74.090869],[82.612793,74.056445],[82.478125,74.075781],[82.381543,74.099219],[82.329395,74.131104],[82.382422,74.149268],[82.525586,74.161426],[82.611035,74.148535],[82.688965,74.11123],[82.709961,74.090869]]],[[[84.758984,74.459424],[84.710449,74.399805],[84.428906,74.430322],[84.389453,74.454443],[84.540332,74.49043],[84.679883,74.512354],[84.872852,74.515527],[84.758984,74.459424]]],[[[86.653125,74.981299],[86.737109,74.962988],[87.000586,74.991943],[87.052148,74.982568],[87.124316,74.939893],[87.011719,74.861914],[86.927148,74.830762],[86.691992,74.848291],[86.390527,74.850879],[86.258594,74.893506],[86.330664,74.938965],[86.504492,74.965967],[86.605469,74.992822],[86.653125,74.981299]]],[[[59.313086,81.305225],[59.096973,81.292285],[58.719043,81.313525],[58.610156,81.337256],[58.634473,81.360352],[58.880566,81.391846],[59.075,81.397705],[59.280859,81.366113],[59.374609,81.325049],[59.313086,81.305225]]],[[[-179.798535,68.94043],[-179.59541,68.906494],[-179.514502,68.917139],[-179.47085,68.912402],[-179.355957,68.852979],[-179.279297,68.825195],[-178.873877,68.754102],[-178.689307,68.675146],[-178.538525,68.585645],[-178.613672,68.603076],[-178.751465,68.660449],[-178.736523,68.593018],[-178.692627,68.545996],[-178.473926,68.501758],[-178.244482,68.46665],[-178.097461,68.424805],[-178.048682,68.388428],[-178.018701,68.322754],[-178.055811,68.264893],[-177.922412,68.286523],[-177.796777,68.337988],[-177.861816,68.378223],[-178.284521,68.518555],[-178.373047,68.565674],[-178.249854,68.541406],[-177.683203,68.362793],[-177.527246,68.294385],[-177.593213,68.281152],[-177.639355,68.241211],[-177.589209,68.224219],[-177.520898,68.236865],[-177.40752,68.245166],[-177.297412,68.22251],[-177.171826,68.174658],[-176.907275,68.119141],[-175.345215,67.678076],[-175.309863,67.602051],[-175.265918,67.566504],[-175.239551,67.521094],[-175.23252,67.44668],[-175.374707,67.357373],[-175.155078,67.365381],[-175.122803,67.376953],[-175.065625,67.413428],[-175.002686,67.4375],[-174.918066,67.407568],[-174.849854,67.348877],[-174.869922,67.268506],[-174.93042,67.203467],[-174.938135,67.093018],[-174.885059,67.000244],[-174.828711,66.961377],[-174.783643,66.916797],[-174.771191,66.784326],[-174.870117,66.724902],[-174.924902,66.623145],[-174.864258,66.613135],[-174.674658,66.603418],[-174.612451,66.5854],[-174.50376,66.537939],[-174.477734,66.492188],[-174.45376,66.429883],[-174.418701,66.371973],[-174.394092,66.344238],[-174.366064,66.34834],[-174.256982,66.428467],[-174.206006,66.452344],[-174.084766,66.473096],[-174.017725,66.38252],[-174.065039,66.22959],[-174.025439,66.229687],[-173.994482,66.245801],[-173.955469,66.286768],[-173.899951,66.310498],[-173.832031,66.366064],[-173.773975,66.434668],[-173.842529,66.488281],[-173.920947,66.521777],[-174.101855,66.540625],[-174.196338,66.580713],[-174.231592,66.631885],[-174.1396,66.652637],[-174.060596,66.689795],[-174.005518,66.778613],[-174.018848,66.827393],[-174.041016,66.875488],[-174.086426,66.942871],[-174.154346,66.982031],[-174.283545,67.001563],[-174.341846,67.039746],[-174.430908,67.037646],[-174.518945,67.049072],[-174.554492,67.063037],[-174.550098,67.090625],[-174.447607,67.103125],[-173.884033,67.106445],[-173.679688,67.144775],[-173.586572,67.132764],[-173.493994,67.105176],[-173.157813,67.069092],[-173.167627,67.052246],[-173.22417,67.035107],[-173.323535,66.954834],[-173.343066,66.909229],[-173.347363,66.851367],[-173.258936,66.840088],[-173.175391,66.8646],[-173.216162,66.91123],[-173.228271,66.968555],[-173.193018,66.993604],[-173.146826,66.998975],[-173.058496,66.955859],[-172.962598,66.942139],[-172.640576,66.925],[-172.549365,66.930518],[-172.520117,66.95249],[-172.582959,66.977832],[-173.001904,67.033984],[-173.00752,67.064893],[-172.621045,67.026807],[-172.447314,66.991748],[-172.273926,66.965576],[-172.031494,66.973291],[-171.795557,66.931738],[-171.56958,66.818701],[-171.360498,66.676758],[-171.149268,66.592725],[-170.92666,66.529736],[-170.555664,66.357227],[-170.509521,66.343652],[-170.473096,66.320264],[-170.542822,66.291064],[-170.604443,66.248926],[-170.483301,66.278076],[-170.361133,66.2979],[-170.301221,66.294043],[-170.246973,66.271875],[-170.211621,66.236426],[-170.191943,66.20127],[-170.243945,66.169287],[-169.888818,66.163477],[-169.777881,66.143115],[-169.72915,66.058105],[-169.831689,65.998926],[-169.891699,66.006104],[-169.949316,66.031006],[-170.003809,66.033496],[-170.159424,66.008057],[-170.401025,65.928516],[-170.540674,65.86543],[-170.563037,65.823584],[-170.541406,65.710254],[-170.560986,65.65625],[-170.666309,65.621533],[-170.896875,65.642627],[-171.001465,65.664893],[-171.118994,65.69502],[-171.232031,65.736865],[-171.376855,65.803955],[-171.421533,65.810352],[-171.451172,65.794238],[-171.401709,65.751758],[-171.303223,65.698486],[-171.134424,65.628076],[-171.054248,65.549951],[-171.105859,65.511035],[-171.169971,65.5021],[-171.216016,65.502783],[-171.36377,65.527197],[-171.46626,65.533105],[-171.790381,65.510449],[-171.907129,65.495947],[-171.947168,65.507959],[-171.957178,65.54209],[-172.131494,65.566943],[-172.233887,65.570459],[-172.282275,65.582324],[-172.322266,65.617529],[-172.435693,65.669629],[-172.607715,65.690039],[-172.719189,65.692432],[-172.783301,65.681055],[-172.556543,65.612012],[-172.353955,65.495996],[-172.391992,65.474561],[-172.417773,65.449561],[-172.305713,65.447803],[-172.232812,65.455713],[-172.211572,65.425195],[-172.269873,65.302734],[-172.309277,65.275635],[-172.661914,65.248535],[-172.573145,65.228223],[-172.48208,65.221875],[-172.378711,65.226709],[-172.286035,65.205713],[-172.223682,65.128711],[-172.213184,65.048145],[-172.304346,65.002148],[-172.39873,64.964746],[-172.592822,64.907959],[-172.79248,64.88291],[-172.897363,64.889209],[-172.999121,64.876611],[-173.066211,64.847168],[-173.085791,64.817334],[-172.998047,64.837109],[-172.896875,64.826074],[-172.801074,64.790527],[-172.811572,64.761182],[-172.902588,64.729199],[-172.924023,64.704932],[-172.889062,64.664014],[-172.900879,64.628857],[-172.85415,64.609912],[-172.746875,64.603271],[-172.616113,64.577881],[-172.487402,64.544189],[-172.436621,64.515332],[-172.393848,64.474658],[-172.37876,64.431543],[-172.401465,64.413916],[-172.694678,64.40708],[-172.73916,64.412256],[-172.755957,64.459961],[-172.791504,64.498926],[-172.903174,64.526074],[-172.949023,64.507373],[-172.915869,64.369434],[-172.960059,64.327686],[-173.009131,64.297461],[-173.157422,64.279736],[-173.275488,64.289648],[-173.375684,64.354883],[-173.375537,64.4104],[-173.309229,64.442676],[-173.309326,64.487451],[-173.32749,64.539551],[-173.395654,64.479004],[-173.474951,64.428613],[-173.603613,64.365479],[-173.665967,64.357324],[-173.729736,64.364502],[-173.897852,64.409717],[-174.001367,64.448975],[-174.204834,64.577783],[-174.318018,64.637646],[-174.570557,64.717773],[-174.830469,64.775977],[-175.036035,64.813672],[-175.14585,64.809277],[-175.255908,64.793994],[-175.395117,64.802393],[-175.442139,64.816699],[-175.483203,64.848584],[-175.520654,64.86709],[-175.715869,64.946094],[-175.853857,65.01084],[-175.859473,65.054199],[-175.830225,65.105518],[-175.856152,65.232812],[-175.922949,65.35249],[-176.093262,65.471045],[-176.547461,65.547559],[-176.922119,65.601367],[-177.05625,65.613623],[-177.175244,65.60166],[-177.48877,65.503711],[-177.698633,65.489697],[-178.310205,65.484863],[-178.4125,65.495557],[-178.504639,65.537207],[-178.525928,65.593018],[-178.499316,65.696631],[-178.502344,65.74043],[-178.526221,65.755225],[-178.558545,65.754004],[-178.67915,65.795361],[-178.791064,65.864746],[-178.879346,65.936475],[-178.939063,66.032764],[-178.858252,66.037549],[-178.746729,66.013672],[-178.730566,66.037256],[-178.693799,66.124219],[-178.61626,66.166016],[-178.586523,66.198437],[-178.534131,66.316553],[-178.526563,66.401562],[-178.615771,66.355176],[-178.752783,66.237256],[-178.82085,66.202686],[-178.868115,66.187061],[-178.915527,66.179932],[-179.026123,66.203516],[-179.105078,66.231934],[-179.106885,66.346094],[-179.143408,66.375049],[-179.178369,66.35332],[-179.192676,66.312549],[-179.293164,66.305078],[-179.340137,66.2875],[-179.316211,66.219824],[-179.327197,66.162598],[-179.422656,66.141064],[-179.616162,66.127881],[-179.683301,66.184131],[-179.740869,66.105762],[-179.783643,66.017969],[-179.789697,65.900879],[-179.72832,65.803809],[-179.640625,65.757568],[-179.449072,65.687842],[-179.365967,65.638623],[-179.344385,65.575244],[-179.3521,65.516748],[-179.45166,65.445312],[-179.519336,65.386279],[-179.635156,65.244141],[-179.70459,65.187207],[-180,65.067236],[-180,65.311963],[-180,65.556787],[-180,65.801563],[-180,66.046289],[-180,66.291064],[-180,66.53584],[-180,66.780566],[-180,67.025342],[-180,67.270117],[-180,67.514844],[-180,67.759619],[-180,68.004395],[-180,68.249121],[-180,68.493896],[-180,68.738672],[-179.999951,68.983447],[-179.798535,68.94043]]],[[[130.687305,42.302539],[130.658008,42.327783],[130.651563,42.37251],[130.617969,42.415625],[130.554102,42.474707],[130.526953,42.5354],[130.584473,42.567334],[130.576563,42.623242],[130.520605,42.674316],[130.439258,42.685547],[130.419922,42.699854],[130.424805,42.727051],[130.452734,42.75542],[130.492969,42.779102],[130.577246,42.811621],[130.722461,42.83584],[130.80332,42.856836],[130.868555,42.86333],[130.942871,42.851758],[131.005566,42.883105],[131.068555,42.902246],[131.083496,42.956299],[131.086133,43.038086],[131.108984,43.062451],[131.135547,43.097607],[131.175586,43.142187],[131.211914,43.257764],[131.239355,43.337646],[131.257324,43.378076],[131.261816,43.433057],[131.243945,43.469043],[131.20918,43.49043],[131.182422,43.505566],[131.180078,43.56709],[131.183594,43.650879],[131.174219,43.704736],[131.213281,44.00293],[131.255273,44.071582],[131.125781,44.469189],[131.086914,44.595654],[131.060645,44.659668],[131.003906,44.753223],[130.967773,44.799951],[130.981641,44.844336],[131.033008,44.888867],[131.082324,44.91001],[131.22793,44.920166],[131.268262,44.936133],[131.446875,44.984033],[131.4875,45.013135],[131.578711,45.083643],[131.613965,45.136572],[131.654004,45.205371],[131.74209,45.242627],[131.794922,45.305273],[131.851855,45.326855],[131.909277,45.27373],[131.977539,45.243994],[132.067383,45.225977],[132.181348,45.203271],[132.362988,45.159961],[132.549023,45.122803],[132.665625,45.093701],[132.723145,45.080566],[132.838672,45.061133],[132.88877,45.046045],[132.936035,45.029932],[133.011719,45.074561],[133.113477,45.130713],[133.096875,45.220459],[133.113379,45.321436],[133.186035,45.494824],[133.266992,45.545264],[133.30957,45.553076],[133.355469,45.572217],[133.436426,45.604687],[133.465625,45.651221],[133.449121,45.705078],[133.475781,45.757666],[133.484668,45.810449],[133.513086,45.878809],[133.551172,45.897803],[133.608008,45.920312],[133.647852,45.955225],[133.685742,46.008936],[133.711133,46.069629],[133.700684,46.139746],[133.750195,46.185937],[133.832813,46.224268],[133.861328,46.247754],[133.874805,46.309082],[133.880273,46.336035],[133.902734,46.366943],[133.886719,46.430566],[133.866602,46.499121],[133.95752,46.614258],[134.022656,46.713184],[134.038574,46.858154],[134.045996,46.881982],[134.071387,46.950781],[134.086426,46.978125],[134.136914,47.068994],[134.202148,47.128076],[134.189258,47.194238],[134.162988,47.25874],[134.167676,47.302197],[134.225195,47.352637],[134.260059,47.377734],[134.29082,47.413574],[134.339453,47.429492],[134.38252,47.438232],[134.483496,47.447363],[134.541895,47.485156],[134.596191,47.523877],[134.695801,47.624854],[134.728125,47.684473],[134.752344,47.71543],[134.698633,47.801416],[134.650293,47.874268],[134.591309,47.975195],[134.566016,48.02251],[134.605371,48.08291],[134.647266,48.120166],[134.669336,48.15332],[134.680859,48.210449],[134.665234,48.253906],[134.563574,48.321729],[134.456152,48.355322],[134.334961,48.368848],[134.293359,48.373437],[134.205859,48.359912],[133.842188,48.27373],[133.671777,48.207715],[133.573242,48.133008],[133.468359,48.097168],[133.301172,48.101514],[133.144043,48.105664],[133.020117,48.064404],[132.877148,47.979102],[132.772852,47.940088],[132.707227,47.947266],[132.636914,47.890088],[132.561914,47.768506],[132.47627,47.71499],[132.380176,47.729492],[132.149805,47.717969],[131.785254,47.680518],[131.556738,47.682031],[131.464258,47.722607],[131.319336,47.727832],[131.121875,47.697656],[131.002734,47.691455],[130.961914,47.709326],[130.932813,47.759814],[130.91543,47.84292],[130.848633,47.929443],[130.732617,48.019238],[130.712109,48.127637],[130.787207,48.25459],[130.804297,48.341504],[130.763477,48.388428],[130.746875,48.430371],[130.65918,48.483398],[130.597266,48.574658],[130.552148,48.60249],[130.565625,48.680127],[130.617188,48.773193],[130.553125,48.861182],[130.355273,48.866357],[130.195996,48.89165],[130.037109,48.972266],[129.792578,49.198877],[129.671094,49.278516],[129.591406,49.28667],[129.533691,49.323437],[129.498145,49.388818],[129.440723,49.389453],[129.384668,49.389453],[129.350098,49.362354],[129.309863,49.353857],[129.248438,49.378662],[129.185156,49.381396],[129.120117,49.362061],[129.065137,49.374658],[129.020313,49.419238],[128.938281,49.448926],[128.819336,49.46377],[128.770313,49.494727],[128.791016,49.541846],[128.769043,49.576953],[128.704004,49.600146],[128.526758,49.594238],[128.237109,49.559277],[127.999609,49.568604],[127.814258,49.622119],[127.711133,49.671533],[127.690137,49.716748],[127.636719,49.760205],[127.550781,49.801807],[127.502441,49.873437],[127.491797,49.975049],[127.512305,50.07168],[127.590234,50.208984],[127.395313,50.298584],[127.337207,50.350146],[127.351172,50.393604],[127.34082,50.428076],[127.306055,50.453516],[127.308203,50.494189],[127.347168,50.550098],[127.346875,50.621338],[127.307031,50.707959],[127.198242,50.829443],[127.02041,50.985889],[126.924805,51.100146],[126.911523,51.172314],[126.887695,51.230127],[126.854395,51.261377],[126.833789,51.314893],[126.847754,51.37417],[126.827344,51.412256],[126.801758,51.448047],[126.805469,51.505664],[126.774512,51.545068],[126.70918,51.566309],[126.688672,51.609912],[126.700781,51.703027],[126.653711,51.781299],[126.510547,51.92583],[126.468066,52.031299],[126.455566,52.126465],[126.394824,52.172998],[126.391504,52.214502],[126.383496,52.286523],[126.346289,52.30625],[126.324219,52.331641],[126.341699,52.362012],[126.312891,52.399756],[126.237598,52.444824],[126.20293,52.483838],[126.194434,52.519141],[126.156641,52.546631],[126.045898,52.57334],[126.016016,52.610205],[126.023242,52.643018],[126.04707,52.673486],[126.060156,52.691992],[126.056055,52.715869],[126.048145,52.739453],[126.004297,52.767871],[125.941602,52.800684],[125.871875,52.871533],[125.782813,52.890723],[125.728125,52.890723],[125.680762,52.930811],[125.695312,52.956299],[125.691699,53.003711],[125.649023,53.042285],[125.595996,53.057471],[125.545996,53.047607],[125.422461,53.08374],[125.225586,53.16582],[125.075,53.203662],[124.970898,53.197314],[124.906641,53.172656],[124.882129,53.129736],[124.812305,53.133838],[124.639844,53.210645],[124.465918,53.229639],[124.369141,53.270947],[124.291406,53.340869],[124.219922,53.370117],[124.154297,53.358691],[123.994727,53.405615],[123.740918,53.510986],[123.607813,53.546533],[123.559766,53.52666],[123.534766,53.526465],[123.489453,53.529443],[123.424023,53.530762],[123.30957,53.555615],[123.154102,53.54458],[122.957617,53.497705],[122.744727,53.468506],[122.51582,53.456982],[122.380176,53.4625],[122.337793,53.48501],[122.088867,53.451465],[121.743945,53.383594],[121.405469,53.317041],[120.985449,53.28457],[120.704102,53.171826],[120.421289,52.968066],[120.218164,52.839893],[120.094531,52.787207],[120.044336,52.718213],[120.067578,52.63291],[120.172754,52.60249],[120.360059,52.627002],[120.521094,52.615039],[120.656152,52.56665],[120.699219,52.493604],[120.650391,52.395898],[120.66543,52.299902],[120.744531,52.205469],[120.749805,52.096533],[120.681445,51.973047],[120.510547,51.848535],[120.237012,51.722998],[120.066895,51.600684],[119.966992,51.422119],[119.813184,51.267041],[119.756641,51.179492],[119.745996,51.107715],[119.684961,51.030127],[119.573438,50.946777],[119.512305,50.863135],[119.501758,50.779248],[119.445703,50.702832],[119.344043,50.633887],[119.280664,50.560986],[119.255859,50.48418],[119.216699,50.43252],[119.163672,50.406006],[119.191895,50.379834],[119.301562,50.353906],[119.346289,50.278955],[119.326074,50.154932],[119.259863,50.066406],[119.147461,50.013379],[118.979492,49.978857],[118.755957,49.962842],[118.451563,49.844482],[118.186621,49.692773],[117.873438,49.513477],[117.812598,49.513525],[117.698438,49.53584],[117.477148,49.609424],[117.245605,49.624854],[117.02168,49.692969],[116.888965,49.737793],[116.683301,49.823779],[116.631543,49.877051],[116.551172,49.920312],[116.351172,49.978076],[116.216797,50.009277],[116.13457,50.010791],[115.925977,49.952148],[115.795215,49.905908],[115.717773,49.880615],[115.587988,49.886035],[115.429199,49.896484],[115.365039,49.911768],[115.274512,49.948877],[115.098047,50.059424],[115.00332,50.138574],[114.87959,50.183057],[114.743164,50.233691],[114.674902,50.245703],[114.554004,50.241455],[114.386328,50.255469],[114.29707,50.274414],[114.221777,50.257275],[114.070703,50.204736],[113.881152,50.101123],[113.732422,50.061523],[113.574219,50.007031],[113.445508,49.941602],[113.319043,49.874316],[113.16416,49.797168],[113.09209,49.692529],[113.055566,49.61626],[112.914844,49.569238],[112.806445,49.523584],[112.697363,49.507275],[112.494922,49.532324],[112.375195,49.5146],[112.079688,49.424219],[111.934473,49.416016],[111.833398,49.403613],[111.735547,49.397754],[111.574805,49.376416],[111.511914,49.360937],[111.429297,49.342627],[111.336621,49.355859],[111.204199,49.304297],[110.82793,49.166162],[110.709766,49.142969],[110.631055,49.137598],[110.52959,49.187061],[110.427832,49.219971],[110.321387,49.215869],[110.199902,49.17041],[109.994531,49.205615],[109.750391,49.239307],[109.528711,49.269873],[109.453711,49.296338],[109.236719,49.334912],[108.919922,49.335352],[108.733008,49.335645],[108.613672,49.322803],[108.522461,49.341504],[108.406934,49.396387],[108.213086,49.524805],[108.098047,49.562646],[108.033789,49.593994],[108.00957,49.646875],[107.96543,49.653516],[107.936719,49.691016],[107.93877,49.740723],[107.934863,49.849023],[107.947852,49.924707],[107.916602,49.947803],[107.786816,49.96001],[107.630957,49.983105],[107.34707,49.98667],[107.233301,49.989404],[107.143066,50.033008],[107.040234,50.086475],[106.941309,50.19668],[106.853711,50.248291],[106.711133,50.312598],[106.574414,50.328809],[106.368457,50.317578],[106.217871,50.30459],[106.08252,50.332568],[105.996484,50.36792],[105.875195,50.405371],[105.692578,50.41416],[105.541602,50.44126],[105.383594,50.47373],[105.266699,50.460498],[105.185938,50.42959],[105.094727,50.389941],[104.976953,50.38291],[104.685352,50.341846],[104.596387,50.317187],[104.466309,50.306152],[104.353906,50.275293],[104.259961,50.214453],[104.179688,50.169434],[104.078711,50.154248],[103.958496,50.157275],[103.856152,50.171826],[103.802637,50.176074],[103.723242,50.153857],[103.63291,50.138574],[103.496289,50.164941],[103.421191,50.187061],[103.304395,50.200293],[103.233789,50.264258],[103.161719,50.290723],[103.039453,50.300635],[102.859668,50.333252],[102.76543,50.366553],[102.683301,50.387158],[102.546289,50.461328],[102.469434,50.525684],[102.406836,50.536182],[102.336426,50.544238],[102.288379,50.585107],[102.285742,50.634668],[102.30332,50.665527],[102.316602,50.718457],[102.276563,50.768701],[102.235059,50.791211],[102.215039,50.829443],[102.226172,50.901465],[102.210254,50.974316],[102.194531,51.050684],[102.151953,51.10752],[102.142383,51.216064],[102.160059,51.26084],[102.155664,51.31377],[102.111523,51.353467],[101.979199,51.382227],[101.821191,51.421045],[101.570898,51.467187],[101.464355,51.471484],[101.38125,51.452637],[101.304492,51.474756],[101.223242,51.513281],[101.085352,51.553027],[100.903613,51.604248],[100.710742,51.661572],[100.53623,51.713477],[100.468945,51.726074],[100.230371,51.729834],[100.03457,51.737109],[99.92168,51.755518],[99.787891,51.827539],[99.719238,51.871631],[99.612891,51.892529],[99.532324,51.899902],[99.407031,51.923535],[99.176172,51.998877],[99.091406,52.034863],[99.034277,52.0354],[98.958105,52.101709],[98.893164,52.117285],[98.848633,52.070068],[98.802539,51.957471],[98.760156,51.905078],[98.640527,51.801172],[98.352734,51.717627],[98.303125,51.674268],[98.276855,51.63457],[98.2375,51.578418],[98.219922,51.505615],[98.184668,51.485742],[98.103125,51.483545],[98.037598,51.449951],[97.98916,51.377051],[97.946875,51.348437],[97.923242,51.280469],[97.927344,51.250732],[97.917871,51.217871],[97.91084,51.165186],[97.835742,51.05166],[97.825293,50.985254],[97.856152,50.943359],[97.919824,50.887158],[97.953125,50.855176],[97.96416,50.817676],[97.961914,50.769141],[98.001172,50.702051],[98.029785,50.644629],[98.078906,50.603809],[98.14502,50.568555],[98.220508,50.557178],[98.279492,50.533252],[98.292676,50.486963],[98.277344,50.422998],[98.250293,50.302441],[98.2,50.227686],[98.170117,50.180566],[98.121973,50.106592],[98.103418,50.077832],[98.003906,50.014258],[97.936621,49.996777],[97.853906,49.946777],[97.785547,49.944531],[97.720703,49.944629],[97.650977,49.933594],[97.589355,49.911475],[97.54082,49.843115],[97.418359,49.773047],[97.359766,49.741455],[97.208594,49.730811],[97.136914,49.761719],[97.097656,49.805029],[97.049121,49.829883],[96.985742,49.882812],[96.711719,49.911572],[96.640234,49.897852],[96.598437,49.878418],[96.543262,49.892529],[96.505762,49.918701],[96.466406,49.911523],[96.381152,49.896045],[96.315039,49.901123],[96.229688,49.954102],[96.111719,49.982471],[96.065527,49.99873],[96.018555,49.998779],[95.989551,49.973584],[95.935742,49.96001],[95.899414,49.990576],[95.851953,50.012939],[95.789355,50.0125],[95.707812,49.966016],[95.567187,49.943848],[95.522656,49.91123],[95.441797,49.915527],[95.385645,49.941211],[95.329492,49.944141],[95.166211,49.943848],[95.111426,49.935449],[95.044336,49.961572],[95.012891,50.008252],[94.930273,50.04375],[94.81123,50.048193],[94.718066,50.043262],[94.675488,50.028076],[94.614746,50.02373],[94.564648,50.087939],[94.496875,50.132812],[94.458496,50.165723],[94.400195,50.179639],[94.354688,50.221826],[94.346875,50.303418],[94.319336,50.404883],[94.287012,50.511377],[94.251074,50.556396],[94.075781,50.572852],[93.989844,50.568848],[93.79541,50.577637],[93.662012,50.583691],[93.625586,50.585547],[93.501074,50.597461],[93.386816,50.608496],[93.270508,50.615576],[93.222559,50.606543],[93.103125,50.603906],[93.009863,50.654541],[92.970703,50.7125],[92.963574,50.744922],[92.941309,50.778223],[92.856445,50.789111],[92.779297,50.778662],[92.738672,50.710938],[92.681348,50.683203],[92.62666,50.688281],[92.578906,50.725439],[92.486426,50.765088],[92.426367,50.803076],[92.354785,50.86416],[92.295801,50.849805],[92.279004,50.812207],[92.265332,50.775195],[92.192383,50.700586],[92.104004,50.691992],[91.956543,50.697607],[91.804297,50.693604],[91.706348,50.665527],[91.63418,50.615137],[91.596875,50.575537],[91.52168,50.562012],[91.446484,50.522168],[91.415039,50.468018],[91.34082,50.470068],[91.300586,50.463379],[91.233789,50.452393],[91.062793,50.422607],[91.021582,50.415479],[90.917188,50.36416],[90.838086,50.32373],[90.760742,50.305957],[90.714355,50.259424],[90.655078,50.222363],[90.516895,50.21333],[90.364844,50.166895],[90.311328,50.151172],[90.224512,50.116699],[90.103711,50.10332],[90.053711,50.09375],[90.00498,50.069287],[89.977344,49.984326],[89.878027,49.953516],[89.744238,49.948096],[89.643848,49.903027],[89.634277,49.823291],[89.669531,49.750488],[89.654102,49.71748],[89.579199,49.699707],[89.475,49.660547],[89.395605,49.611523],[89.299219,49.611133],[89.243945,49.627051],[89.20293,49.595703],[89.17998,49.532227],[89.109473,49.501367],[89.008398,49.472803],[88.970605,49.48374],[88.94541,49.507666],[88.900195,49.539697],[88.863867,49.527637],[88.860352,49.481543],[88.831641,49.448437],[88.747852,49.44624],[88.682715,49.464551],[88.633203,49.486133],[88.544336,49.482568],[88.452441,49.472705],[88.393359,49.482861],[88.337793,49.472559],[88.192578,49.451709],[88.135547,49.381494],[88.134277,49.298437],[88.115723,49.256299],[88.028516,49.219775],[87.988086,49.186914],[87.934766,49.164551],[87.818262,49.162109],[87.814258,49.162305],[87.7625,49.16582],[87.668359,49.147217],[87.576563,49.132373],[87.51582,49.122412],[87.476172,49.091455],[87.416699,49.076611],[87.322852,49.085791],[87.296875,49.147656],[87.233691,49.216162],[87.148047,49.239795],[87.070605,49.25459],[87.000977,49.287305],[86.95293,49.32207],[86.812109,49.487891],[86.714355,49.558594],[86.626465,49.562695],[86.614258,49.609717],[86.665332,49.656689],[86.730664,49.695557],[86.728711,49.748682],[86.675488,49.777295],[86.610156,49.769141],[86.522266,49.707764],[86.417969,49.638477],[86.292383,49.5875],[86.242188,49.546338],[86.180859,49.499316],[86.092969,49.505469],[86.02959,49.503418],[85.974414,49.499316],[85.933594,49.550439],[85.880469,49.556543],[85.498438,49.605371],[85.371582,49.623926],[85.291895,49.599463],[85.232617,49.61582],[85.210156,49.664844],[85.136523,49.750732],[85.076465,49.821631],[85.000781,49.894141],[84.975195,49.951074],[84.999707,50.010303],[84.989453,50.061426],[84.924023,50.087988],[84.838965,50.091309],[84.607324,50.202393],[84.499023,50.21875],[84.400977,50.23916],[84.323242,50.23916],[84.257812,50.288232],[84.194531,50.437451],[84.175977,50.520557],[84.099316,50.604736],[84.002344,50.676855],[83.945117,50.774658],[83.859766,50.818018],[83.717773,50.887158],[83.581445,50.935742],[83.357324,50.99458],[83.27373,50.99458],[83.160254,50.989209],[83.092773,50.960596],[83.019238,50.897266],[82.919043,50.893115],[82.76084,50.893359],[82.718555,50.869482],[82.692969,50.826318],[82.611719,50.771484],[82.493945,50.727588],[82.326367,50.741895],[82.211914,50.719434],[82.098047,50.71084],[81.933691,50.766357],[81.752051,50.764404],[81.633887,50.739111],[81.465918,50.739844],[81.431445,50.771143],[81.451563,50.823682],[81.437695,50.871045],[81.410156,50.909766],[81.388281,50.956494],[81.319141,50.966406],[81.124609,50.946289],[81.071484,50.96875],[81.077539,51.014941],[81.112402,51.072363],[81.141016,51.146582],[81.127246,51.191064],[81.026758,51.185693],[80.965625,51.189795],[80.934082,51.242773],[80.877344,51.281445],[80.813086,51.283496],[80.735254,51.293408],[80.650488,51.277344],[80.605469,51.224219],[80.550684,51.216602],[80.491016,51.201758],[80.448047,51.18335],[80.421484,51.136377],[80.433594,51.092627],[80.452246,50.997607],[80.423633,50.946289],[80.345215,50.919092],[80.27041,50.924609],[80.220215,50.911768],[80.127246,50.85835],[80.086328,50.83999],[80.07207,50.807275],[80.065918,50.758203],[79.98623,50.774561],[79.859668,50.955469],[79.716406,51.16001],[79.554297,51.377979],[79.468848,51.493115],[79.14873,51.868115],[78.99209,52.047412],[78.721484,52.357031],[78.475488,52.638428],[78.198047,52.929688],[78.033496,53.094971],[77.859961,53.269189],[77.799414,53.317432],[77.704395,53.37915],[77.469238,53.498779],[77.132422,53.670117],[76.820703,53.822656],[76.575684,53.942529],[76.513086,53.993213],[76.484766,54.022559],[76.458594,54.055273],[76.42207,54.113525],[76.42168,54.151514],[76.65459,54.145264],[76.703027,54.182471],[76.788965,54.321875],[76.837305,54.442383],[76.759375,54.436865],[76.615527,54.387109],[76.53916,54.351074],[76.496484,54.335693],[76.266602,54.311963],[76.140527,54.258545],[75.880664,54.167969],[75.692871,54.114795],[75.656836,54.106006],[75.437207,54.089648],[75.398145,54.068506],[75.392383,54.021729],[75.377051,53.970117],[75.220215,53.893799],[75.052148,53.826709],[74.988965,53.819238],[74.886816,53.834033],[74.83418,53.825684],[74.681445,53.754395],[74.451953,53.647266],[74.430469,53.603711],[74.429297,53.550732],[74.402734,53.504443],[74.351562,53.487646],[74.277344,53.527734],[74.209961,53.576465],[74.068652,53.611426],[73.858984,53.619727],[73.731152,53.602783],[73.642969,53.57627],[73.469922,53.468896],[73.406934,53.447559],[73.371875,53.454395],[73.361914,53.506201],[73.326855,53.543164],[73.285742,53.598389],[73.305664,53.707227],[73.399414,53.811475],[73.554199,53.868311],[73.678906,53.929443],[73.715527,53.996191],[73.712402,54.042383],[73.666406,54.063477],[73.617969,54.067383],[73.589941,54.044971],[73.505664,53.999316],[73.380664,53.962842],[73.276563,53.955615],[73.229883,53.957812],[73.119336,53.980762],[72.914062,54.107324],[72.741016,54.124512],[72.622266,54.134326],[72.582715,54.121582],[72.564258,54.09043],[72.575586,54.056494],[72.599219,54.023047],[72.585938,53.995947],[72.530273,53.975781],[72.446777,53.941846],[72.404297,53.964453],[72.383008,54.053662],[72.387305,54.123047],[72.329492,54.181445],[72.269141,54.272119],[72.186035,54.325635],[72.105371,54.308447],[72.065625,54.231641],[72.004492,54.205664],[71.887402,54.221484],[71.677148,54.178027],[71.336426,54.15835],[71.093164,54.212207],[71.052734,54.260498],[71.152148,54.364062],[71.159766,54.45542],[71.15918,54.538623],[71.185547,54.599316],[71.12627,54.715039],[70.991797,54.950488],[70.910156,55.127979],[70.790332,55.261133],[70.738086,55.305176],[70.486328,55.282373],[70.417188,55.253174],[70.371484,55.212256],[70.293359,55.183594],[70.182422,55.162451],[70.087402,55.176758],[69.981738,55.199072],[69.870215,55.245654],[69.740234,55.307373],[69.493262,55.356885],[69.246973,55.37251],[68.977246,55.3896],[68.842969,55.35835],[68.712891,55.308496],[68.524805,55.204834],[68.438477,55.194434],[68.301953,55.186523],[68.20625,55.160937],[68.225293,55.115234],[68.244043,55.052441],[68.209375,55.003027],[68.155859,54.976709],[68.073828,54.95957],[67.939941,54.953711],[67.829883,54.943555],[67.693359,54.872412],[67.484668,54.854492],[67.257324,54.828809],[67.09834,54.788184],[66.754492,54.737891],[66.555371,54.71543],[66.222656,54.667383],[65.954688,54.659521],[65.914258,54.693311],[65.707813,54.618701],[65.476953,54.623291],[65.434375,54.593311],[65.378125,54.564453],[65.315918,54.551562],[65.237402,54.516064],[65.192188,54.441113],[65.157813,54.364404],[65.088379,54.340186],[64.99541,54.36875],[64.926758,54.396631],[64.809277,54.368555],[64.649902,54.352246],[64.525098,54.362158],[64.46123,54.38418],[64.199414,54.347412],[64.062891,54.30293],[64.037402,54.279736],[64.003906,54.26709],[63.84707,54.236475],[63.721191,54.24502],[63.701367,54.243213],[63.582031,54.221924],[63.413672,54.183203],[63.292676,54.170459],[63.191309,54.171045],[63.126563,54.139258],[63.073926,54.105225],[62.632715,54.069287],[62.588281,54.044434],[62.499023,54.013184],[62.040234,54.002637],[62.002344,53.979932],[61.985645,53.954395],[61.928711,53.946484],[61.598145,53.994922],[61.333691,54.049268],[61.231055,54.019482],[61.14375,53.963818],[61.113184,53.882471],[61.113184,53.812988],[61.113184,53.753467],[61.073535,53.710449],[60.985547,53.657422],[60.979492,53.621729],[61.098535,53.583105],[61.247949,53.550977],[61.336133,53.565186],[61.409961,53.587061],[61.474121,53.580273],[61.519141,53.554492],[61.534961,53.523291],[61.526563,53.501562],[61.498535,53.484668],[61.400977,53.455811],[61.311621,53.465723],[61.228906,53.445898],[61.185938,53.406201],[61.162793,53.336768],[61.199219,53.287158],[61.310938,53.275195],[61.436816,53.239404],[61.576172,53.222461],[61.659863,53.228467],[61.766211,53.173926],[62.014648,53.107861],[62.081055,53.057422],[62.082715,53.00542],[62.037109,52.966113],[61.974219,52.94375],[61.888574,52.955908],[61.719336,52.969385],[61.533594,52.978516],[61.400781,52.995996],[61.206934,52.989062],[61.047461,52.972461],[61.006543,52.93335],[60.944727,52.860156],[60.893262,52.819434],[60.802344,52.744727],[60.774414,52.675781],[60.821289,52.569824],[60.979492,52.394775],[60.994531,52.336865],[60.937598,52.280566],[60.828418,52.233398],[60.670313,52.15083],[60.499316,52.146338],[60.425488,52.125586],[60.233691,52.024512],[60.065527,51.976465],[60.030273,51.933252],[60.06748,51.890625],[60.280371,51.834619],[60.3875,51.772998],[60.418359,51.703906],[60.464746,51.651172],[60.630371,51.616943],[60.973535,51.537061],[60.993359,51.528711],[61.014844,51.492383],[61.363086,51.441895],[61.411328,51.414746],[61.554688,51.324609],[61.585059,51.229687],[61.512207,51.137012],[61.465039,50.990234],[61.389453,50.861035],[61.226855,50.774805],[60.942285,50.695508],[60.637988,50.663721],[60.508496,50.669189],[60.424805,50.67915],[60.288086,50.70415],[60.186719,50.769775],[60.112109,50.83418],[60.058594,50.850293],[60.005273,50.839697],[59.955176,50.799268],[59.887793,50.690186],[59.812402,50.582031],[59.751172,50.543945],[59.523047,50.492871],[59.497852,50.511084],[59.523926,50.582812],[59.495117,50.604297],[59.452344,50.62041],[59.170898,50.6479],[59.064355,50.668213],[58.984863,50.676123],[58.883691,50.694434],[58.814063,50.737207],[58.664551,50.868311],[58.547461,50.971045],[58.35918,51.063818],[58.188477,51.081738],[58.174707,51.072266],[58.045117,51.068848],[57.838867,51.09165],[57.828906,51.089014],[57.764844,51.046875],[57.716992,50.980957],[57.653809,50.925146],[57.557813,50.895557],[57.442188,50.888867],[57.3125,50.946533],[57.179004,51.036035],[57.011719,51.065186],[56.849609,51.045557],[56.790332,51.031592],[56.620215,50.980859],[56.566895,51.004492],[56.491406,51.019531],[56.325586,50.936084],[56.143945,50.844629],[56.104492,50.77627],[56.049707,50.713525],[55.929199,50.65376],[55.797656,50.602051],[55.68623,50.582861],[55.542285,50.601807],[55.361133,50.665283],[55.195215,50.744727],[55.014844,50.869775],[54.867969,50.941357],[54.727148,50.998096],[54.641602,51.011572],[54.572949,50.990234],[54.546094,50.946045],[54.565625,50.911279],[54.60625,50.879883],[54.637891,50.781055],[54.65,50.660156],[54.636133,50.591602],[54.596191,50.550684],[54.555273,50.535791],[54.517383,50.541162],[54.471484,50.583789],[54.443359,50.673926],[54.421484,50.780322],[54.297852,50.914062],[54.191113,50.995703],[54.139746,51.040771],[54.041504,51.115186],[53.956836,51.161182],[53.776465,51.213721],[53.688086,51.251807],[53.534668,51.399561],[53.448633,51.444531],[53.338086,51.482373],[53.247266,51.493604],[53.227344,51.484961],[53.038379,51.463721],[52.902637,51.466943],[52.820508,51.49458],[52.735059,51.4979],[52.728125,51.498145],[52.635156,51.479541],[52.617773,51.480762],[52.571191,51.481641],[52.496191,51.512158],[52.423047,51.594238],[52.331055,51.681299],[52.219141,51.709375],[52.007129,51.672705],[51.775391,51.554248],[51.609082,51.483984],[51.473438,51.482031],[51.395996,51.471289],[51.344531,51.475342],[51.301074,51.497412],[51.290723,51.540186],[51.269922,51.594482],[51.163477,51.647461],[51.017871,51.681641],[50.882422,51.719189],[50.793945,51.729199],[50.756152,51.675146],[50.643945,51.58916],[50.516309,51.505615],[50.353711,51.369727],[50.309277,51.321582],[50.246875,51.289502],[50.104883,51.25459],[49.932324,51.197168],[49.822266,51.131885],[49.666309,51.102295],[49.498047,51.083594],[49.424609,51.027002],[49.379492,50.934668],[49.323438,50.851709],[49.058691,50.726074],[48.91377,50.64458],[48.808398,50.601318],[48.734766,50.606885],[48.655176,50.619873],[48.625098,50.612695],[48.666016,50.550342],[48.700488,50.35376],[48.749414,50.228467],[48.784766,50.156445],[48.817969,50.099854],[48.843262,50.013135],[48.810254,49.962402],[48.758984,49.92832],[48.6,49.874707],[48.434277,49.828516],[48.334961,49.858252],[48.224805,49.931934],[48.181348,49.97002],[48.060742,50.093604],[47.849609,50.282324],[47.705762,50.377979],[47.599609,50.413574],[47.503613,50.402734],[47.429199,50.357959],[47.376367,50.318115],[47.326465,50.273535],[47.294727,50.21748],[47.297656,50.140234],[47.295215,50.058496],[47.24834,50.000879],[47.12959,49.939062],[46.991992,49.852734],[46.889551,49.696973],[46.823145,49.502246],[46.802051,49.36709],[46.85293,49.303857],[46.953418,49.252588],[47.018164,49.199902],[47.031348,49.150293],[47.014258,49.09834],[46.962207,49.03833],[46.85293,48.969629],[46.702637,48.805566],[46.60918,48.573877],[46.660938,48.412256],[46.853125,48.323584],[47.004297,48.284473],[47.064648,48.232471],[47.119043,48.127002],[47.111523,48.020117],[47.093262,47.947705],[47.130762,47.876758],[47.202051,47.79248],[47.292383,47.740918],[47.387305,47.768652],[47.481934,47.803906],[47.600195,47.78999],[47.934668,47.760693],[48.109961,47.74541],[48.166992,47.708789],[48.275684,47.589941],[48.413086,47.456494],[48.552539,47.320996],[48.600684,47.262305],[48.714355,47.100488],[48.831836,46.954932],[48.959375,46.774609],[48.950293,46.725781],[48.883594,46.70542],[48.776367,46.710352],[48.693555,46.736816],[48.64707,46.758691],[48.605273,46.765918],[48.558398,46.757129],[48.518555,46.734326],[48.502344,46.698633],[48.50918,46.649951],[48.541211,46.605615],[48.586035,46.5771],[48.610156,46.566455],[48.774316,46.507959],[48.958984,46.442139],[49.184277,46.348828],[49.232227,46.337158],[49.245898,46.291602],[49.125488,46.281738],[49.110645,46.228467],[49.07959,46.189209],[48.809961,46.100488],[48.742578,46.100732],[48.683691,46.086182],[48.687305,46.02876],[48.703418,45.976221],[48.749609,45.920557],[48.72959,45.896826],[48.689648,45.888867],[48.637402,45.905762],[48.589063,45.934863],[48.537305,45.942139],[48.487012,45.934863],[48.257617,45.777783],[48.15918,45.737012],[48.052832,45.720996],[47.830176,45.663037],[47.763965,45.665967],[47.701074,45.686182],[47.649805,45.656738],[47.633301,45.584033],[47.574023,45.634277],[47.508398,45.67417],[47.479395,45.687598],[47.463281,45.679688],[47.524219,45.601709],[47.529492,45.530225],[47.514551,45.490918],[47.488672,45.455078],[47.454492,45.433057],[47.413086,45.421045],[47.391113,45.294775],[47.35127,45.217725],[47.296191,45.149463],[47.221484,45.024268],[47.161523,44.969629],[47.114746,44.905957],[47.083789,44.816992],[47.039258,44.837891],[47.00293,44.876074],[46.983691,44.825586],[46.957422,44.782568],[46.841211,44.718262],[46.755273,44.656543],[46.716113,44.560693],[46.707227,44.50332],[46.720898,44.45166],[46.753027,44.420654],[46.915723,44.387158],[47.023633,44.343262],[47.122656,44.26167],[47.229883,44.192383],[47.307031,44.103125],[47.361523,43.993359],[47.429199,43.779883],[47.462793,43.555029],[47.562598,43.834668],[47.646484,43.884619],[47.627832,43.805957],[47.567969,43.684961],[47.508984,43.509717],[47.489844,43.381689],[47.511621,43.270752],[47.512891,43.21875],[47.463184,43.035059],[47.488867,42.999756],[47.529004,42.967139],[47.634863,42.903467],[47.709082,42.810937],[47.727734,42.680713],[47.769727,42.644775],[47.822363,42.613477],[48.080176,42.353711],[48.228613,42.180957],[48.303027,42.080225],[48.383789,41.953418],[48.426367,41.923975],[48.476758,41.905127],[48.572852,41.844482],[48.518652,41.779346],[48.430664,41.66333],[48.391406,41.601904],[48.298145,41.54502],[48.142285,41.484766],[48.056055,41.458691],[47.963672,41.333984],[47.861133,41.212744],[47.791016,41.199268],[47.591797,41.218115],[47.520605,41.229053],[47.317676,41.282422],[47.261133,41.315088],[47.205273,41.455615],[47.142578,41.516064],[47.063965,41.554688],[47.010156,41.5875],[46.987793,41.621387],[46.930859,41.67041],[46.825586,41.743408],[46.749316,41.812598],[46.690332,41.831348],[46.616016,41.806934],[46.571289,41.800098],[46.552148,41.812305],[46.537695,41.87041],[46.429883,41.890967],[46.411523,41.904639],[46.267773,41.960352],[46.212695,41.989893],[46.159766,41.992041],[46.048438,42.00874],[45.954004,42.0354],[45.910352,42.070703],[45.845996,42.109961],[45.726562,42.158887],[45.638574,42.205078],[45.634277,42.234717],[45.688379,42.357373],[45.727539,42.475049],[45.705273,42.498096],[45.655566,42.517676],[45.562891,42.535742],[45.34375,42.529785],[45.208203,42.648242],[45.160254,42.675],[45.071582,42.694141],[44.943359,42.730273],[44.870996,42.756396],[44.850488,42.746826],[44.771094,42.616797],[44.691797,42.709619],[44.644336,42.734717],[44.576465,42.748486],[44.505859,42.748633],[44.329492,42.703516],[44.199707,42.653613],[44.102734,42.616357],[44.004688,42.595605],[43.957422,42.566553],[43.825977,42.571533],[43.759863,42.593848],[43.738379,42.616992],[43.749902,42.65752],[43.79541,42.702979],[43.79873,42.727783],[43.782617,42.747021],[43.623047,42.807715],[43.557813,42.844482],[43.347949,42.89668],[43.08916,42.989062],[43.000195,43.049658],[42.991602,43.091504],[42.890039,43.132617],[42.760645,43.16958],[42.660254,43.159082],[42.566016,43.155127],[42.419043,43.224219],[42.279688,43.228076],[42.122266,43.207324],[42.087793,43.199121],[42.05,43.190137],[41.580566,43.219238],[41.460742,43.276318],[41.358203,43.333398],[41.083105,43.374463],[40.941992,43.418066],[40.80166,43.479932],[40.648047,43.533887],[40.518945,43.512012],[40.342285,43.542725],[40.150195,43.569775],[40.08457,43.553125],[40.02373,43.484863],[39.97832,43.419824],[39.873633,43.472803],[39.516699,43.727881],[39.329395,43.897266],[38.717285,44.288086],[38.63584,44.318018],[38.311816,44.374463],[38.18125,44.419678],[37.851465,44.698828],[37.704883,44.661377],[37.572461,44.67085],[37.495117,44.695264],[37.411328,44.735352],[37.352344,44.788379],[37.284082,44.905029],[37.204785,44.971973],[36.944434,45.06958],[36.650781,45.126465],[36.627637,45.151318],[36.619141,45.185498],[36.873047,45.251758],[36.941211,45.289697],[36.811035,45.340039],[36.761621,45.34834],[36.72041,45.371875],[36.79375,45.409717],[36.865918,45.427051],[36.977832,45.383594],[37.103516,45.302881],[37.213574,45.272314],[37.264258,45.310937],[37.647168,45.377197],[37.672949,45.429736],[37.671875,45.488379],[37.634375,45.486328],[37.609961,45.499512],[37.612402,45.564697],[37.669238,45.654053],[37.840918,45.799561],[37.933105,46.001709],[38.014258,46.047754],[38.073828,46.01709],[38.069727,45.969873],[38.07959,45.934814],[38.132812,46.002832],[38.183594,46.094824],[38.311816,46.095361],[38.400391,46.080029],[38.492285,46.090527],[38.315234,46.241943],[38.077734,46.394336],[37.977539,46.382861],[37.913867,46.406494],[37.80957,46.53208],[37.766504,46.636133],[37.867383,46.633789],[37.967969,46.618018],[38.159473,46.690674],[38.22998,46.70127],[38.343457,46.67832],[38.500977,46.663672],[38.487988,46.732178],[38.438672,46.813086],[38.630762,46.873047],[38.801074,46.906152],[39.126758,47.023438],[39.270703,47.044141],[39.289062,47.070898],[39.293457,47.105762],[39.244531,47.199512],[39.195703,47.268848],[39.02373,47.272217],[38.92832,47.175684],[38.668164,47.143945],[38.552441,47.150342],[38.644336,47.212207],[38.736035,47.23584],[38.761914,47.261621],[38.577246,47.239111],[38.484766,47.175537],[38.214355,47.091455],[38.205859,47.135596],[38.201367,47.175244],[38.221191,47.212744],[38.265332,47.236963],[38.280762,47.259033],[38.280762,47.27666],[38.241016,47.287695],[38.208008,47.296533],[38.201367,47.320801],[38.212402,47.342773],[38.243262,47.373682],[38.256543,47.408936],[38.258789,47.479541],[38.287402,47.55918],[38.368848,47.609961],[38.510938,47.622412],[38.640625,47.665918],[38.718945,47.714111],[38.822266,47.837012],[38.900293,47.855127],[39.057813,47.848486],[39.158496,47.837402],[39.391016,47.83374],[39.658496,47.841211],[39.735938,47.844824],[39.778711,47.887549],[39.775781,47.964453],[39.813965,48.035303],[39.885059,48.168359],[39.961035,48.237939],[39.95791,48.268896],[39.918164,48.281934],[39.866309,48.288428],[39.847461,48.302783],[39.849902,48.331934],[39.889844,48.360449],[39.882617,48.419092],[39.85752,48.484229],[39.835645,48.542773],[39.76543,48.571875],[39.644727,48.591211],[39.67041,48.662451],[39.70459,48.739355],[39.755859,48.78208],[39.792871,48.807715],[39.904102,48.79375],[39.984473,48.807373],[40.003613,48.82207],[39.98916,48.851416],[39.86377,48.877979],[39.75332,48.914453],[39.705664,48.95957],[39.686523,49.00791],[39.759473,49.036572],[39.889746,49.064062],[39.976367,49.129834],[40.07002,49.200293],[40.108789,49.251562],[40.12832,49.307227],[40.126172,49.368848],[40.057813,49.431543],[40.057813,49.49707],[40.094922,49.542676],[40.080664,49.576855],[40.030664,49.596729],[39.958496,49.590771],[39.876855,49.567676],[39.780566,49.572021],[39.626563,49.650684],[39.462793,49.728027],[39.368457,49.730664],[39.30293,49.742041],[39.245996,49.781934],[39.211816,49.833203],[39.174805,49.855957],[39.114941,49.841748],[39.027734,49.818408],[38.918359,49.824707],[38.77666,49.884326],[38.647754,49.952881],[38.551953,49.95459],[38.451172,49.964062],[38.258594,50.052344],[38.208691,50.051465],[38.177539,50.025391],[38.162695,49.954541],[38.146777,49.939404],[38.1125,49.927832],[38.046875,49.92002],[37.950293,49.964209],[37.704199,50.109082],[37.605078,50.214941],[37.582324,50.291846],[37.501367,50.340723],[37.422852,50.411475],[37.343164,50.417627],[37.254883,50.394971],[37.171094,50.360889],[37.13125,50.351514],[36.988477,50.339551],[36.759082,50.291846],[36.696387,50.24624],[36.619434,50.209229],[36.559668,50.234863],[36.499805,50.280469],[36.368848,50.296826],[36.306055,50.280469],[36.243359,50.311768],[36.189453,50.367822],[36.116406,50.408545],[36.007812,50.419678],[35.890234,50.437109],[35.796191,50.405762],[35.67373,50.345996],[35.591113,50.36875],[35.545508,50.43999],[35.488477,50.459912],[35.411621,50.539697],[35.391699,50.610937],[35.411621,50.642236],[35.440137,50.68208],[35.440137,50.727686],[35.417383,50.767578],[35.383203,50.798926],[35.346094,50.904297],[35.314746,50.949902],[35.309082,50.986914],[35.334766,51.021143],[35.311914,51.043896],[35.269141,51.046777],[35.198047,51.043896],[35.158105,51.060986],[35.115332,51.12085],[35.092578,51.180664],[35.064063,51.203418],[34.990234,51.201758],[34.868555,51.189209],[34.760352,51.169336],[34.712305,51.172217],[34.616797,51.203125],[34.491016,51.237061],[34.23418,51.243799],[34.213867,51.255371],[34.228418,51.276855],[34.280664,51.31167],[34.275,51.340186],[34.229883,51.363232],[34.206543,51.419922],[34.209277,51.484082],[34.200879,51.553809],[34.146777,51.607959],[34.11543,51.644971],[34.121094,51.67915],[34.23916,51.692236],[34.379297,51.716504],[34.402734,51.741504],[34.397852,51.78042],[34.113086,51.979639],[34.015332,52.155957],[33.92207,52.251465],[33.818848,52.315625],[33.735254,52.344775],[33.613379,52.332617],[33.451855,52.333789],[33.287109,52.353564],[33.148438,52.34043],[32.899707,52.256348],[32.806445,52.252637],[32.64541,52.279102],[32.50791,52.308545],[32.435449,52.307227],[32.391309,52.294824],[32.362988,52.272119],[32.282813,52.114014],[32.216797,52.082959],[32.122266,52.050586],[32.041602,52.04502],[31.973828,52.046631],[31.875586,52.070898],[31.782422,52.099414],[31.763379,52.101074],[31.758594,52.12583],[31.690625,52.220654],[31.649902,52.262207],[31.601562,52.284814],[31.577344,52.312305],[31.576563,52.426025],[31.585547,52.532471],[31.615918,52.546191],[31.526172,52.633008],[31.519434,52.69873],[31.563477,52.731445],[31.564844,52.759229],[31.535156,52.798242],[31.442773,52.861816],[31.353027,52.933447],[31.295117,52.989795],[31.258789,53.016699],[31.30293,53.060889],[31.364551,53.138965],[31.388379,53.184814],[31.417871,53.196045],[31.562988,53.20249],[31.668262,53.200928],[31.747461,53.18418],[31.777441,53.146875],[31.849707,53.106201],[32.055469,53.089453],[32.141992,53.091162],[32.250684,53.128369],[32.42627,53.210596],[32.469336,53.270312],[32.578027,53.312402],[32.644434,53.328906],[32.704297,53.336328],[32.710254,53.371436],[32.706445,53.419434],[32.685742,53.448145],[32.469629,53.546973],[32.442383,53.579248],[32.425195,53.617285],[32.450977,53.65332],[32.450195,53.69292],[32.200391,53.78125],[31.992188,53.796875],[31.820801,53.791943],[31.754199,53.810449],[31.783008,53.85498],[31.825293,53.93501],[31.837793,54.000781],[31.825977,54.030713],[31.791992,54.055908],[31.628418,54.111182],[31.403613,54.195947],[31.299121,54.291699],[31.245508,54.39165],[31.184766,54.452979],[31.074805,54.491797],[31.081934,54.51709],[31.154883,54.610937],[31.152148,54.625342],[31.121289,54.648486],[30.98418,54.695898],[30.798828,54.783252],[30.791016,54.806006],[30.804492,54.860937],[30.829883,54.91499],[30.866797,54.940723],[30.977734,55.050488],[30.977734,55.087793],[30.958887,55.137598],[30.877441,55.223437],[30.814453,55.278711],[30.810547,55.306982],[30.820996,55.330273],[30.861816,55.3604],[30.900586,55.397412],[30.908789,55.525342],[30.906836,55.57002],[30.882227,55.596387],[30.855957,55.60752],[30.800781,55.601123],[30.72168,55.622119],[30.662305,55.655469],[30.625586,55.66626],[30.586719,55.700293],[30.475391,55.768799],[30.45625,55.786816],[30.233594,55.845215],[30.042676,55.836426],[29.937012,55.845264],[29.881641,55.832324],[29.823926,55.795117],[29.744141,55.77041],[29.68457,55.769727],[29.630078,55.751172],[29.482227,55.68457],[29.412988,55.724854],[29.353418,55.784375],[29.373145,55.834717],[29.397949,55.881055],[29.396094,55.912207],[29.375,55.938721],[29.283008,55.967871],[29.087402,56.021143],[29.031738,56.021777],[28.947461,56.0021],[28.794727,55.942578],[28.74082,55.955371],[28.69082,56.002637],[28.636914,56.061768],[28.563965,56.091992],[28.407031,56.089014],[28.39209,56.086719],[28.316309,56.052539],[28.284277,56.055908],[28.147949,56.14292],[28.17334,56.190332],[28.202051,56.2604],[28.191699,56.315576],[28.169238,56.386865],[28.11084,56.510693],[28.103125,56.545703],[28.00752,56.599854],[27.991602,56.645312],[27.941406,56.703711],[27.89209,56.741064],[27.881543,56.82417],[27.848633,56.853418],[27.806055,56.86709],[27.655664,56.843213],[27.639453,56.845654],[27.711133,56.978076],[27.717383,57.054639],[27.762793,57.135107],[27.814551,57.166895],[27.830273,57.194482],[27.838281,57.247705],[27.828613,57.293311],[27.796875,57.316943],[27.672754,57.368115],[27.538672,57.429785],[27.511133,57.508154],[27.469727,57.524023],[27.351953,57.528125],[27.354297,57.550293],[27.371777,57.612549],[27.4,57.666797],[27.491992,57.724951],[27.514746,57.764209],[27.54209,57.799414],[27.752832,57.841016],[27.776953,57.856738],[27.778516,57.870703],[27.76875,57.884131],[27.721973,57.905469],[27.673438,57.934619],[27.644141,58.013916],[27.571094,58.138086],[27.502441,58.221338],[27.487793,58.270068],[27.505566,58.32627],[27.530078,58.381494],[27.531348,58.435254],[27.427051,58.733057],[27.43418,58.787256],[27.464453,58.841309],[27.513086,58.886279],[27.621777,58.944971],[27.757617,59.052002],[27.849512,59.192676],[27.897656,59.277637],[27.938184,59.297021],[28.016406,59.301709],[28.046094,59.327832],[28.061328,59.343262],[28.12832,59.357568],[28.151074,59.374414],[28.133008,59.403076],[28.06582,59.453174],[28.0125,59.484277],[28.063965,59.554004],[28.046289,59.647168],[28.013965,59.724756],[28.058008,59.781543],[28.131152,59.786523],[28.2125,59.724658],[28.33457,59.692529],[28.42373,59.734082],[28.453906,59.814258],[28.518164,59.849561],[28.603906,59.818066],[28.747656,59.806689],[28.866895,59.811914],[28.947266,59.82876],[28.981543,59.854785],[29.013379,59.901562],[29.079102,59.960986],[29.147266,59.999756],[29.669727,59.955664],[30.122559,59.873584],[30.156836,59.904297],[30.172656,59.957129],[30.059961,60.002588],[29.976758,60.026367],[29.872266,60.12085],[29.721191,60.195312],[29.569336,60.201855],[29.37041,60.175928],[29.069141,60.191455],[28.812695,60.331543],[28.643164,60.375293],[28.522266,60.482959],[28.491602,60.540137],[28.622461,60.491602],[28.640332,60.542871],[28.650586,60.610986],[28.577832,60.652539],[28.512793,60.677295],[28.179297,60.570996],[27.797656,60.536133],[28.151953,60.74585],[28.407422,60.896924],[28.455078,60.919629],[28.568164,60.960205],[28.662891,61.002832],[28.739063,61.05874],[28.992969,61.169043],[29.25166,61.287793],[29.492383,61.444238],[29.579395,61.493457],[29.690137,61.546094],[29.933203,61.711572],[30.009961,61.757373],[30.306445,61.964844],[30.479688,62.068213],[30.565625,62.127588],[30.935742,62.323779],[31.186719,62.481396],[31.285645,62.567822],[31.382422,62.69165],[31.437305,62.776123],[31.533984,62.8854],[31.536523,62.921631],[31.509277,62.955322],[31.437012,63.007715],[31.336719,63.068066],[31.247461,63.141895],[31.180859,63.208301],[30.974805,63.300635],[30.655273,63.41748],[30.418555,63.504053],[30.055371,63.689014],[29.991504,63.735156],[30.004102,63.747314],[30.210254,63.80332],[30.415332,63.94751],[30.503906,64.020605],[30.526074,64.077295],[30.52793,64.141113],[30.51377,64.2],[30.487891,64.236523],[30.390625,64.282422],[30.108105,64.366113],[30.041895,64.443359],[29.986621,64.524268],[29.985547,64.557715],[30.120117,64.644629],[30.126172,64.688086],[30.110254,64.732568],[30.072852,64.765039],[29.783203,64.804297],[29.70166,64.845752],[29.6375,64.911768],[29.604199,64.968408],[29.600879,65.001953],[29.622461,65.039502],[29.72002,65.080322],[29.81084,65.10791],[29.826953,65.145068],[29.826172,65.185303],[29.810547,65.204736],[29.629688,65.223877],[29.612402,65.234766],[29.608008,65.248682],[29.617188,65.265332],[29.714844,65.336963],[29.728027,65.473438],[29.819434,65.56875],[29.715918,65.624561],[29.723926,65.634375],[29.882617,65.663623],[30.029004,65.670703],[30.095313,65.681689],[30.102734,65.72627],[30.0875,65.786523],[29.936621,66.022949],[29.903418,66.091064],[29.803516,66.177051],[29.720703,66.234863],[29.670898,66.276123],[29.590723,66.356836],[29.544336,66.439697],[29.464355,66.532178],[29.371191,66.617041],[29.293262,66.695508],[29.093066,66.849219],[29.066211,66.891748],[29.069043,66.930225],[29.087012,66.970947],[29.243359,67.096582],[29.387695,67.201416],[29.572266,67.324365],[29.750586,67.426416],[29.941211,67.547461],[29.988086,67.668262],[29.979199,67.688574],[29.821582,67.754004],[29.524219,67.929102],[29.343848,68.061865],[29.062988,68.117969],[28.685156,68.189795],[28.560156,68.351367],[28.470703,68.488379],[28.479297,68.537646],[28.752051,68.771436],[28.777637,68.813818],[28.772852,68.840039],[28.744824,68.856445],[28.705957,68.865527],[28.453516,68.872266],[28.414062,68.90415],[28.566016,68.928223],[28.692188,68.961035],[28.898926,69.009668],[28.96582,69.021973],[29.118555,69.049951],[29.170898,69.071533],[29.209961,69.097021],[29.353027,69.270605],[29.388281,69.298145],[29.832715,69.360449],[29.994043,69.39248],[30.087305,69.432861],[30.131836,69.464258],[30.16377,69.501611],[30.186719,69.542773],[30.196484,69.580566],[30.159766,69.629883],[30.180176,69.63584],[30.227539,69.633789],[30.379688,69.584717],[30.61543,69.532568],[30.788867,69.528516],[30.860742,69.538428],[30.89668,69.56123],[30.922461,69.605811],[30.924121,69.651758],[30.869727,69.783447],[31.049512,69.769238],[31.452734,69.6896],[31.546973,69.696924],[31.666211,69.720996],[31.788574,69.815771],[31.879395,69.831982],[31.997949,69.809912],[32.030566,69.835303],[31.969336,69.913916],[31.98457,69.953662],[32.391602,69.868701],[32.56543,69.806494],[32.941699,69.751855],[33.007812,69.722119],[33.012598,69.670508],[32.994629,69.626172],[32.915039,69.601709],[32.754297,69.605713],[32.176758,69.674023],[32.091504,69.632568],[32.161328,69.596631],[32.330566,69.554248],[32.377734,69.479102],[32.636816,69.489453],[32.883789,69.46084],[32.999805,69.470117],[33.020996,69.445605],[32.941602,69.38335],[32.978906,69.367334],[33.255859,69.427734],[33.384863,69.444287],[33.454297,69.428174],[33.463672,69.378174],[33.417969,69.315283],[33.412988,69.267432],[33.327734,69.151855],[33.196387,69.116846],[33.141211,69.068701],[33.333398,69.098193],[33.435645,69.130371],[33.627051,69.28916],[33.684375,69.310254],[34.229395,69.313135],[34.352734,69.30293],[34.863965,69.228076],[35.00957,69.22124],[35.175879,69.230811],[35.233203,69.265576],[35.289844,69.275439],[35.85791,69.191748],[36.618262,69.003467],[37.730566,68.692139],[38.357617,68.415137],[38.430176,68.355615],[38.656836,68.321875],[38.705566,68.344727],[38.831543,68.324902],[39.568945,68.071729],[39.82334,68.058594],[39.789746,68.112158],[39.746289,68.162207],[39.809277,68.15083],[39.895605,68.114502],[40.035742,68.015381],[40.206641,67.941895],[40.380664,67.831885],[40.525781,67.789697],[40.656543,67.774072],[40.766309,67.743018],[40.966406,67.713477],[41.060938,67.444189],[41.133887,67.386035],[41.133887,67.266943],[41.261719,67.218457],[41.358789,67.209668],[41.354297,67.121436],[41.275586,66.914307],[41.188965,66.826172],[40.521582,66.446631],[40.10332,66.299951],[39.289062,66.132031],[38.653906,66.069043],[38.397559,66.064453],[37.900684,66.095605],[37.628223,66.12959],[37.294824,66.225049],[36.983691,66.272559],[36.769922,66.293555],[36.373438,66.302295],[35.513477,66.395801],[35.363965,66.428662],[34.824609,66.611133],[34.610254,66.559619],[34.482617,66.550342],[34.396094,66.613184],[34.430859,66.629785],[34.451563,66.651221],[34.146094,66.703271],[33.893652,66.706738],[33.75957,66.750977],[33.59541,66.784619],[33.522949,66.764355],[33.482031,66.764551],[33.150195,66.843945],[33.001953,66.908301],[32.847559,67.021533],[32.885254,67.061133],[32.930469,67.086816],[32.399902,67.152686],[31.895313,67.161426],[31.983008,67.129834],[32.201563,67.113232],[32.340625,67.067871],[32.500977,67.003857],[32.463672,66.916309],[32.686426,66.829541],[32.857324,66.746924],[32.862402,66.721387],[32.928711,66.704102],[33.180566,66.679932],[33.224414,66.603857],[33.18291,66.573877],[33.217383,66.531641],[33.405273,66.484277],[33.517676,66.471387],[33.655957,66.442627],[33.593262,66.38457],[33.476953,66.346875],[33.360547,66.329541],[33.41582,66.315625],[33.566699,66.320996],[34.112695,66.225244],[34.399805,66.128418],[34.691797,65.951855],[34.786328,65.864551],[34.793164,65.816357],[34.776953,65.768262],[34.734766,65.716309],[34.715527,65.664062],[34.615723,65.509912],[34.544141,65.456689],[34.406445,65.395752],[34.535938,65.27793],[34.671094,65.168115],[34.803516,64.985986],[34.827148,64.912695],[34.832617,64.800195],[34.952246,64.755957],[34.905469,64.738672],[34.858301,64.706689],[34.869531,64.56001],[35.035352,64.440234],[35.284082,64.362549],[35.432031,64.346777],[35.64707,64.37832],[35.802051,64.335352],[36.146484,64.189014],[36.301953,64.034375],[36.364941,64.002832],[36.71377,63.945068],[36.975195,63.909521],[37.372754,63.816748],[37.442188,63.813379],[37.635352,63.893408],[37.967969,63.949121],[38.070801,64.02583],[38.062207,64.091016],[37.977148,64.207031],[37.953711,64.320117],[37.843555,64.366309],[37.740625,64.396973],[37.42959,64.373584],[37.289551,64.37793],[37.183691,64.408496],[37.04043,64.48916],[36.769336,64.685254],[36.624219,64.750537],[36.578711,64.790967],[36.528223,64.847363],[36.53457,64.938623],[36.65293,64.935449],[36.785938,64.987158],[36.882812,65.172363],[37.050195,65.195898],[37.14082,65.194287],[37.528125,65.108252],[38.009375,64.87876],[38.115723,64.85459],[38.228223,64.851221],[38.412109,64.85708],[38.441992,64.827148],[38.540918,64.79126],[38.613086,64.78667],[39.053516,64.713916],[39.567383,64.570557],[39.758008,64.577051],[39.833008,64.656396],[39.848633,64.690527],[40.057813,64.770752],[40.203711,64.784033],[40.407813,64.754883],[40.444922,64.778711],[40.375391,64.896289],[40.28125,64.998096],[40.142676,65.063281],[39.896484,65.254785],[39.798047,65.349854],[39.749121,65.447949],[39.781152,65.534717],[39.816504,65.597949],[40.327832,65.751709],[40.512793,65.843799],[40.691602,65.963428],[40.774414,65.987891],[41.076074,66.021094],[41.475781,66.123437],[41.780859,66.259326],[42.083594,66.465918],[42.210547,66.519678],[42.313672,66.514746],[42.450781,66.482422],[42.602148,66.42251],[42.806543,66.411328],[43.005957,66.420947],[43.233203,66.415527],[43.550879,66.321289],[43.60332,66.291211],[43.653125,66.250977],[43.550391,66.173389],[43.541895,66.123389],[43.623926,66.146729],[43.737012,66.158398],[43.84375,66.142383],[43.944141,66.098682],[44.016699,66.049756],[44.104395,66.008594],[44.132422,66.064551],[44.145313,66.112744],[44.097168,66.235059],[44.220703,66.40708],[44.316406,66.481689],[44.488672,66.671777],[44.437109,66.794629],[44.429297,66.937744],[44.403906,67.004199],[44.291797,67.099658],[44.074414,67.167334],[43.855371,67.188623],[43.782422,67.254492],[43.795703,67.32959],[43.856348,67.439307],[44.036426,67.670654],[44.225391,67.995605],[44.231543,68.07124],[44.213867,68.112598],[44.226465,68.154443],[44.204688,68.25376],[44.169141,68.3271],[43.404004,68.608545],[43.358008,68.635791],[43.333203,68.673389],[43.413281,68.681738],[43.471973,68.679834],[44.048047,68.548828],[44.175293,68.541748],[45.078125,68.578174],[45.519434,68.546533],[45.891992,68.479687],[46.158398,68.291357],[46.429688,68.118848],[46.683594,67.970459],[46.69043,67.848828],[46.428906,67.823682],[46.174219,67.818164],[45.528711,67.757568],[45.374121,67.688867],[44.939453,67.477441],[44.902148,67.413135],[44.939453,67.350781],[45.138867,67.284717],[45.562207,67.185596],[45.752539,66.98916],[45.885352,66.891064],[45.986035,66.853125],[46.083984,66.843506],[46.297754,66.842822],[46.448535,66.818994],[46.492383,66.800195],[46.552344,66.818994],[46.69082,66.825537],[47.496484,66.929834],[47.655859,66.975928],[47.709082,67.04502],[47.768066,67.275635],[47.839258,67.355713],[47.908203,67.454688],[47.882617,67.515332],[47.874707,67.58418],[48.278711,67.650391],[48.653809,67.695264],[48.833203,67.681494],[48.87793,67.731348],[48.762695,67.827002],[48.695703,67.874219],[48.754297,67.895947],[48.840625,67.869727],[48.953906,67.853809],[49.155273,67.87041],[49.93125,68.065137],[50.233203,68.175342],[50.414062,68.218359],[50.699414,68.317725],[50.838867,68.349951],[51.078516,68.36333],[51.336133,68.402441],[51.616699,68.476318],[51.994727,68.53877],[52.055664,68.541309],[52.128809,68.532031],[52.285352,68.459375],[52.227441,68.418604],[52.183496,68.374268],[52.25918,68.350928],[52.322266,68.339697],[52.39668,68.351709],[52.475,68.382129],[52.669727,68.426758],[52.722656,68.484033],[52.647656,68.506152],[52.550098,68.592432],[52.435059,68.610205],[52.344043,68.608154],[52.683594,68.731201],[53.412891,68.912549],[53.801953,68.995898],[54.18584,69.00332],[54.491211,68.992334],[54.37627,68.964746],[53.874414,68.926611],[53.797656,68.907471],[53.798242,68.884668],[53.919531,68.87124],[53.970605,68.844287],[53.929297,68.811865],[53.891211,68.801514],[53.833887,68.708936],[53.758887,68.633984],[53.917676,68.536963],[53.930859,68.435547],[53.829492,68.382666],[53.690039,68.402539],[53.566699,68.36709],[53.342578,68.343213],[53.293359,68.31167],[53.260547,68.26748],[53.403125,68.256836],[53.515137,68.259668],[53.913672,68.231201],[53.967871,68.227344],[54.099219,68.259033],[54.23291,68.266309],[54.393945,68.275098],[54.476172,68.294141],[54.56123,68.273047],[54.717969,68.18418],[54.861328,68.201855],[54.923047,68.373828],[55.150879,68.480029],[55.418066,68.567822],[55.675293,68.575879],[55.924609,68.637305],[56.043652,68.648877],[56.275684,68.624072],[56.620215,68.619043],[56.909375,68.566699],[57.126855,68.554004],[57.444336,68.641504],[58.173047,68.889746],[58.237012,68.833936],[58.353906,68.916211],[58.918945,69.003809],[59.057324,69.006055],[59.059863,68.972559],[59.110156,68.896289],[59.22041,68.849609],[59.370508,68.738379],[59.29834,68.708447],[59.222559,68.691309],[59.112305,68.616309],[59.099023,68.444336],[59.310742,68.400293],[59.604297,68.351123],[59.725684,68.351611],[59.827539,68.380322],[59.858789,68.396045],[59.897363,68.421924],[59.922852,68.471338],[59.941406,68.510498],[59.865137,68.604932],[59.895996,68.706348],[60.160254,68.699512],[60.48916,68.728955],[60.637695,68.787012],[60.815137,68.895215],[60.933594,68.986768],[60.858594,69.145508],[60.664551,69.110254],[60.337305,69.457031],[60.170605,69.590918],[60.276465,69.652637],[60.558691,69.692334],[60.812988,69.821143],[60.909082,69.847119],[61.015918,69.851465],[61.770508,69.763037],[62.63125,69.743115],[63.361426,69.675293],[64.19043,69.534668],[64.592188,69.435645],[64.928516,69.325391],[64.896289,69.247803],[65.031543,69.269824],[65.326758,69.201367],[65.52793,69.173438],[65.735742,69.132324],[65.812695,69.077002],[66.084766,69.036328],[66.365625,68.961328],[66.416113,68.947852],[66.756445,68.891992],[67.002441,68.873584],[67.149219,68.753955],[67.639648,68.579297],[67.730762,68.513672],[68.156934,68.403662],[68.371191,68.314258],[68.504199,68.348438],[68.829492,68.567432],[69.024316,68.817969],[69.140527,68.950635],[68.924414,68.956201],[68.762891,68.917383],[68.65957,68.927393],[68.542773,68.96709],[68.355078,69.067578],[68.117383,69.23623],[68.073047,69.420801],[68.005859,69.480029],[67.774316,69.52998],[67.624121,69.584424],[67.064453,69.693701],[66.964063,69.655566],[66.93418,69.59668],[66.89668,69.553809],[66.840234,69.60918],[66.804004,69.659229],[66.80293,69.740137],[66.832227,69.842187],[66.926367,70.014258],[67.069043,70.005615],[67.144434,70.030615],[67.239258,70.108057],[67.197461,70.171631],[67.146484,70.219922],[67.156836,70.295117],[67.246875,70.500098],[67.284766,70.738721],[67.211523,70.798438],[67.143359,70.837549],[66.822461,70.797363],[66.702246,70.818506],[66.675195,70.864697],[66.666113,70.900586],[66.758789,70.962354],[66.84707,71.063721],[66.692578,71.041699],[66.639648,71.081396],[66.768066,71.139893],[66.917578,71.282373],[67.274219,71.347852],[67.541797,71.412012],[67.959375,71.548389],[68.269238,71.682812],[68.469434,71.852637],[68.607422,72.012744],[68.829688,72.391553],[69.039062,72.669922],[69.391406,72.955518],[69.611816,72.981934],[69.694336,72.977539],[69.708984,72.956396],[69.658789,72.931836],[69.645117,72.897559],[69.738281,72.884961],[69.8875,72.882568],[70.172168,72.901172],[70.655371,72.890381],[71.500195,72.913672],[71.616992,72.9021],[71.92959,72.819678],[72.100977,72.829004],[72.446387,72.790332],[72.633789,72.744482],[72.812109,72.691406],[72.787402,72.482959],[72.75293,72.343164],[72.624414,72.079443],[72.574121,72.012549],[72.375,71.821631],[72.279492,71.695508],[72.129688,71.60918],[71.912012,71.547949],[71.884375,71.511377],[71.867285,71.457373],[72.079297,71.306689],[72.581348,71.151123],[72.704492,70.963232],[72.731641,70.822852],[72.7,70.457324],[72.65332,70.403418],[72.561914,70.345557],[72.469434,70.274951],[72.529688,70.17251],[72.599414,69.793213],[72.615625,69.484033],[72.557324,69.378418],[72.527051,69.154248],[72.527344,69.080518],[72.576758,68.968701],[72.67832,68.874854],[72.811914,68.815234],[73.190723,68.706787],[73.548047,68.574512],[73.573438,68.532617],[73.591699,68.481885],[73.465234,68.430762],[73.266406,68.294482],[73.139453,68.181348],[73.129395,68.090918],[73.173047,67.973047],[73.152148,67.865039],[73.066797,67.766943],[72.94873,67.69624],[72.594336,67.586963],[71.847461,67.007617],[71.668164,66.939697],[71.365234,66.961523],[71.448926,66.878955],[71.551172,66.760449],[71.539551,66.683105],[71.341992,66.686719],[71.065625,66.604492],[70.939453,66.548145],[70.724902,66.519434],[70.561426,66.548682],[70.382812,66.60249],[70.408887,66.647607],[70.442578,66.668262],[70.567969,66.700879],[70.690723,66.745312],[70.630762,66.754199],[70.579102,66.75376],[70.443945,66.697314],[70.283398,66.685791],[70.09375,66.754346],[69.948633,66.82998],[69.877148,66.845459],[69.74043,66.8146],[69.217773,66.828613],[69.078711,66.815918],[69.013477,66.78833],[69.051172,66.766357],[69.091113,66.723584],[69.143945,66.640723],[69.194336,66.578662],[69.412012,66.510742],[69.700977,66.48457],[69.982422,66.401416],[70.339453,66.342383],[71.145508,66.36665],[71.358008,66.359424],[71.565625,66.33374],[71.916992,66.246729],[72.067578,66.25332],[72.321582,66.332129],[72.383984,66.506543],[72.417383,66.560791],[73.341602,66.806836],[73.513574,66.861084],[73.79209,66.995312],[73.883301,67.084961],[73.98623,67.327686],[74.074512,67.414111],[74.676074,67.694629],[74.769531,67.766357],[74.787305,67.89751],[74.778223,67.985938],[74.742676,68.073535],[74.632422,68.218311],[74.51123,68.303076],[74.391406,68.420605],[74.480957,68.658887],[74.57959,68.751221],[75.124609,68.861719],[75.589551,68.901172],[76.10752,68.975732],[76.316016,68.991504],[76.45918,68.978271],[76.605762,68.897607],[76.735059,68.776904],[77.111719,68.596191],[77.238477,68.46958],[77.261035,68.315576],[77.248438,67.941016],[77.174414,67.778516],[77.325098,67.735645],[77.395605,67.698682],[77.579199,67.643945],[77.675098,67.5896],[77.771582,67.570264],[77.985547,67.55918],[78.589551,67.578467],[78.922461,67.589111],[78.887598,67.613135],[78.839063,67.631201],[78.559082,67.639111],[78.16123,67.678369],[77.588281,67.751904],[77.520117,67.909619],[77.535937,68.007666],[77.664844,68.190381],[77.756836,68.222363],[77.868262,68.234717],[77.995117,68.259473],[77.958691,68.377051],[77.906836,68.482275],[77.785254,68.630469],[77.650684,68.903027],[77.466309,68.905127],[77.32832,68.958643],[76.644922,69.117383],[76.000977,69.235059],[75.561133,69.251807],[75.42002,69.238623],[75.053516,69.116309],[74.814844,69.090576],[74.362598,69.14458],[73.977441,69.114648],[73.836035,69.143213],[73.775684,69.198242],[73.890918,69.417969],[73.832715,69.503906],[73.663281,69.61709],[73.560156,69.707227],[73.578125,69.802979],[73.830176,70.175684],[73.937402,70.272852],[74.206738,70.445459],[74.343359,70.578711],[74.310938,70.653613],[73.731543,71.068701],[73.576563,71.216504],[73.507227,71.263525],[73.365234,71.319775],[73.150488,71.385205],[73.08623,71.444922],[73.671777,71.845068],[73.939453,71.914746],[74.31123,71.957813],[74.489063,71.997021],[74.804102,72.077393],[74.992188,72.144824],[75.053223,72.199219],[75.089941,72.263135],[75.09707,72.420654],[75.060352,72.548779],[75.008008,72.619434],[74.896875,72.710107],[74.786816,72.811865],[74.864941,72.838428],[74.942188,72.853809],[75.152441,72.852734],[75.369336,72.796631],[75.474902,72.68501],[75.603516,72.581055],[75.603125,72.512158],[75.591406,72.457227],[75.644336,72.382275],[75.691113,72.35],[75.741406,72.29624],[75.694434,72.253516],[75.644336,72.232324],[75.550195,72.170801],[75.394531,71.983203],[75.273828,71.958936],[75.247461,71.813379],[75.503223,71.654639],[75.468555,71.534375],[75.417188,71.494678],[75.280273,71.430078],[75.298047,71.378467],[75.332031,71.341748],[75.733594,71.265918],[76.110449,71.218555],[76.741992,71.202051],[76.929004,71.127881],[76.995215,71.181055],[77.589648,71.16792],[78.068262,70.986328],[78.320605,70.93042],[78.525781,70.911816],[78.942187,70.933789],[79.01543,70.950195],[79.083887,71.002002],[78.888672,70.997168],[78.803516,70.973535],[78.723926,70.975977],[78.587695,70.993896],[78.491406,71.025391],[78.386523,71.087109],[78.212598,71.266309],[77.908398,71.324072],[77.706641,71.300586],[77.481055,71.311572],[77.113672,71.409375],[76.871191,71.446582],[76.433398,71.55249],[76.312109,71.595459],[76.215723,71.682861],[76.103613,71.829004],[76.032422,71.9104],[76.124023,71.926611],[76.42168,72.006006],[76.871387,72.033008],[77.061328,72.004199],[77.550781,71.84209],[77.777539,71.836426],[78.186914,71.90708],[78.232422,71.952295],[78.14082,72.044678],[78.016406,72.092041],[77.780664,72.114307],[77.492871,72.071729],[77.41084,72.107764],[77.439746,72.156543],[77.471582,72.192139],[77.625293,72.201416],[77.733203,72.229199],[77.968164,72.328711],[78.225391,72.377441],[78.482617,72.394971],[79.42207,72.380762],[79.953906,72.223047],[80.474023,72.153125],[80.699219,72.098291],[80.7625,72.08916],[80.814746,72.054297],[80.856055,71.970215],[81.51123,71.746143],[81.661621,71.715967],[82.079883,71.706836],[82.547266,71.758594],[82.757812,71.764111],[82.986133,71.748682],[83.106641,71.720508],[83.233594,71.668164],[83.165527,71.602197],[83.105664,71.562451],[82.977051,71.451367],[82.917969,71.419922],[82.493164,71.292871],[82.322852,71.26001],[82.276953,71.093457],[82.254297,71.056201],[82.23916,70.997705],[82.316016,70.879443],[82.335938,70.807373],[82.270703,70.706738],[82.163184,70.598145],[82.182422,70.511475],[82.221191,70.395703],[82.23584,70.430273],[82.231445,70.48291],[82.258398,70.543604],[82.45166,70.690088],[82.59248,70.889941],[82.737793,70.94209],[82.869141,70.954834],[83.010156,70.89541],[83.051074,70.815234],[83.058398,70.694727],[83.030176,70.580518],[82.919824,70.407422],[82.74248,70.286475],[82.682324,70.217725],[82.767285,70.154053],[82.856543,70.104541],[82.961035,70.088281],[83.080762,70.093018],[83.10957,70.10957],[83.132031,70.157178],[83.094141,70.221094],[83.073828,70.276709],[83.293457,70.321338],[83.49707,70.345264],[83.659863,70.418359],[83.700488,70.466406],[83.735938,70.546484],[83.65127,70.672217],[83.578906,70.765918],[83.333887,70.988525],[83.15127,71.103613],[83.266016,71.275879],[83.457617,71.467529],[83.531055,71.514258],[83.550488,71.543652],[83.571289,71.594385],[83.553516,71.649805],[83.534375,71.683936],[83.34043,71.827539],[83.200293,71.874707],[82.755078,71.902832],[82.64541,71.925244],[82.319141,72.071826],[82.280664,72.105127],[82.209277,72.211182],[82.183594,72.237549],[82.093652,72.26543],[81.792871,72.326611],[81.58623,72.351709],[81.282715,72.358838],[81.098145,72.389746],[80.827051,72.488281],[80.797754,72.519971],[80.719629,72.6479],[80.65625,72.712012],[80.675391,72.75918],[80.77373,72.860791],[80.841602,72.94917],[80.757422,73.025244],[80.638672,73.04917],[80.509668,73.086084],[80.455469,73.155225],[80.424512,73.231152],[80.418945,73.289648],[80.398047,73.356836],[80.458301,73.413721],[80.595898,73.474023],[80.561914,73.51499],[80.583203,73.568457],[81.468848,73.64043],[81.816992,73.658838],[83.544727,73.666504],[83.666992,73.686475],[84.417383,73.722021],[84.737891,73.762842],[85.077441,73.719531],[85.200586,73.721533],[85.44834,73.734619],[85.611426,73.821582],[85.979297,73.856934],[86.591406,73.894287],[86.892969,73.887109],[86.961328,73.860742],[87.029492,73.82417],[86.697656,73.716846],[86.365918,73.619775],[86.094141,73.57832],[85.827051,73.492773],[85.800488,73.458936],[85.792578,73.43833],[85.802441,73.37168],[85.818164,73.326953],[86.098145,73.272607],[86.30791,73.195752],[86.514355,73.140479],[86.677051,73.106787],[86.715039,73.12583],[86.12168,73.306738],[85.970801,73.34707],[85.910059,73.39043],[85.938965,73.456494],[85.998926,73.48584],[86.092383,73.519141],[86.155078,73.534668],[86.37627,73.568848],[87.120117,73.615039],[87.294434,73.704688],[87.369531,73.755908],[87.571191,73.810742],[87.503223,73.832471],[87.3375,73.846045],[87.209668,73.878662],[86.69707,74.195312],[86.571094,74.24375],[86.177832,74.279395],[86.001367,74.316016],[86.18291,74.423047],[86.395801,74.450098],[86.538477,74.444238],[86.664746,74.414258],[86.897949,74.325342],[87.229688,74.363867],[87.106152,74.403564],[86.894238,74.449707],[86.700098,74.522461],[86.425684,74.585498],[86.116113,74.628564],[85.791016,74.645117],[85.880762,74.740234],[86.058887,74.728223],[86.119531,74.757422],[86.20127,74.816211],[86.651465,74.682422],[86.862891,74.717871],[87.041797,74.778857],[87.419336,74.940918],[87.467578,75.013232],[87.287402,75.052539],[87.140723,75.072266],[86.939063,75.068115],[86.92168,75.112793],[87.005957,75.169824],[87.170801,75.191748],[87.671387,75.12959],[88.503711,75.290479],[88.733105,75.369189],[89.310254,75.470117],[89.595117,75.458252],[90.184961,75.591064],[91.004687,75.649561],[91.479492,75.649658],[91.84541,75.723682],[92.40752,75.749658],[92.602539,75.779102],[93.549805,75.854102],[94.075195,75.912891],[94.156348,75.959229],[93.687012,75.921582],[93.574023,75.956299],[93.475488,75.932861],[93.406055,75.90127],[93.178125,75.958984],[93.116309,75.944629],[93.068652,75.912842],[92.986621,75.902686],[92.89043,75.909961],[92.858594,75.979492],[92.971582,76.075098],[93.104883,76.02583],[93.259277,76.098779],[93.35957,76.100732],[93.648438,76.05415],[93.842871,76.101318],[94.102344,76.123584],[94.388281,76.102783],[94.506738,76.107959],[94.575586,76.151758],[95.038477,76.113525],[95.359277,76.1396],[95.578711,76.137305],[95.919922,76.113135],[96.075488,76.081982],[95.986035,76.009668],[95.65332,75.892188],[95.743848,75.872314],[95.934766,75.926025],[96.508594,76.005566],[96.600586,75.989893],[96.537695,75.921631],[96.49707,75.891211],[96.879199,75.931055],[97.205469,76.018701],[97.350684,76.033398],[97.499219,75.980225],[97.637695,76.029053],[97.669824,76.078027],[97.918359,76.088672],[98.02002,76.133691],[98.194629,76.166406],[98.341992,76.180566],[98.662012,76.242676],[98.771289,76.224023],[98.984668,76.207568],[99.187305,76.177637],[99.562695,76.109326],[99.615625,76.082324],[99.663184,76.078027],[99.77041,76.02876],[99.689258,75.956348],[99.602344,75.852051],[99.442187,75.803174],[99.540723,75.798584],[99.609375,75.811279],[99.7375,75.880664],[99.851367,75.930273],[99.825391,76.135937],[99.616797,76.240186],[99.460645,76.275098],[99.093848,76.384326],[98.969531,76.430811],[98.805664,76.480664],[98.869434,76.50957],[99.57627,76.471436],[99.935742,76.489893],[100.322363,76.47915],[100.84375,76.525195],[101.060742,76.477246],[101.310742,76.478906],[101.597754,76.439209],[101.683789,76.485498],[101.212988,76.535693],[101.002637,76.530518],[100.928027,76.556738],[101.00625,76.615088],[101.099316,76.704004],[101.008203,76.781348],[100.92041,76.82251],[100.905859,76.900684],[100.989941,76.990479],[101.185742,77.028564],[101.292871,77.101562],[101.517676,77.198096],[102.610156,77.508545],[103.131445,77.626465],[103.33125,77.641064],[103.560742,77.631934],[104.014551,77.73042],[104.184863,77.730469],[104.814258,77.6521],[104.965234,77.594727],[105.308984,77.549219],[105.710254,77.525244],[105.894531,77.488867],[105.983398,77.447607],[106.05957,77.390527],[105.73418,77.352002],[105.38457,77.237842],[104.911914,77.174707],[104.323633,77.132666],[104.202441,77.101807],[105.320215,77.092334],[105.645898,77.100684],[105.712012,77.001465],[105.822168,76.99751],[106.14541,77.045312],[106.338672,77.047852],[106.705078,77.01377],[106.783691,77.031787],[106.941602,77.034375],[107.278906,76.990967],[107.429785,76.926563],[107.190234,76.822021],[106.940918,76.730469],[106.63877,76.573389],[106.545508,76.586279],[106.384668,76.589453],[106.413574,76.512256],[106.683203,76.514697],[106.825391,76.480078],[107.157715,76.524072],[107.624219,76.510107],[107.722168,76.522314],[107.902246,76.569678],[107.949902,76.660645],[108.02793,76.718457],[108.181641,76.737842],[108.352051,76.719531],[108.638379,76.720117],[109.369336,76.749219],[109.981152,76.711865],[110.471484,76.758398],[111.114844,76.723047],[111.39248,76.68667],[111.600586,76.622314],[111.786133,76.603564],[111.938672,76.553418],[112.093945,76.480322],[112.016797,76.420557],[111.942676,76.380469],[112.142773,76.423975],[112.29707,76.434668],[112.413281,76.408301],[112.619531,76.383545],[112.68418,76.218848],[112.742578,76.186914],[112.798438,76.129639],[112.721875,76.077197],[112.65625,76.053564],[112.818945,76.058594],[113.04668,76.114111],[113.094043,76.13291],[113.150391,76.174512],[113.066016,76.215234],[112.987988,76.239746],[113.086035,76.258105],[113.272656,76.25166],[113.365527,76.178857],[113.427734,76.112109],[113.563867,75.89165],[113.857227,75.921289],[113.870996,75.856006],[113.74873,75.704785],[113.619922,75.592676],[113.567578,75.568408],[113.485938,75.563965],[113.517188,75.621875],[113.469043,75.656689],[113.391602,75.677881],[113.126367,75.698682],[112.629199,75.8354],[112.49668,75.849902],[112.466113,75.843652],[112.453027,75.830176],[112.72959,75.737646],[112.955664,75.571924],[113.161523,75.620508],[113.242969,75.611426],[113.35625,75.534277],[113.558887,75.502051],[113.726172,75.450635],[113.613574,75.292969],[112.924902,75.015039],[112.191992,74.853174],[111.868262,74.740039],[111.299023,74.658447],[110.892773,74.548096],[110.373535,74.466064],[110.225879,74.378662],[109.840332,74.321973],[109.866406,74.293066],[109.911328,74.261328],[109.863867,74.208887],[109.810254,74.169189],[109.51084,74.088818],[109.075,74.032324],[108.199512,73.694092],[107.76543,73.625],[107.271094,73.621045],[107.166992,73.589404],[106.794238,73.37666],[106.679395,73.330664],[106.188672,73.308008],[105.677148,72.959277],[105.392773,72.841016],[105.143945,72.777051],[105.402734,72.789941],[105.708203,72.83667],[106.066699,72.949854],[106.15957,73.002002],[106.208789,73.060547],[106.315039,73.106396],[106.47793,73.139404],[107.108789,73.177295],[107.36875,73.163135],[107.750391,73.173145],[108.00127,73.235596],[108.150977,73.25791],[108.285352,73.265869],[108.351465,73.310205],[108.575391,73.319043],[109.089941,73.378418],[109.165625,73.399609],[109.331055,73.487451],[109.637109,73.454004],[109.855273,73.472461],[110.428711,73.628906],[110.77334,73.68916],[110.868164,73.730713],[110.799219,73.759766],[110.722363,73.779932],[110.388281,73.726025],[110.091211,73.708545],[109.752734,73.722559],[109.706738,73.74375],[109.665625,73.800244],[109.774121,73.88125],[109.869141,73.930615],[110.083887,73.994385],[110.261426,74.017432],[110.920117,73.9479],[111.05625,73.939355],[111.130859,74.052832],[111.341406,74.047363],[111.550586,74.028516],[111.459961,74.004834],[111.228125,73.968555],[111.299512,73.884863],[111.400391,73.827734],[111.803711,73.745264],[112.147266,73.708936],[112.4,73.711133],[112.79541,73.746094],[112.855957,73.771143],[112.939648,73.835645],[112.835938,73.962061],[112.934961,73.945703],[113.032813,73.913867],[113.181543,73.837402],[113.326855,73.707422],[113.416211,73.647607],[113.364453,73.582764],[113.156934,73.45957],[113.276953,73.391504],[113.490918,73.346094],[113.487598,73.145117],[113.474609,73.047852],[113.369336,72.941895],[113.247363,72.897217],[113.127832,72.830664],[113.158203,72.769482],[113.186133,72.730176],[113.312207,72.657373],[113.664551,72.634521],[113.711914,72.65415],[113.630078,72.6771],[113.391406,72.711035],[113.298145,72.738867],[113.215527,72.805859],[113.311523,72.87832],[113.41748,72.932178],[113.542773,73.054346],[113.581445,73.142236],[113.558887,73.232617],[113.63916,73.273584],[113.765234,73.317969],[113.829297,73.326562],[113.88623,73.345801],[113.795117,73.367432],[113.711328,73.378564],[113.539453,73.433643],[113.510352,73.50498],[113.856934,73.533398],[114.060547,73.584668],[114.816016,73.607178],[115.337695,73.702588],[116.495508,73.676074],[117.308594,73.59917],[118.450195,73.589795],[118.870898,73.537891],[118.91123,73.518359],[118.936426,73.481201],[118.754492,73.464502],[118.457031,73.464404],[118.376563,73.367236],[118.430273,73.246533],[118.960352,73.117285],[119.425293,73.063965],[119.750391,72.979102],[119.92168,72.971338],[120.597949,72.981104],[120.997168,72.936719],[121.354297,72.97085],[121.747852,72.969678],[121.886035,72.960889],[122.029785,72.897217],[122.260156,72.880566],[122.5375,72.877783],[122.69209,72.89082],[122.751953,72.906494],[122.730859,72.931299],[122.501953,72.970654],[122.526758,73.016699],[122.615234,73.02793],[122.999316,72.964648],[123.160352,72.954883],[123.301172,73.001807],[123.40459,73.085645],[123.461621,73.144189],[123.521875,73.1729],[123.572461,73.177344],[123.622266,73.193262],[123.500977,73.261621],[123.383887,73.347314],[123.355273,73.40249],[123.322656,73.430811],[123.305078,73.53291],[123.416211,73.636865],[123.491113,73.666357],[123.796875,73.626758],[123.933887,73.689307],[124.019043,73.712305],[124.388086,73.754834],[124.541211,73.75127],[124.796289,73.711768],[125.61709,73.520605],[125.598535,73.447412],[125.794434,73.468457],[125.887891,73.498096],[126.107422,73.51748],[126.254492,73.548193],[126.295996,73.53667],[126.344922,73.506299],[126.308887,73.463672],[126.257422,73.419775],[126.29248,73.394189],[126.335449,73.38877],[126.552539,73.334912],[126.838477,73.43418],[126.955176,73.528223],[127.031348,73.547461],[127.740332,73.481543],[127.955078,73.445557],[127.996875,73.425635],[128.025684,73.390771],[128.141699,73.352393],[128.281445,73.330566],[128.26416,73.300732],[128.257812,73.26748],[128.587012,73.262402],[128.730469,73.233398],[128.888672,73.190234],[128.87168,73.139355],[128.913379,73.110596],[129.05918,73.10752],[129.100586,73.112354],[129.053711,73.04541],[128.853516,72.972607],[128.735254,72.943262],[128.599023,72.895166],[128.674023,72.885889],[129.017285,72.872461],[129.229102,72.775732],[129.250391,72.705176],[129.117578,72.676953],[128.815332,72.585889],[128.633398,72.550146],[128.508496,72.547314],[128.418262,72.535156],[128.549414,72.49585],[129.116602,72.485742],[129.281348,72.437695],[129.411719,72.315479],[129.410645,72.166309],[129.283496,72.092041],[128.934961,72.079492],[128.475195,72.245557],[128.196973,72.309619],[127.803418,72.434033],[127.726074,72.413184],[127.841406,72.308252],[128.026563,72.25],[128.358789,72.08833],[128.911426,71.755322],[129.040137,71.782422],[129.116602,71.824609],[129.154199,71.878662],[129.121582,71.953223],[129.210254,71.916943],[129.291797,71.850195],[129.46084,71.739307],[129.23418,71.744824],[128.949023,71.707568],[128.843262,71.663477],[128.922656,71.601758],[129.134277,71.592871],[129.224512,71.508838],[129.389844,71.404883],[129.761914,71.119531],[130.025977,71.065381],[130.28125,70.947314],[130.537109,70.892529],[130.668457,70.88833],[130.757129,70.962354],[130.831934,70.935889],[130.898047,70.803564],[131.021582,70.746094],[131.157422,70.742188],[131.268262,70.765527],[131.432324,70.828271],[131.562012,70.901025],[131.769043,71.101416],[131.906445,71.202637],[132.035352,71.244043],[131.99082,71.293213],[132.003711,71.350195],[132.098828,71.483984],[132.227637,71.642773],[132.325781,71.726221],[132.562305,71.895313],[132.653906,71.925977],[132.71582,71.871484],[132.768555,71.79873],[132.803613,71.767578],[132.839258,71.755176],[133.130859,71.606689],[133.426172,71.490967],[133.688867,71.434229],[134.102832,71.378955],[134.702734,71.386816],[134.813867,71.460596],[135.022363,71.515039],[135.359375,71.543506],[135.55918,71.610352],[135.884766,71.630566],[136.090332,71.61958],[136.406152,71.570752],[137.11582,71.415674],[137.31543,71.359424],[137.41748,71.299023],[137.650586,71.208154],[137.797852,71.163916],[137.939648,71.133398],[137.991699,71.142725],[137.97373,71.168652],[137.901953,71.194043],[137.844043,71.226807],[138.012695,71.26084],[138.03252,71.28584],[138.090625,71.307422],[138.314063,71.325537],[138.097168,71.358594],[138.022168,71.363428],[137.918359,71.384082],[137.927344,71.429785],[137.995703,71.463525],[138.04834,71.525977],[138.118457,71.566162],[138.23418,71.596338],[138.318066,71.602832],[138.525195,71.562744],[138.67002,71.634814],[138.780176,71.629004],[139.004883,71.556055],[139.209375,71.444775],[139.320215,71.444727],[139.632129,71.489258],[139.98418,71.491504],[139.93877,71.557666],[139.695117,71.700439],[139.722949,71.884961],[139.552344,71.926709],[139.359277,71.951367],[139.640234,71.99834],[139.84707,72.148584],[140.014063,72.162109],[140.187695,72.191309],[140.134375,72.209619],[139.616992,72.225684],[139.505273,72.207666],[139.430469,72.163477],[139.176367,72.163477],[139.14502,72.264404],[139.14082,72.329736],[139.473633,72.466504],[139.601172,72.496094],[140.450586,72.493115],[140.705078,72.518945],[141.079297,72.586914],[140.983203,72.630029],[140.972852,72.716992],[140.652344,72.842822],[140.675977,72.871631],[140.708105,72.890039],[140.808203,72.890967],[141.309766,72.857715],[141.518359,72.788672],[142.061426,72.720801],[143.51582,72.698242],[143.680957,72.673193],[144.303906,72.643018],[144.568652,72.609912],[145.199316,72.570215],[145.485742,72.54209],[145.71416,72.497363],[146.083301,72.471387],[146.25293,72.442236],[146.234766,72.349707],[145.46709,72.362061],[145.212891,72.392676],[144.897461,72.39624],[144.776367,72.382275],[144.587598,72.305518],[144.360938,72.265332],[144.169238,72.258789],[144.294922,72.192627],[144.470703,72.174756],[145.03916,72.259863],[146.594141,72.302441],[146.831836,72.29541],[146.807031,72.236572],[146.599219,72.123535],[146.40166,72.035498],[146.113281,71.944971],[146.005859,71.945459],[146.230273,72.1375],[146.137305,72.146484],[146.051465,72.142285],[145.799414,72.221875],[145.758594,72.225879],[145.709668,72.206348],[145.710156,72.177588],[145.664062,72.066992],[145.756738,72.020654],[145.756738,71.941309],[145.407227,71.890137],[145.271191,71.894629],[145.125781,71.927148],[145.063965,71.926074],[145.046875,71.901025],[145.077734,71.854639],[145.07373,71.830859],[145.017871,71.793701],[144.989648,71.753369],[145.075586,71.707373],[145.188574,71.695801],[145.804785,71.746484],[146.073242,71.80835],[146.367969,71.92207],[146.894727,72.19751],[147.127051,72.292041],[147.261816,72.327881],[147.433984,72.340918],[148.402051,72.311963],[148.964844,72.252344],[149.501563,72.164307],[149.766211,72.09126],[149.963086,71.992188],[149.998145,71.950488],[150.016895,71.895654],[149.881055,71.843018],[149.279688,71.825537],[149.04873,71.795752],[148.965332,71.762793],[148.954883,71.744141],[148.92334,71.714648],[148.968164,71.690479],[149.237891,71.687939],[149.498047,71.664014],[149.857129,71.601465],[149.912695,71.580713],[150.026465,71.521338],[150.06084,71.51084],[150.599805,71.520117],[150.634863,71.498877],[150.667773,71.455225],[150.525098,71.38584],[150.384766,71.338818],[150.097656,71.226562],[150.242969,71.267188],[150.82168,71.362891],[150.967773,71.380469],[151.145313,71.37373],[151.582422,71.286963],[151.759766,71.217822],[152.092773,71.023291],[151.999805,71.00249],[151.762012,70.982471],[152.508789,70.834473],[152.79834,70.835645],[153.460645,70.878613],[153.794141,70.87998],[154.413965,70.974463],[155.029492,71.034229],[155.595898,71.038623],[155.895215,71.095508],[156.68457,71.09375],[157.447363,71.074512],[158.037012,71.039258],[158.702148,70.93501],[159.350684,70.790723],[159.72793,70.649658],[159.804688,70.604932],[159.911816,70.506104],[159.958594,70.423633],[160.006445,70.309668],[159.983398,70.221387],[159.889648,70.158789],[159.831445,70.081445],[159.83916,69.98999],[159.729395,69.870215],[159.83252,69.784961],[160.119141,69.729785],[160.739453,69.655176],[160.910742,69.606348],[160.928906,69.458545],[160.982031,69.334473],[161.035547,69.098193],[161.14082,69.038867],[161.309863,68.982275],[161.340625,68.905176],[161.129004,68.653857],[160.99668,68.60752],[160.856055,68.53833],[161.104492,68.5625],[161.230176,68.653906],[161.365137,68.822998],[161.495313,68.849854],[161.565625,68.905176],[161.565625,69.063965],[161.480078,69.201709],[161.480078,69.300098],[161.536914,69.379541],[161.945117,69.545117],[162.166016,69.611572],[162.375684,69.649072],[162.944629,69.682764],[163.201367,69.714746],[163.498047,69.693262],[163.705273,69.701807],[163.945996,69.735156],[164.15957,69.719287],[164.513281,69.609131],[165.760742,69.584424],[165.980469,69.545996],[166.820312,69.499561],[166.884375,69.499902],[167.073145,69.554443],[167.628125,69.740332],[167.856836,69.728223],[167.950098,69.69917],[168.047656,69.625635],[168.15,69.577393],[168.22998,69.447021],[168.303027,69.271484],[168.423047,69.239502],[168.587598,69.228369],[168.946191,69.16333],[169.310645,69.079541],[169.414648,68.919629],[169.609863,68.786035],[170.065625,68.798682],[170.537598,68.825391],[170.99541,69.045312],[170.99668,69.134717],[170.883789,69.263623],[170.71416,69.388232],[170.582227,69.58335],[170.160938,69.626563],[170.201172,69.683203],[170.35957,69.750977],[170.503125,69.856543],[170.525391,69.937891],[170.486816,70.107568],[170.867969,70.096045],[171.24668,70.076123],[171.970508,70.000342],[172.55957,69.968359],[172.869238,69.919775],[173.056348,69.864941],[173.277441,69.823828],[173.35332,69.924023],[173.438672,69.946826],[173.733398,69.891113],[173.948047,69.874121],[174.319434,69.881641],[174.785547,69.855664],[175.295605,69.860059],[175.751172,69.90415],[175.921484,69.895313],[176.10752,69.860303],[176.410449,69.768506],[176.924414,69.645996],[177.394531,69.611621],[177.933691,69.495605],[178.442773,69.452979],[178.84834,69.387207],[178.906934,69.362109],[178.925,69.325977],[178.950684,69.295801],[179.272656,69.259668],[179.868262,69.012695],[180,68.983447],[180,65.067236],[179.827344,65.03418],[179.651367,64.920947],[179.448242,64.822021],[179.15,64.781592],[178.698438,64.631104],[178.519531,64.602979],[178.285352,64.672266],[177.748633,64.717041],[177.581641,64.777881],[177.337012,64.931348],[177.251855,64.953613],[177.179199,65.014111],[176.880859,65.081934],[176.624805,65.037598],[176.413086,65.07124],[176.341016,65.047314],[176.452148,65.025244],[176.645508,65.007178],[176.940039,65.016016],[177.037305,64.999658],[177.123438,64.947021],[177.222852,64.86167],[177.148242,64.804834],[177.06875,64.78667],[176.831055,64.849219],[176.556641,64.83999],[176.429492,64.855176],[176.061133,64.960889],[175.781152,64.844043],[175.396484,64.783691],[175.097754,64.776855],[174.548828,64.683887],[174.698633,64.681445],[175.09707,64.746631],[175.330664,64.746631],[175.67793,64.782471],[175.858594,64.825293],[175.945898,64.865186],[176.056543,64.904736],[176.169238,64.884766],[176.246973,64.843018],[176.300879,64.783838],[176.350977,64.705127],[176.283203,64.663818],[176.219434,64.641943],[176.140918,64.58584],[176.507617,64.682422],[176.730957,64.624854],[176.842871,64.633789],[177.049805,64.719238],[177.3875,64.774023],[177.427441,64.763379],[177.467188,64.736816],[177.409863,64.572803],[177.43291,64.444482],[177.6875,64.304736],[177.95332,64.222266],[178.044727,64.21958],[178.130566,64.235254],[178.163965,64.309082],[178.229492,64.364404],[178.312988,64.314404],[178.381445,64.260889],[178.477148,64.127881],[178.474805,64.089014],[178.451367,64.011377],[178.536035,63.975635],[178.650293,63.965283],[178.69248,63.842334],[178.731445,63.66709],[178.681348,63.650732],[178.625977,63.650732],[178.44043,63.605566],[178.466113,63.574072],[178.653711,63.556641],[178.706445,63.521533],[178.668848,63.439941],[178.678711,63.402295],[178.744043,63.394775],[178.786719,63.442432],[178.775391,63.510254],[178.792969,63.540332],[178.918555,63.400244],[178.921484,63.34502],[179.028125,63.282422],[179.332324,63.190186],[179.388574,63.147217],[179.405078,63.077734],[179.329004,63.05791],[179.25957,63.008301],[179.302148,62.939844],[179.381055,62.883691],[179.510938,62.862793],[179.570508,62.773486],[179.570508,62.6875],[179.477246,62.613086],[179.288672,62.510352],[179.176953,62.469189],[179.133887,62.396436],[179.120703,62.320361],[179.044629,62.323682],[178.963867,62.355273],[178.019238,62.546973],[177.663086,62.582813],[177.35127,62.587451],[177.292578,62.599023],[177.295898,62.644482],[177.31582,62.685254],[177.359668,62.736963],[177.338965,62.781348],[177.29834,62.784229],[177.258691,62.750439],[177.172656,62.750342],[177.091211,62.789551],[177.023535,62.777246],[176.990039,62.722217],[176.963477,62.693262],[176.964746,62.658643],[177.008008,62.626562],[177.189648,62.591602],[177.159473,62.560986],[176.907422,62.536084],[176.702539,62.505762],[176.436523,62.41084],[176.328418,62.346045],[175.613867,62.184375],[175.441992,62.12793],[175.36582,62.121338],[175.267871,62.102393],[175.192383,62.034424],[174.797559,61.938867],[174.715039,61.9479],[174.610547,61.867627],[174.514355,61.823633],[174.284961,61.817529],[174.138867,61.795166],[173.822363,61.679395],[173.623438,61.716064],[173.390723,61.556738],[173.131836,61.406641],[173.05459,61.406201],[172.856543,61.469189],[172.806836,61.436133],[172.837891,61.375586],[172.908008,61.311621],[172.867773,61.293066],[172.789062,61.310693],[172.730664,61.314404],[172.690039,61.295166],[172.696973,61.249316],[172.584766,61.19043],[172.49707,61.185889],[172.396094,61.167383],[172.362402,61.116602],[172.392773,61.061768],[172.213281,60.997852],[172.067285,60.915674],[171.997656,60.900684],[171.917969,60.864111],[171.830566,60.837354],[171.729492,60.843115],[171.489746,60.725732],[170.949316,60.522949],[170.799316,60.496484],[170.608203,60.434912],[170.589746,60.393701],[170.588574,60.342871],[170.512305,60.259521],[170.423438,60.047803],[170.396484,60.009766],[170.350977,59.965527],[170.154102,59.986084],[169.982617,60.06709],[169.927246,60.104248],[169.897559,60.147852],[169.887012,60.21792],[169.854297,60.250244],[169.814746,60.265381],[169.618359,60.438037],[169.275684,60.556641],[169.226758,60.595947],[168.788281,60.563818],[168.670313,60.562891],[168.462793,60.592236],[168.1375,60.573926],[167.745996,60.509326],[167.626074,60.468945],[167.226758,60.406299],[166.964063,60.307031],[166.452539,59.947021],[166.331836,59.872412],[166.273047,59.85625],[166.186523,59.849463],[166.148926,59.92207],[166.136035,59.979346],[166.168359,60.088818],[166.229785,60.17832],[166.29248,60.346094],[166.308105,60.414258],[166.352148,60.484814],[166.180176,60.480371],[165.941992,60.356885],[165.583008,60.236475],[165.41582,60.205176],[165.285254,60.134912],[165.192578,60.124756],[165.08457,60.098584],[165.073633,59.945605],[165.018945,59.860742],[164.953711,59.843604],[164.854297,59.840967],[164.779395,59.874219],[164.669727,59.997461],[164.525293,60.061279],[164.440039,60.072705],[164.376855,60.058057],[164.251563,59.973779],[164.113281,59.897559],[164.135059,59.984375],[164.017578,60.017334],[163.912891,60.037061],[163.780078,60.041113],[163.743848,60.028027],[163.690039,59.978418],[163.574316,59.914062],[163.49375,59.886768],[163.409961,59.834961],[163.364844,59.781445],[163.321191,59.70542],[163.269043,59.52002],[163.272852,59.302588],[163.084863,59.131396],[163.010156,59.148291],[162.974902,59.137061],[162.940039,59.114307],[163.004297,59.020166],[162.969824,58.986475],[162.93457,58.963965],[162.847266,58.939258],[162.643359,58.799902],[162.453027,58.708594],[162.141602,58.447412],[162.049219,58.272852],[161.960059,58.076904],[162.001953,57.980957],[162.039648,57.918262],[162.097949,57.874658],[162.197461,57.82915],[162.411426,57.778369],[162.392188,57.74502],[162.391406,57.717236],[162.466992,57.766211],[162.521973,57.904102],[162.654297,57.948242],[162.718359,57.946094],[163.14502,57.837305],[163.225781,57.790381],[163.213867,57.686816],[163.187891,57.637402],[163.108789,57.564844],[162.957031,57.47749],[162.779297,57.357617],[162.762305,57.284082],[162.761523,57.243945],[162.808105,57.102783],[162.814844,57.023389],[162.791113,56.875391],[162.802637,56.811475],[162.849902,56.756836],[162.92207,56.722656],[163.046387,56.741309],[163.16543,56.725488],[163.256543,56.688037],[163.243262,56.564551],[163.294043,56.447705],[163.335547,56.23252],[163.261328,56.17373],[163.189258,56.137012],[163.047363,56.044678],[162.97168,56.033789],[162.840332,56.065625],[162.628125,56.232275],[162.713184,56.330859],[162.893262,56.399463],[162.975195,56.449023],[163.038379,56.521875],[162.944141,56.508057],[162.877637,56.476367],[162.671484,56.490088],[162.589063,56.454932],[162.488672,56.399121],[162.528223,56.260693],[162.461133,56.235498],[162.334082,56.187744],[162.146094,56.128271],[162.084961,56.089648],[161.924023,55.840381],[161.775586,55.654834],[161.723926,55.496143],[161.729395,55.358008],[161.784961,55.205322],[161.824219,55.138916],[161.996094,54.997998],[162.080273,54.886133],[162.105566,54.752148],[161.966895,54.688672],[161.725684,54.532959],[161.624805,54.51626],[161.294043,54.520557],[161.129883,54.598242],[160.935547,54.578369],[160.772656,54.541357],[160.517188,54.430859],[160.288867,54.288232],[160.074414,54.18916],[160.010156,54.130859],[159.921777,54.008398],[159.84375,53.783643],[159.870898,53.672656],[159.914258,53.62085],[159.955859,53.552197],[159.899121,53.447705],[159.897656,53.380762],[160.002148,53.274902],[160.025098,53.12959],[159.947461,53.125098],[159.771582,53.229687],[159.585938,53.237695],[159.136133,53.117139],[158.952051,53.047559],[158.74541,52.908936],[158.683691,52.9354],[158.639551,53.014795],[158.564648,53.05],[158.47207,53.032373],[158.432324,52.957422],[158.560156,52.922168],[158.608789,52.873633],[158.533691,52.688428],[158.480762,52.62666],[158.500391,52.460303],[158.493164,52.383154],[158.463477,52.30498],[158.331641,52.090869],[158.103516,51.809619],[157.823242,51.605322],[157.628906,51.53457],[157.530957,51.479883],[157.489844,51.408936],[157.202246,51.212744],[156.847461,51.006592],[156.747754,50.969287],[156.724316,51.04707],[156.713477,51.124121],[156.670801,51.226855],[156.543457,51.311621],[156.521191,51.380273],[156.500391,51.475098],[156.489844,51.913037],[156.377344,52.366553],[156.364746,52.509375],[156.228613,52.62627],[156.154395,52.747266],[156.110352,52.866162],[156.098828,53.006494],[155.950195,53.744287],[155.904883,53.928125],[155.706445,54.521484],[155.620313,54.864551],[155.563867,55.199121],[155.554883,55.348486],[155.643457,55.793555],[155.716602,56.072217],[155.98252,56.695215],[156.025391,56.752002],[156.06748,56.781592],[156.529297,57.021191],[156.728418,57.152246],[156.848828,57.290186],[156.976758,57.466309],[156.963574,57.560938],[156.948242,57.615771],[156.899902,57.676904],[156.791602,57.747949],[156.829883,57.779639],[156.871973,57.803662],[156.985742,57.830176],[157.216797,57.776807],[157.450391,57.799268],[157.666406,58.019775],[157.974609,57.985937],[158.210449,58.025293],[158.275195,58.008984],[158.321094,58.083447],[158.449414,58.162842],[158.687012,58.281348],[159.036914,58.423926],[159.210645,58.519434],[159.308398,58.610547],[159.452637,58.695947],[159.591504,58.803662],[159.847363,59.127148],[160.350391,59.394043],[160.547461,59.547363],[160.711426,59.60166],[160.855273,59.626855],[161.218945,59.845605],[161.449316,60.027344],[161.753516,60.152295],[161.845996,60.232227],[162.003613,60.420166],[162.068164,60.466406],[162.266309,60.536719],[162.713184,60.659473],[162.973145,60.78291],[163.352344,60.800439],[163.466406,60.849756],[163.585156,60.877148],[163.709961,60.916797],[163.553516,61.025635],[163.589258,61.084375],[163.619629,61.111328],[163.893359,61.240479],[164.005469,61.343799],[163.99209,61.388232],[163.972754,61.419873],[163.804395,61.461377],[163.837109,61.558252],[163.882715,61.640137],[164.019531,61.710693],[164.067969,61.873877],[164.074219,62.04502],[164.207227,62.292236],[164.2875,62.346631],[164.59834,62.470557],[164.670703,62.473779],[164.887695,62.431885],[165.124121,62.411523],[165.208105,62.373975],[165.225684,62.405762],[165.213867,62.448193],[165.280371,62.462988],[165.417383,62.44707],[165.396582,62.493896],[165.044043,62.516992],[164.792383,62.571094],[164.566992,62.675488],[164.418359,62.704639],[164.255664,62.696582],[163.331738,62.550928],[163.287109,62.511426],[163.244238,62.455371],[163.302148,62.372998],[163.258008,62.336914],[163.213281,62.313428],[163.163477,62.25957],[163.118457,62.15293],[163.131055,62.049902],[163.017676,61.891064],[163.009277,61.791504],[163.207617,61.736572],[163.257812,61.699463],[163.197852,61.644775],[163.138867,61.611426],[163.085254,61.570557],[163.047266,61.554053],[162.993945,61.544189],[162.92168,61.597705],[162.855957,61.705029],[162.752344,61.711279],[162.717871,61.695117],[162.699023,61.652588],[162.607617,61.650049],[162.506445,61.670117],[162.392578,61.662109],[162.188379,61.540674],[161.037109,60.962891],[160.915039,60.892676],[160.766602,60.75332],[160.482031,60.739844],[160.368164,60.708545],[160.287305,60.667041],[160.173633,60.638428],[160.177344,60.690723],[160.201074,60.729639],[160.225781,60.831543],[160.378906,61.025488],[160.28125,61.044775],[160.184277,61.047656],[160.004004,61.007422],[159.883105,60.943408],[159.79043,60.956641],[159.83457,61.013965],[159.949219,61.128613],[159.913965,61.234473],[159.883105,61.291797],[159.930859,61.323926],[160.162695,61.5375],[160.246875,61.647607],[160.317383,61.793359],[160.321484,61.838574],[160.309375,61.894385],[160.237793,61.903857],[160.18252,61.902832],[159.722168,61.758398],[159.552344,61.719482],[159.496289,61.781445],[159.423047,61.808057],[159.29502,61.91416],[159.189258,61.929395],[159.07666,61.922266],[158.824316,61.850244],[158.547168,61.810889],[158.333691,61.825684],[158.151563,61.764844],[158.070117,61.753613],[157.799316,61.795264],[157.469336,61.798926],[157.370703,61.74707],[157.08418,61.675684],[156.891797,61.565186],[156.790625,61.529639],[156.680273,61.480615],[156.629688,61.272461],[156.482617,61.206006],[156.344141,61.155078],[156.055957,60.995605],[155.85332,60.777148],[155.716113,60.682373],[155.427832,60.549854],[154.970801,60.37666],[154.578223,60.09502],[154.440723,59.883789],[154.389844,59.876758],[154.293066,59.83335],[154.266602,59.730371],[154.268848,59.658398],[154.20918,59.600342],[154.149805,59.528516],[154.212891,59.483398],[154.272168,59.475146],[154.357617,59.481445],[154.58252,59.540088],[154.971289,59.449609],[155.166699,59.360156],[155.153027,59.270215],[155.160449,59.190137],[155.016699,59.195605],[154.82373,59.187549],[154.703516,59.141309],[154.458008,59.216553],[154.375977,59.187842],[154.24668,59.108594],[154.010938,59.075537],[153.891699,59.11416],[153.695215,59.224756],[153.361133,59.214795],[153.272949,59.091309],[153.196094,59.094434],[153.077734,59.081885],[152.882227,58.939062],[152.817871,58.92627],[152.575586,58.954102],[152.400684,59.026416],[152.319629,59.030762],[152.165234,58.997021],[152.087891,58.910449],[151.70459,58.866699],[151.326758,58.875098],[151.121094,59.08252],[151.50498,59.164014],[151.733496,59.14668],[151.990039,59.160059],[152.260645,59.223584],[152.169531,59.27793],[152.104492,59.290576],[151.942383,59.284082],[151.798047,59.323242],[151.485742,59.524121],[151.348242,59.561133],[151.170313,59.583252],[151.033594,59.585645],[150.98252,59.571338],[150.911914,59.523047],[150.863281,59.475439],[150.823438,59.460742],[150.729492,59.469141],[150.615234,59.506543],[150.483594,59.494385],[150.539844,59.524951],[150.667285,59.556348],[150.457227,59.590723],[150.325586,59.638867],[150.202539,59.65127],[149.642578,59.77041],[149.424512,59.760986],[149.29043,59.728467],[149.065234,59.630518],[149.127734,59.558789],[149.175391,59.526758],[149.20498,59.488184],[149.133008,59.480518],[148.925,59.475],[148.79707,59.532324],[148.708887,59.448535],[148.744141,59.373535],[148.889648,59.4],[148.964648,59.369141],[148.914062,59.282715],[148.72666,59.25791],[148.491211,59.262305],[148.257422,59.414209],[147.874609,59.388037],[147.687891,59.290674],[147.514453,59.268555],[147.040039,59.365723],[146.803711,59.372949],[146.537207,59.456982],[146.444336,59.430469],[146.273438,59.221484],[146.049512,59.170557],[145.931641,59.198389],[145.829102,59.330322],[145.756445,59.37373],[145.55459,59.413525],[144.483398,59.37627],[144.123438,59.408301],[143.86875,59.411377],[143.523828,59.343652],[143.192188,59.370117],[142.580273,59.240137],[142.330371,59.152637],[142.025391,58.999658],[141.754688,58.745264],[141.60293,58.649023],[141.34707,58.528076],[140.987695,58.416846],[140.790234,58.303467],[140.684961,58.212158],[140.495117,57.86543],[140.446875,57.813672],[140.002344,57.6875],[139.861523,57.549316],[139.80332,57.51416],[139.619238,57.455713],[139.506641,57.358301],[139.443848,57.329687],[139.181641,57.261523],[138.965723,57.088135],[138.662109,56.965527],[138.217773,56.629004],[138.180078,56.588525],[138.140625,56.498682],[138.073828,56.433105],[137.691504,56.139355],[137.572949,56.112109],[137.384082,55.974756],[137.189844,55.892285],[137.012109,55.795264],[136.793555,55.694189],[136.460254,55.576709],[136.351172,55.51001],[136.175195,55.352246],[135.750781,55.160645],[135.540625,55.11377],[135.2625,54.943311],[135.234766,54.903223],[135.211523,54.84082],[135.257715,54.731494],[135.325391,54.707422],[135.437793,54.69248],[135.851562,54.583936],[136.237988,54.614062],[136.580273,54.613623],[136.714551,54.624316],[136.797266,54.620996],[136.82373,54.561475],[136.82041,54.452344],[136.77041,54.35332],[136.729395,54.060645],[136.683008,53.931299],[136.718848,53.804102],[136.802637,53.781982],[136.886426,53.839355],[137.01875,53.848145],[137.155371,53.82168],[137.258008,54.025244],[137.172461,54.056885],[137.096191,54.128564],[137.141602,54.182227],[137.377734,54.282324],[137.525098,54.291211],[137.666016,54.283301],[137.513184,54.156396],[137.45127,54.130469],[137.403418,54.123535],[137.339258,54.100537],[137.476465,54.027588],[137.622754,53.970459],[137.834766,53.946729],[137.786133,53.90332],[137.644824,53.86582],[137.516992,53.70708],[137.313672,53.631592],[137.221484,53.579199],[137.253711,53.546143],[137.32832,53.538965],[137.738184,53.560303],[137.950488,53.603564],[138.25293,53.726416],[138.378906,53.909277],[138.493555,53.959668],[138.52793,53.959863],[138.568164,53.947168],[138.569141,53.818799],[138.407031,53.67417],[138.292188,53.592432],[138.249707,53.524023],[138.320312,53.5229],[138.450684,53.537012],[138.510938,53.57002],[138.660742,53.744775],[138.699414,53.869727],[138.72168,54.04375],[138.704688,54.147656],[138.715918,54.222656],[138.657227,54.29834],[138.695703,54.32002],[139.105078,54.217822],[139.319727,54.192969],[139.707422,54.277148],[139.795508,54.256445],[139.858398,54.205322],[140.178711,54.051562],[140.241699,54.001025],[140.34707,53.812598],[140.687598,53.596436],[141.005664,53.49458],[141.015039,53.454248],[141.217676,53.334473],[141.37373,53.292773],[141.402051,53.183984],[141.32793,53.097266],[141.18125,53.015283],[140.887305,53.091504],[140.839648,53.087891],[140.874512,53.039844],[141.086816,52.897559],[141.255859,52.840137],[141.265918,52.652588],[141.24502,52.550146],[141.132422,52.435693],[141.169824,52.368408],[141.329688,52.271143],[141.409082,52.234326],[141.485254,52.178516],[141.385547,52.057227],[141.366895,51.920654],[141.258398,51.860693],[141.129395,51.727783],[140.932617,51.619922],[140.838574,51.41416],[140.687695,51.232275],[140.670703,51.051318],[140.645605,50.986768],[140.520898,50.800195],[140.476367,50.545996],[140.535449,50.130762],[140.564063,50.106689],[140.624512,50.082422],[140.613281,50.053711],[140.58457,50.03335],[140.462695,49.911475],[140.464551,49.825586],[140.511328,49.76167],[140.517188,49.596143],[140.431055,49.331494],[140.399121,49.289795],[140.364355,49.22085],[140.348633,49.15918],[140.325586,49.12002],[140.308984,49.053906],[140.333691,48.994824],[140.37832,48.964111],[140.224219,48.772852],[140.170605,48.523682],[140.113281,48.422656],[139.998438,48.323779],[139.760742,48.180566],[139.67627,48.089893],[139.520508,47.975293],[139.372656,47.887354],[139.166992,47.634863],[139.001367,47.383301],[138.586816,47.057227],[138.529688,46.976221],[138.500488,46.889844],[138.391797,46.745068],[138.336914,46.543408],[138.210156,46.462939],[138.106348,46.250732],[137.769141,45.928516],[137.685449,45.818359],[137.425195,45.63999],[137.146973,45.393506],[136.803516,45.171143],[136.737207,45.080029],[136.604102,44.978174],[136.460449,44.822119],[136.251172,44.666797],[136.208691,44.562012],[136.142285,44.489111],[135.987012,44.439844],[135.874609,44.373535],[135.533203,43.971484],[135.489063,43.898828],[135.483398,43.83501],[135.260156,43.684619],[135.131055,43.525732],[134.916992,43.426562],[134.691797,43.290576],[134.156445,43.042139],[134.010449,42.947461],[133.709375,42.829932],[133.586719,42.828223],[133.329492,42.763867],[133.159961,42.696973],[133.059375,42.722803],[132.996582,42.808008],[132.923926,42.805273],[132.863574,42.79375],[132.708984,42.87583],[132.576465,42.871582],[132.481348,42.909766],[132.303809,42.883301],[132.334375,43.238672],[132.30957,43.313525],[132.233203,43.245068],[132.028711,43.118945],[131.947266,43.09541],[131.866602,43.095166],[131.89834,43.170752],[132.013086,43.280029],[131.97627,43.296045],[131.938965,43.301953],[131.794727,43.255273],[131.72207,43.202637],[131.516406,42.996436],[131.393262,42.822314],[131.29248,42.772119],[131.245313,42.697412],[131.158301,42.626025],[131.024805,42.645166],[130.945703,42.633936],[130.756152,42.673291],[130.709375,42.656396],[130.83418,42.522949],[130.729883,42.325781],[130.687305,42.302539]]],[[[47.441992,80.853662],[47.899512,80.812695],[48.243262,80.823486],[48.345215,80.818994],[48.445703,80.806006],[48.547363,80.779053],[48.686523,80.717773],[48.683594,80.633252],[48.625488,80.629297],[48.044336,80.668164],[47.777344,80.75625],[47.705273,80.765186],[47.600098,80.741943],[47.512305,80.687939],[47.41416,80.674512],[47.303906,80.606201],[47.198242,80.614941],[47.144922,80.609033],[47.011035,80.562109],[46.677539,80.561328],[46.623926,80.540674],[46.513672,80.475537],[46.378125,80.456787],[46.141406,80.446729],[46.059863,80.483789],[46.023633,80.540869],[45.969043,80.569482],[45.64082,80.536963],[45.389258,80.560303],[45.149219,80.59873],[44.90498,80.611279],[45.124512,80.652246],[46.327441,80.735156],[46.799121,80.755225],[47.020605,80.814404],[47.352344,80.85293],[47.441992,80.853662]]],[[[50.278125,80.927246],[50.431445,80.910889],[50.801074,80.91416],[50.917676,80.89043],[51.454785,80.744678],[51.591016,80.740771],[51.703613,80.687646],[51.146191,80.603955],[50.96084,80.540479],[50.279688,80.527344],[49.845996,80.497656],[49.749805,80.47207],[49.794141,80.425342],[49.585938,80.376563],[48.896094,80.369189],[48.811035,80.353711],[48.677051,80.300049],[48.688965,80.290283],[48.921973,80.276807],[48.95957,80.265674],[48.99082,80.242383],[49.010742,80.207422],[48.977539,80.162598],[48.891895,80.155322],[48.797363,80.161133],[48.581738,80.195361],[48.55459,80.183301],[48.532617,80.158252],[48.466797,80.110107],[48.38623,80.095801],[48.167188,80.132764],[48.095898,80.122314],[48.025781,80.099463],[47.939941,80.088623],[47.737305,80.081689],[47.632422,80.111963],[47.723145,80.151367],[47.977539,80.212549],[47.892969,80.239258],[47.642383,80.245312],[47.444336,80.230127],[47.343066,80.188525],[47.248633,80.180225],[46.991016,80.182764],[46.845898,80.237207],[46.738184,80.257666],[46.644434,80.300342],[47.40293,80.444775],[47.656055,80.500537],[47.895801,80.529053],[48.208203,80.543896],[48.306152,80.561572],[48.402637,80.568799],[48.464746,80.558057],[48.625098,80.508301],[49.087793,80.515771],[49.185254,80.558643],[49.192676,80.656006],[49.147461,80.712109],[49.244336,80.821387],[49.507812,80.865332],[50.124316,80.923877],[50.278125,80.927246]]],[[[67.765332,76.237598],[67.365234,76.161279],[67.126953,76.108154],[66.893164,76.072266],[66.657422,76.047021],[66.282422,75.983691],[65.619141,75.904639],[65.201563,75.839453],[64.744531,75.788232],[64.262598,75.719678],[63.779297,75.672607],[63.659473,75.66875],[63.316699,75.603076],[63.045996,75.575732],[62.066113,75.427734],[61.616211,75.319629],[61.486523,75.31084],[61.355957,75.314844],[61.248828,75.281006],[61.147266,75.222559],[60.935645,75.163672],[60.829199,75.11084],[60.719238,75.068604],[60.655371,75.055029],[60.533789,75.059277],[60.475586,75.054736],[60.276855,75.007568],[60.241113,74.970752],[60.454883,74.946143],[60.501367,74.904639],[60.43916,74.875342],[60.300781,74.837012],[60.222461,74.796582],[60.080078,74.755859],[59.982324,74.744629],[59.747266,74.745898],[59.734668,74.695459],[59.771484,74.664453],[59.752734,74.637012],[59.674023,74.610156],[59.595996,74.613721],[59.240137,74.692969],[59.182031,74.665771],[59.157031,74.61084],[59.146094,74.551904],[59.100977,74.50752],[59.04043,74.485547],[58.928223,74.462695],[58.534668,74.498926],[58.502148,74.464209],[58.562012,74.421826],[58.645703,74.328027],[58.665039,74.289258],[58.617871,74.227393],[58.441406,74.128857],[57.767383,74.013818],[57.778418,73.973926],[57.853418,73.897852],[57.872266,73.850439],[57.844922,73.805078],[57.755957,73.769189],[57.657422,73.768164],[57.603711,73.775488],[57.448535,73.825635],[57.313086,73.838037],[57.290918,73.814551],[57.464258,73.746045],[57.542578,73.658203],[57.459766,73.610303],[57.134375,73.504395],[56.963867,73.366553],[56.63418,73.304297],[56.430371,73.297217],[56.22832,73.314111],[56.03457,73.345898],[55.549219,73.356836],[55.280176,73.392041],[55.006836,73.453857],[54.768652,73.449414],[54.56582,73.418506],[54.299902,73.350977],[54.131543,73.481006],[54.20459,73.542041],[53.838672,73.697119],[53.762891,73.766162],[53.851367,73.800537],[53.963477,73.822314],[54.174023,73.885742],[54.386328,73.935645],[54.605664,73.951318],[54.642676,73.95957],[54.733398,74.033984],[54.83125,74.095752],[54.920313,74.129102],[55.022852,74.186621],[55.340918,74.419629],[55.416406,74.436133],[56.07832,74.481299],[56.137109,74.496094],[55.947461,74.542187],[55.751758,74.541211],[55.661523,74.556104],[55.610352,74.590527],[55.582227,74.627686],[55.659668,74.656299],[55.913672,74.796094],[56.217871,74.89751],[56.49873,74.95708],[56.428516,74.972949],[56.340039,75.013477],[55.998047,75.003369],[55.863184,75.05874],[55.821191,75.090625],[55.810059,75.124902],[55.920703,75.168359],[56.035547,75.194238],[56.162207,75.186572],[56.288672,75.164307],[56.389063,75.138184],[56.485254,75.096094],[56.570312,75.097754],[56.87627,75.244385],[56.829297,75.277734],[56.809473,75.328418],[56.844434,75.351416],[56.989453,75.375098],[57.0875,75.383838],[57.301758,75.373242],[57.606836,75.34126],[57.631543,75.356445],[57.708203,75.454492],[57.783398,75.506689],[58.093652,75.592529],[58.072559,75.618994],[58.058301,75.663086],[58.418359,75.719775],[58.652734,75.776807],[58.88125,75.854785],[58.994727,75.871729],[59.110449,75.87373],[59.346582,75.907031],[59.781934,75.94585],[60.036133,75.983838],[60.118164,76.066553],[60.279297,76.09624],[60.606152,76.108643],[60.730566,76.104053],[60.801172,76.068799],[60.942188,76.071289],[60.997754,76.089258],[61.053906,76.119873],[61.036914,76.169043],[61.034375,76.232959],[61.156934,76.273535],[61.20166,76.282031],[61.569434,76.298486],[61.787109,76.291016],[62.237305,76.241602],[62.471094,76.230469],[62.782031,76.245215],[62.971484,76.23667],[63.526172,76.309521],[64.463477,76.378174],[64.707617,76.426025],[64.95,76.484326],[65.072852,76.496729],[65.197168,76.499658],[65.309766,76.51792],[65.528418,76.567822],[65.636914,76.578662],[65.755176,76.579297],[65.862891,76.61333],[65.958887,76.687939],[66.062988,76.746094],[66.345215,76.821045],[66.828809,76.923828],[67.263672,76.96377],[67.534961,77.007764],[67.651855,77.011572],[68.017285,76.990625],[68.485742,76.933691],[68.699121,76.870654],[68.87334,76.7896],[68.911719,76.760547],[68.941699,76.707666],[68.890527,76.659717],[68.858008,76.610498],[68.899805,76.572949],[68.558594,76.449414],[68.222363,76.313477],[68.16543,76.284863],[67.765332,76.237598]]],[[[55.319824,73.308301],[55.787305,73.268604],[56.137695,73.256152],[56.350488,73.225537],[56.42959,73.201172],[56.397461,73.13916],[56.334668,73.113672],[56.188965,73.033008],[56.166992,72.983203],[56.192871,72.90498],[56.170508,72.848096],[56.12168,72.806592],[56.083789,72.789404],[55.819727,72.789502],[55.723438,72.766406],[55.718457,72.721533],[55.700977,72.671729],[55.616406,72.599072],[55.441309,72.575391],[55.40332,72.549072],[55.416895,72.501318],[55.355957,72.465088],[55.35957,72.408691],[55.39043,72.377832],[55.399121,72.313623],[55.518066,72.220654],[55.494922,72.182324],[55.40332,72.106885],[55.375,72.014893],[55.297852,71.935352],[55.471094,71.869238],[55.54668,71.78335],[55.613672,71.689893],[55.819336,71.507568],[56.043164,71.345605],[56.454395,71.107373],[56.894824,70.927002],[57.065625,70.876025],[57.483594,70.792285],[57.556445,70.76582],[57.625391,70.728809],[57.447168,70.661035],[57.263672,70.636035],[57.246973,70.605127],[57.145898,70.589111],[56.648828,70.646533],[56.62168,70.655371],[56.568652,70.697461],[56.510059,70.728809],[56.385742,70.734131],[56.260059,70.714746],[56.334766,70.676709],[56.417188,70.664941],[56.561328,70.593555],[56.499707,70.566406],[56.43457,70.562988],[56.14248,70.657861],[56.114746,70.646143],[56.087109,70.618359],[55.941602,70.649268],[55.907227,70.626318],[55.796875,70.615576],[55.706738,70.641895],[55.706445,70.675244],[55.687305,70.692188],[55.236914,70.666016],[55.05166,70.666748],[54.86709,70.678125],[54.645117,70.741846],[54.608203,70.713232],[54.601172,70.680078],[54.517383,70.693311],[54.332617,70.744678],[54.199414,70.764893],[53.722363,70.814453],[53.383594,70.873535],[53.467773,70.900586],[53.613574,70.914648],[53.615625,70.95083],[53.592578,71.000684],[53.587793,71.052295],[53.670508,71.086914],[53.857031,71.07041],[53.834277,71.126709],[53.922266,71.137598],[54.093945,71.105225],[54.155664,71.125488],[53.886133,71.196289],[53.59082,71.29668],[53.622168,71.332764],[53.515234,71.342529],[53.409961,71.340137],[53.319043,71.39917],[53.33252,71.477246],[53.411621,71.530127],[53.363867,71.54165],[52.908984,71.49502],[52.678711,71.505664],[52.418848,71.536865],[52.17998,71.490234],[51.937891,71.474707],[51.812598,71.491309],[51.691602,71.525146],[51.59043,71.571143],[51.511328,71.648096],[51.438672,71.776807],[51.428613,71.825537],[51.443555,71.934375],[51.482227,71.979785],[51.58252,72.071191],[51.653125,72.099365],[51.805469,72.142139],[51.885449,72.153223],[52.068652,72.131152],[52.252051,72.129736],[52.332324,72.153955],[52.406738,72.196729],[52.461914,72.252344],[52.586133,72.284033],[52.62207,72.300977],[52.661914,72.336865],[52.705762,72.390967],[52.713867,72.436963],[52.74873,72.482959],[52.863672,72.549854],[52.823242,72.59126],[52.839063,72.619287],[52.916602,72.668896],[52.683105,72.682324],[52.60498,72.704053],[52.528516,72.737354],[52.550586,72.768555],[52.579297,72.791357],[52.812207,72.875244],[52.913184,72.899951],[53.024219,72.913574],[53.134961,72.913232],[53.253516,72.90376],[53.369824,72.916748],[53.247266,72.973145],[53.237109,73.011182],[53.188965,73.104004],[53.197949,73.147559],[53.251172,73.182959],[53.357617,73.224561],[53.512207,73.238379],[53.633691,73.260254],[53.753223,73.293262],[53.865625,73.298975],[54.091016,73.276465],[54.202344,73.281348],[54.327637,73.299463],[54.676074,73.37002],[54.803906,73.387646],[54.940625,73.383252],[55.121387,73.356836],[55.319824,73.308301]]],[[[96.526563,81.075586],[96.563086,81.030078],[96.693262,80.994189],[96.75498,80.957861],[97.413672,80.841846],[97.703027,80.826709],[97.831836,80.798291],[97.869922,80.763281],[97.856445,80.698096],[97.747168,80.698682],[97.66543,80.678076],[97.221387,80.652441],[97.113086,80.614063],[97.025391,80.535547],[97.072559,80.519873],[97.115039,80.496582],[97.250195,80.362988],[97.286816,80.342529],[97.416992,80.323145],[97.298438,80.272754],[97.175195,80.241016],[95.855762,80.176953],[94.961328,80.150391],[94.66123,80.122803],[94.565039,80.126074],[94.328418,80.076025],[93.872363,80.010107],[93.654688,80.009619],[93.002344,80.1021],[92.201563,80.179297],[92.092188,80.22334],[91.891602,80.249268],[91.637402,80.269922],[91.523828,80.358545],[91.687793,80.418506],[91.89668,80.477539],[92.24668,80.499121],[92.57793,80.533252],[92.826758,80.618555],[92.981055,80.702979],[93.2625,80.79126],[92.772949,80.768652],[92.592578,80.780859],[92.610156,80.81001],[92.710352,80.872168],[92.764648,80.893066],[92.938672,80.92583],[93.065137,80.988477],[93.358691,81.031689],[93.497363,81.039209],[93.636719,81.038135],[93.888867,81.058398],[94.140137,81.089453],[94.375488,81.107373],[94.611621,81.114648],[94.837891,81.139404],[95.060938,81.188086],[95.15957,81.270996],[95.800684,81.280469],[95.901953,81.260596],[95.983984,81.211426],[96.075195,81.192773],[96.186914,81.183936],[96.471094,81.099268],[96.526563,81.075586]]],[[[97.674512,80.158252],[97.903613,80.09502],[98.017773,80.022852],[97.906738,80.00376],[97.80791,79.956299],[97.759961,79.89585],[97.626953,79.850439],[97.591309,79.774951],[97.65166,79.760645],[97.724512,79.781396],[97.870703,79.852637],[98.064551,79.901074],[98.273242,79.874121],[98.353125,79.884326],[98.499023,79.953125],[98.471875,80.009131],[98.531836,80.043604],[98.596484,80.052197],[98.865918,80.04541],[99.294922,80.016357],[99.370703,79.986377],[99.473047,79.970166],[99.536133,79.941309],[99.726562,79.919922],[99.818359,79.898193],[99.946582,79.848975],[100.06123,79.7771],[99.91582,79.73833],[99.839258,79.668945],[99.805469,79.653076],[99.781641,79.628271],[99.771094,79.567725],[99.748828,79.515186],[99.721191,79.491846],[99.70625,79.463477],[99.721582,79.385107],[99.680664,79.32334],[99.537305,79.276562],[99.387793,79.274756],[99.16709,79.306299],[99.104395,79.305371],[99.041797,79.293018],[99.317383,79.227197],[99.517285,79.130176],[99.750781,79.107666],[99.814648,79.09585],[99.899609,79.006396],[99.929297,78.961426],[99.54082,78.852734],[99.439551,78.834229],[98.819531,78.818262],[98.411133,78.787793],[98.28252,78.79502],[98.054199,78.820996],[97.905176,78.810205],[97.688574,78.827344],[97.555469,78.826562],[97.248145,78.868018],[96.93291,78.933936],[96.871191,78.963818],[96.807813,78.984961],[96.42998,79.003027],[96.347363,79.015869],[95.796484,79.001416],[95.702832,79.012012],[95.531055,79.098096],[95.436914,79.099316],[95.133203,79.049609],[95.02041,79.052686],[94.791016,79.086621],[94.652344,79.12749],[94.631641,79.140869],[94.619727,79.192383],[94.482129,79.218604],[94.31377,79.30752],[94.21875,79.402344],[93.758594,79.451416],[93.478711,79.462744],[93.272266,79.458398],[93.070801,79.495312],[93.404688,79.631592],[93.847266,79.70166],[94.038184,79.756006],[94.257129,79.829736],[94.347266,79.941943],[94.719434,80.01123],[94.815039,80.034814],[94.946777,80.089258],[94.987305,80.096826],[95.281348,80.030518],[95.337988,80.042139],[95.390723,80.072803],[95.497559,80.105615],[95.857813,80.11001],[96.1625,80.096826],[96.277344,80.110059],[96.416602,80.104346],[97.120508,80.153027],[97.586816,80.168262],[97.674512,80.158252]]],[[[102.884766,79.253955],[102.787305,79.176416],[102.745801,79.106055],[102.447852,78.87666],[102.412305,78.835449],[102.587305,78.871289],[102.747656,78.949561],[102.844824,79.014355],[102.950391,79.055762],[103.075684,79.056494],[103.199121,79.071289],[103.433398,79.126123],[103.672852,79.15],[103.800781,79.149268],[103.925684,79.123242],[104.004004,79.062549],[104.091113,79.013184],[104.404199,78.9771],[104.449219,78.963916],[104.476953,78.92334],[104.452051,78.880029],[104.633203,78.835156],[104.881055,78.854883],[105.014648,78.843311],[105.145996,78.818848],[105.20459,78.779932],[105.256055,78.733008],[105.310156,78.666162],[105.342676,78.593945],[105.312598,78.499902],[104.832617,78.352734],[104.741797,78.339746],[104.519434,78.349219],[104.297461,78.335059],[103.719336,78.258252],[103.003125,78.255859],[102.79668,78.187891],[102.734375,78.189893],[102.673145,78.201709],[102.617188,78.224609],[102.180469,78.205322],[101.692383,78.194336],[101.204102,78.191943],[101.039941,78.142969],[100.541211,78.04751],[100.082227,77.975],[99.84502,77.956836],[99.500293,77.976074],[99.391699,78.000684],[99.287109,78.038086],[99.438672,78.083936],[99.545605,78.178564],[99.67793,78.233496],[100.018945,78.338916],[100.05752,78.380371],[100.123535,78.470459],[100.162988,78.503955],[100.215039,78.535791],[100.257227,78.573828],[100.262695,78.631494],[100.283984,78.679199],[100.416406,78.753174],[100.515625,78.787793],[100.619629,78.797412],[100.875586,78.783594],[100.955762,78.788477],[100.897949,78.812451],[100.85625,78.897754],[100.864551,78.92583],[100.901367,78.980078],[100.96543,79.006543],[101.030859,79.023291],[101.068164,79.09624],[101.052246,79.123242],[101.148828,79.156885],[101.196094,79.204443],[101.310449,79.232617],[101.543066,79.254443],[101.555273,79.312646],[101.590625,79.350439],[101.643359,79.361377],[101.761328,79.371973],[101.824219,79.370215],[101.912109,79.311621],[102.005273,79.263672],[102.128516,79.25249],[102.25127,79.256055],[102.177246,79.312598],[102.180664,79.373389],[102.225098,79.412939],[102.282422,79.430078],[102.404883,79.433203],[102.789844,79.392139],[103.041602,79.331543],[103.097949,79.299121],[103.052441,79.28252],[102.939648,79.271191],[102.884766,79.253955]]],[[[140.04873,75.828955],[140.152148,75.809814],[140.274414,75.822412],[140.389063,75.79585],[140.496289,75.689795],[140.54668,75.663184],[140.602148,75.643945],[140.656738,75.634131],[140.815918,75.630713],[140.889258,75.652002],[140.944141,75.700488],[140.94043,75.749512],[140.926563,75.798926],[140.925781,75.866846],[140.950293,75.927344],[140.985352,75.964502],[141.032617,75.988965],[141.299316,76.06377],[141.485449,76.137158],[141.742285,76.108057],[142.001465,76.043555],[142.460352,75.903613],[142.669531,75.863428],[142.926758,75.826904],[143.185156,75.813623],[143.311133,75.822314],[143.559961,75.8604],[143.68584,75.863672],[145.255273,75.585596],[145.309766,75.564063],[145.359961,75.530469],[145.023438,75.489746],[144.803125,75.416064],[144.726758,75.365576],[144.814258,75.324512],[144.883496,75.268945],[144.407813,75.102295],[144.216016,75.05918],[144.019727,75.044678],[143.625879,75.083984],[143.396094,75.082861],[143.170313,75.116895],[142.92207,75.217432],[142.820117,75.267822],[142.729492,75.337646],[142.699609,75.448877],[142.734473,75.54458],[142.867578,75.571777],[142.986035,75.633252],[143.002441,75.659863],[142.941797,75.713281],[142.551563,75.720898],[142.30791,75.691699],[142.08623,75.660645],[142.151074,75.457568],[142.198828,75.392676],[142.264746,75.346143],[142.616797,75.133252],[142.696973,75.103076],[142.929688,75.062402],[143.12793,74.970313],[142.778223,74.867773],[142.626074,74.837402],[142.472754,74.82041],[142.378418,74.828564],[142.287402,74.849902],[142.18418,74.899609],[142.1,74.950977],[141.987305,74.99126],[141.748438,74.982568],[141.52998,74.947168],[141.310449,74.923193],[140.660742,74.881836],[140.463867,74.856055],[140.267871,74.846924],[140.011035,74.894775],[139.758203,74.96377],[139.68125,74.964062],[139.605859,74.945605],[139.548047,74.904053],[139.512305,74.837793],[139.430078,74.749219],[139.325586,74.686816],[139.215332,74.659668],[139.099121,74.656543],[138.981738,74.673682],[138.865625,74.700928],[138.092285,74.797461],[138.001367,74.827002],[137.915039,74.87085],[137.683008,75.008545],[137.568066,75.040576],[137.446973,75.054199],[137.217969,75.12373],[137.00625,75.23501],[136.962305,75.270361],[136.947656,75.325537],[136.982422,75.365332],[137.166016,75.346582],[137.289746,75.348633],[137.215234,75.554395],[137.268848,75.749414],[137.358496,75.781641],[137.706543,75.75957],[137.593555,75.823389],[137.501172,75.909668],[137.560547,75.955225],[137.625391,75.988184],[137.774414,76.015674],[137.977051,76.027783],[138.038672,76.047266],[138.095996,76.080518],[138.207617,76.114941],[138.430664,76.130078],[138.813965,76.199707],[138.919531,76.196729],[139.017578,76.160107],[139.10918,76.10835],[139.211328,76.080713],[139.528516,76.013428],[139.743359,75.953076],[140.04873,75.828955]]],[[[146.795215,75.370752],[147.060352,75.364307],[147.443555,75.437988],[147.496973,75.440527],[148.432422,75.413525],[148.508887,75.387451],[148.518848,75.336475],[148.48916,75.309375],[148.475,75.272412],[148.590137,75.236377],[148.892188,75.228125],[149.083203,75.262061],[149.645313,75.24458],[150.103906,75.219238],[150.280664,75.164014],[150.417188,75.134326],[150.530566,75.099854],[150.612891,75.120166],[150.690332,75.155322],[150.756934,75.162402],[150.822363,75.156543],[150.646289,74.94458],[150.580273,74.918945],[150.33125,74.866797],[149.838086,74.795312],[149.596875,74.772607],[149.050195,74.772461],[148.296875,74.800439],[148.092383,74.825684],[147.971875,74.857324],[147.740918,74.931982],[147.626855,74.958936],[147.257031,74.984277],[147.144043,74.998437],[146.924902,75.0625],[146.70332,75.114209],[146.148535,75.198291],[146.186133,75.295557],[146.257617,75.39375],[146.342969,75.480908],[146.438477,75.558203],[146.5375,75.581787],[146.750977,75.510449],[146.748242,75.428662],[146.795215,75.370752]]],[[[178.861523,70.826416],[178.792578,70.82207],[178.648242,71.000586],[178.62832,71.047363],[178.683887,71.105664],[178.829004,71.177881],[178.891113,71.231104],[179.235059,71.324512],[179.547656,71.447656],[179.715918,71.466211],[179.886426,71.52334],[180,71.537744],[180,70.993018],[179.881348,70.975684],[179.647656,70.898926],[179.152539,70.880273],[178.861523,70.826416]]],[[[142.761035,54.393945],[142.976172,54.140967],[142.985938,54.085693],[142.96709,54.028809],[142.926563,53.955615],[142.911426,53.878369],[142.936426,53.810938],[142.917969,53.794238],[143.095508,53.488672],[143.223633,53.296045],[143.259961,53.217285],[143.287891,53.134375],[143.324707,52.963086],[143.332617,52.700049],[143.323633,52.613574],[143.295117,52.52915],[143.264258,52.478662],[143.200977,52.44292],[143.172266,52.349365],[143.155566,52.08374],[143.190625,51.944482],[143.250586,51.8479],[143.294727,51.744336],[143.299512,51.632373],[143.320508,51.583252],[143.417773,51.520605],[143.455469,51.471484],[143.467383,51.401904],[143.472949,51.299219],[143.48877,51.277051],[143.53418,51.246289],[143.736035,50.506738],[143.816016,50.282617],[144.047949,49.895752],[144.141309,49.661475],[144.199609,49.549756],[144.239941,49.432031],[144.27207,49.311328],[144.341211,49.180518],[144.431738,49.051074],[144.606836,48.93584],[144.685547,48.87124],[144.706641,48.819531],[144.71377,48.640283],[144.672656,48.678564],[144.620996,48.814844],[144.536328,48.893555],[144.411816,48.986377],[144.283789,49.069775],[144.125488,49.208545],[144.04873,49.24917],[143.967773,49.276318],[143.819141,49.308594],[143.732324,49.312012],[143.382227,49.290674],[143.236328,49.262842],[143.10498,49.198828],[143.026855,49.10542],[142.97168,48.917773],[142.650977,48.246875],[142.574219,48.072168],[142.545898,47.884912],[142.556934,47.737891],[142.579004,47.683984],[142.670117,47.536914],[142.74541,47.452393],[142.800781,47.416162],[142.863965,47.391797],[142.905469,47.361865],[142.940332,47.322754],[143.005566,47.222705],[143.089258,47.000781],[143.17793,46.844043],[143.217676,46.794873],[143.318652,46.807373],[143.384375,46.805664],[143.447266,46.791992],[143.485645,46.752051],[143.540332,46.575098],[143.578711,46.406055],[143.580664,46.360693],[143.508594,46.230176],[143.490625,46.174609],[143.482324,46.11582],[143.463477,46.069482],[143.431641,46.028662],[143.418652,46.222021],[143.370313,46.358496],[143.352148,46.476221],[143.282324,46.558984],[143.047852,46.592627],[142.829297,46.605273],[142.795508,46.620215],[142.747363,46.670654],[142.691895,46.71084],[142.635742,46.716211],[142.578027,46.700781],[142.478809,46.644238],[142.406445,46.554688],[142.35,46.458691],[142.304004,46.357568],[142.208594,46.088867],[142.149707,45.999268],[142.077148,45.917041],[142.015625,45.961621],[141.961621,46.013477],[141.92998,46.088281],[141.916309,46.170752],[141.830371,46.451074],[141.866504,46.694189],[142.011035,47.030322],[142.038672,47.140283],[142.016895,47.244678],[141.98418,47.347705],[141.9625,47.543799],[141.964063,47.587451],[142.015625,47.700635],[142.075977,47.80835],[142.149219,47.902148],[142.181738,48.013379],[142.135352,48.290088],[142.028711,48.4771],[141.897266,48.654687],[141.873047,48.701953],[141.866309,48.750098],[141.97959,48.972168],[142.020117,49.078467],[142.066504,49.312061],[142.108691,49.439648],[142.142285,49.569141],[142.153125,50.216748],[142.143066,50.312109],[142.071094,50.51499],[142.066016,50.630469],[142.100488,50.776465],[142.147266,50.890186],[142.20791,50.998486],[142.206738,51.222559],[142.090723,51.429395],[142.005957,51.520508],[141.872949,51.630029],[141.771875,51.690186],[141.722363,51.736328],[141.771875,51.751807],[141.808105,51.789209],[141.720996,51.846777],[141.668457,51.93335],[141.66084,52.272949],[141.682422,52.359131],[141.747559,52.454834],[141.80332,52.555615],[141.855566,52.793506],[141.873633,53.038916],[141.838867,53.138477],[141.823535,53.339502],[141.852441,53.389453],[141.964453,53.456396],[142.141992,53.495605],[142.179883,53.484033],[142.318945,53.405469],[142.370508,53.402539],[142.424023,53.410742],[142.526172,53.447461],[142.583496,53.536768],[142.50918,53.587598],[142.552539,53.652637],[142.67959,53.674365],[142.688867,53.730176],[142.642871,53.736768],[142.683008,53.816016],[142.705957,53.895703],[142.670215,53.968408],[142.466602,54.148535],[142.334961,54.280713],[142.55166,54.278955],[142.615625,54.303613],[142.666211,54.358203],[142.692773,54.416113],[142.761035,54.393945]]],[[[-178.876465,71.577051],[-178.438965,71.541162],[-178.353564,71.529199],[-178.214697,71.481641],[-178.133887,71.465479],[-178.056641,71.437598],[-177.974805,71.390527],[-177.816992,71.33999],[-177.584131,71.281689],[-177.532178,71.263086],[-177.498486,71.219141],[-177.523584,71.166895],[-177.821777,71.067578],[-178.062695,71.041943],[-178.527979,71.014795],[-179.156885,70.939844],[-179.415674,70.918994],[-179.506689,70.923438],[-179.734033,70.97168],[-179.999951,70.993018],[-179.999951,71.184229],[-179.999951,71.399707],[-179.999951,71.537744],[-179.844873,71.550977],[-179.691016,71.577979],[-179.546387,71.582422],[-179.402051,71.56665],[-179.256494,71.57168],[-179.111572,71.596191],[-178.994043,71.593213],[-178.876465,71.577051]]],[[[35.816113,65.18208],[35.848438,65.142676],[35.858398,65.07793],[35.827344,65.036475],[35.842285,65.001465],[35.778711,64.97666],[35.680078,65.057617],[35.621387,65.058789],[35.558594,65.093604],[35.528906,65.151074],[35.585742,65.16709],[35.608691,65.157129],[35.729102,65.197559],[35.816113,65.18208]]],[[[42.713672,66.701709],[42.675586,66.688086],[42.477344,66.735059],[42.460059,66.770361],[42.468555,66.785547],[42.547461,66.795508],[42.631445,66.782227],[42.690723,66.735303],[42.713672,66.701709]]],[[[52.90332,71.36499],[52.994141,71.29126],[53.074023,71.237939],[53.141406,71.241895],[53.192578,71.215283],[53.205176,71.159717],[53.071484,71.065039],[53.048145,71.030957],[53.105762,70.999268],[53.120996,70.982031],[53.022656,70.968701],[53.004492,71.011621],[52.949609,71.053613],[52.835352,71.08584],[52.788965,71.114941],[52.738379,71.180664],[52.546582,71.250439],[52.425488,71.239258],[52.289453,71.270361],[52.249609,71.284912],[52.239844,71.325049],[52.296582,71.356836],[52.512598,71.385059],[52.617383,71.38335],[52.729688,71.355127],[52.720313,71.389795],[52.732227,71.403711],[52.776758,71.399805],[52.90332,71.36499]]],[[[168.039062,54.56499],[168.081348,54.512744],[167.677344,54.697656],[167.488086,54.794971],[167.441504,54.855859],[167.511719,54.856934],[167.59248,54.797754],[167.710645,54.770166],[167.882617,54.690479],[168.039062,54.56499]]],[[[160.718945,70.822705],[160.651367,70.805859],[160.504785,70.819727],[160.436914,70.851025],[160.44043,70.922656],[160.448535,70.934033],[160.56582,70.923779],[160.644922,70.883545],[160.718945,70.822705]]],[[[161.46709,68.900977],[161.422461,68.899658],[161.45625,68.966016],[161.461133,68.995605],[161.364063,69.044434],[161.18252,69.081592],[161.136523,69.110254],[161.125488,69.197021],[161.164551,69.333594],[161.082813,69.405664],[161.110742,69.469824],[161.32334,69.540918],[161.409766,69.595703],[161.505176,69.639453],[161.520703,69.634033],[161.617773,69.592432],[161.609277,69.500928],[161.540332,69.436523],[161.374414,69.413672],[161.350879,69.369336],[161.372656,69.292822],[161.377539,69.194434],[161.394238,69.106445],[161.494727,69.016016],[161.516992,68.96958],[161.506738,68.927588],[161.46709,68.900977]]],[[[152.885938,76.121729],[152.786328,76.085791],[152.558594,76.143604],[152.642773,76.174805],[152.799414,76.194824],[152.835059,76.185156],[152.86377,76.163428],[152.885938,76.121729]]],[[[149.150195,76.659912],[148.398633,76.648242],[148.448145,76.676953],[148.719629,76.746582],[149.406445,76.78208],[149.268359,76.747217],[149.204785,76.677002],[149.150195,76.659912]]],[[[137.959863,71.507666],[137.711816,71.423242],[137.612891,71.433936],[137.511816,71.474609],[137.457813,71.483496],[137.403223,71.477295],[137.344238,71.460547],[137.265527,71.455908],[137.078711,71.502197],[137.064063,71.529883],[137.081836,71.542725],[137.129492,71.556152],[137.168164,71.557129],[137.281836,71.579932],[137.816797,71.587891],[137.857617,71.583057],[137.933789,71.542773],[137.959863,71.507666]]],[[[107.695508,78.130908],[107.60625,78.082568],[107.481641,78.057764],[107.343848,78.098584],[107.00166,78.095654],[106.415527,78.139844],[106.583301,78.167578],[107.508301,78.189404],[107.573242,78.185547],[107.695508,78.130908]]],[[[112.478027,76.620898],[112.63252,76.552979],[112.66084,76.50957],[112.61416,76.499268],[112.586523,76.482959],[112.574805,76.452393],[112.531641,76.450049],[112.394824,76.483789],[112.296875,76.537988],[112.153809,76.549316],[112.002734,76.602979],[111.968945,76.626172],[112.011133,76.632861],[112.281445,76.618359],[112.394141,76.643799],[112.478027,76.620898]]],[[[96.532422,76.278125],[96.613965,76.263818],[96.589648,76.22124],[96.486719,76.23374],[96.350781,76.212158],[96.353418,76.17749],[96.300586,76.121729],[96.108789,76.155469],[95.844531,76.160254],[95.678613,76.193652],[95.311133,76.214746],[95.32207,76.261621],[95.379883,76.289062],[95.594434,76.249609],[95.78623,76.293896],[96.150977,76.271875],[96.270703,76.305371],[96.532422,76.278125]]],[[[96.285449,77.02666],[96.253516,77.007275],[96.209863,76.992139],[96.091406,77.002539],[95.854688,76.974951],[95.76582,76.990625],[95.680859,77.021338],[95.364062,77.011523],[95.270312,77.018848],[95.420703,77.056494],[95.854102,77.097559],[96.528418,77.205518],[96.561914,77.154053],[96.561328,77.12959],[96.424316,77.071191],[96.285449,77.02666]]],[[[89.514258,77.188818],[89.299512,77.183984],[89.179297,77.209912],[89.141699,77.226807],[89.200488,77.271973],[89.281543,77.301465],[89.616211,77.311035],[89.67959,77.280322],[89.66582,77.254492],[89.514258,77.188818]]],[[[74.660547,72.873437],[74.638379,72.86377],[74.588086,72.881152],[74.434766,72.907666],[74.180664,72.975342],[74.100195,73.021533],[74.142383,73.074365],[74.198535,73.109082],[74.408789,73.130469],[74.599902,73.121777],[74.725293,73.108154],[74.961523,73.0625],[74.742578,73.032715],[74.647266,72.969043],[74.660156,72.929297],[74.697168,72.907715],[74.660547,72.873437]]],[[[75.503711,73.456641],[75.344336,73.432275],[75.375,73.477393],[75.569727,73.540625],[75.930176,73.573633],[76.039453,73.559912],[76.051562,73.549268],[75.900977,73.481494],[75.827148,73.459131],[75.503711,73.456641]]],[[[83.549023,74.071777],[83.495801,74.048438],[83.45,74.05166],[83.410645,74.039551],[83.158984,74.075342],[82.817773,74.091602],[82.90293,74.128906],[83.149805,74.151611],[83.513477,74.122363],[83.618359,74.089453],[83.549023,74.071777]]],[[[67.344922,69.529834],[67.263965,69.442529],[67.097852,69.447168],[67.047266,69.467041],[67.025879,69.483203],[67.216113,69.575391],[67.328906,69.572119],[67.344922,69.529834]]],[[[66.560938,70.541748],[66.568555,70.501465],[66.51582,70.514893],[66.448633,70.561035],[66.407617,70.615771],[66.394824,70.727295],[66.418164,70.757129],[66.440234,70.772656],[66.462891,70.769336],[66.457715,70.698779],[66.560938,70.541748]]],[[[70.020703,66.502197],[69.844727,66.489746],[69.651367,66.565332],[69.469336,66.715967],[69.502734,66.751074],[69.616406,66.739014],[69.800391,66.736475],[69.917578,66.71167],[70.07666,66.695898],[70.057617,66.627197],[70.057227,66.599463],[70.110059,66.569092],[70.05918,66.517578],[70.020703,66.502197]]],[[[50.051758,80.074316],[49.970898,80.060742],[49.588281,80.136133],[49.556055,80.158936],[49.883691,80.230225],[50.250977,80.219482],[50.309961,80.185645],[50.319141,80.172363],[50.072266,80.109473],[50.051758,80.074316]]],[[[51.409277,79.944238],[51.435156,79.931934],[51.43125,79.920508],[51.07627,79.931982],[50.454102,79.924414],[50.091406,79.980566],[50.472656,80.035449],[50.675781,80.048535],[50.936328,80.094238],[51.254395,80.048633],[51.237891,80.010352],[51.242773,79.99126],[51.326953,79.972314],[51.409277,79.944238]]],[[[50.753711,81.047412],[50.616016,81.04126],[50.518164,81.045557],[50.411914,81.084375],[50.377441,81.102734],[50.368457,81.12251],[50.464941,81.126221],[50.505957,81.144238],[50.521582,81.158203],[50.591797,81.169434],[50.715918,81.170654],[50.878613,81.150879],[50.946191,81.108154],[50.78877,81.071826],[50.753711,81.047412]]],[[[55.479688,80.273828],[55.195117,80.226807],[55.048438,80.228369],[54.979688,80.256445],[55.091602,80.295557],[55.240039,80.325391],[55.353223,80.317676],[55.434766,80.302246],[55.479688,80.273828]]],[[[54.415332,80.472803],[54.275879,80.421338],[53.811914,80.476221],[53.85,80.503857],[53.900195,80.51543],[53.901563,80.54248],[53.858887,80.563037],[53.877246,80.605273],[54.176758,80.574365],[54.205371,80.561768],[54.407129,80.540137],[54.437305,80.498682],[54.415332,80.472803]]],[[[59.688867,79.955811],[59.330664,79.923047],[59.202637,79.932959],[59.169238,79.948291],[59.100391,79.96416],[58.919238,79.984619],[58.946094,80.042334],[59.001465,80.053906],[59.544531,80.118848],[59.80166,80.082666],[59.911035,79.994287],[59.688867,79.955811]]],[[[58.622363,81.04165],[58.761523,80.990967],[58.815332,80.933594],[58.902539,80.897656],[58.930566,80.831689],[58.859961,80.779395],[58.641895,80.767969],[58.285645,80.764893],[57.937891,80.793359],[57.749805,80.889062],[57.405176,80.915137],[57.210938,81.01709],[57.410254,81.046777],[57.65625,81.031543],[58.049512,81.118457],[58.102344,81.114258],[58.189941,81.09458],[58.507617,81.061768],[58.622363,81.04165]]],[[[47.983008,45.488232],[47.967676,45.469971],[47.920313,45.562061],[47.917578,45.618164],[47.947168,45.64707],[47.987109,45.554053],[47.983008,45.488232]]],[[[50.265234,69.185596],[50.283008,69.088867],[50.220605,69.048779],[50.164453,69.037549],[50.140918,69.098145],[50.093945,69.125537],[49.920801,69.053271],[49.839844,68.973779],[49.62627,68.859717],[49.180469,68.778418],[48.910352,68.743066],[48.666992,68.733154],[48.439063,68.804883],[48.315918,68.942383],[48.294434,68.984229],[48.278809,69.040332],[48.280273,69.096631],[48.296289,69.183887],[48.319922,69.269238],[48.413867,69.345654],[48.631348,69.436035],[48.844922,69.494727],[48.95332,69.509277],[49.225195,69.51123],[49.996289,69.309424],[50.167285,69.25708],[50.265234,69.185596]]],[[[63.373828,80.700098],[63.187598,80.697607],[63.002148,80.712842],[62.760449,80.762695],[62.520313,80.821875],[62.592578,80.853027],[62.819336,80.893799],[63.11582,80.966797],[63.614746,80.980908],[63.855957,80.981152],[64.095703,80.99834],[64.165918,81.035742],[64.210449,81.106348],[64.255859,81.144434],[64.310156,81.175195],[64.575391,81.198486],[64.802051,81.197266],[65.027734,81.169482],[65.171973,81.144043],[65.309766,81.096436],[65.382031,81.056738],[65.360059,81.008203],[65.37207,80.968018],[65.437402,80.930713],[64.997461,80.818896],[64.54834,80.75542],[63.373828,80.700098]]],[[[57.95625,80.123242],[57.800098,80.104053],[57.392285,80.13916],[57.332324,80.158105],[57.281445,80.193896],[57.214063,80.328271],[57.211719,80.368457],[57.18623,80.39624],[57.083398,80.445215],[57.011133,80.468311],[57.075,80.493945],[57.521973,80.475391],[58.480469,80.464746],[58.97168,80.415869],[59.115918,80.388428],[59.255469,80.343213],[58.397949,80.31875],[58.283887,80.297803],[58.285742,80.248145],[58.255469,80.201807],[58.163184,80.196533],[57.95625,80.123242]]],[[[62.167773,80.834766],[62.227734,80.794385],[62.191797,80.730225],[62.114551,80.683691],[62.075781,80.616943],[61.769141,80.601025],[61.68125,80.586328],[61.597461,80.534961],[61.285156,80.504736],[61.05127,80.418604],[60.722266,80.434668],[60.27832,80.494434],[59.900195,80.446094],[59.649805,80.43125],[59.346387,80.505029],[59.304395,80.521533],[59.288184,80.572656],[59.30625,80.617773],[59.386523,80.712549],[59.495117,80.766504],[59.549414,80.783594],[59.592285,80.816504],[59.71582,80.836377],[60.094531,80.848584],[60.234961,80.837744],[60.278027,80.801465],[60.481543,80.804248],[60.820215,80.826562],[61.313184,80.862646],[61.597461,80.89292],[61.850586,80.885937],[62.10293,80.866602],[62.167773,80.834766]]],[[[61.14082,80.950342],[60.826758,80.929688],[60.321094,80.955518],[60.058203,80.984619],[60.07832,80.99917],[60.147559,81.01665],[60.586621,81.087695],[61.457422,81.103955],[61.567383,81.050293],[61.471973,81.011035],[61.14082,80.950342]]],[[[53.521387,80.185205],[52.856348,80.173242],[52.635938,80.178857],[52.607031,80.191162],[52.550488,80.201855],[52.343555,80.213232],[52.213379,80.263721],[52.270215,80.276318],[52.57666,80.296924],[52.680566,80.318506],[52.716016,80.347559],[52.853906,80.402393],[53.185645,80.412646],[53.329199,80.402393],[53.345898,80.366309],[53.486133,80.323389],[53.85166,80.268359],[53.77793,80.22832],[53.65293,80.222559],[53.521387,80.185205]]],[[[57.078711,80.350928],[57.122656,80.316992],[57.118945,80.193945],[57.072754,80.139404],[57.080176,80.094678],[56.986914,80.071484],[56.200586,80.076465],[55.811621,80.087158],[55.724023,80.104736],[55.942285,80.163281],[56.012207,80.203906],[55.989844,80.320068],[56.024414,80.341309],[56.655078,80.330322],[56.707227,80.363281],[56.944531,80.366162],[57.078711,80.350928]]],[[[57.810254,81.546045],[57.862695,81.506445],[58.016602,81.483789],[58.436035,81.46416],[58.563867,81.418408],[58.371875,81.386963],[57.858691,81.368066],[57.911914,81.303271],[58.015332,81.254834],[57.912891,81.19751],[57.769727,81.169727],[57.450977,81.135547],[57.159473,81.178467],[56.821875,81.237939],[56.669238,81.198291],[56.5125,81.175244],[56.363965,81.178613],[56.191992,81.223975],[55.716699,81.188477],[55.572656,81.228076],[55.466016,81.311182],[55.781934,81.329443],[56.156836,81.303076],[56.404688,81.387012],[56.71875,81.423389],[56.973047,81.510547],[57.091504,81.541211],[57.365039,81.535254],[57.456445,81.542871],[57.716602,81.564648],[57.810254,81.546045]]],[[[54.718945,81.115967],[55.470703,81.019873],[56.170117,81.02915],[56.472266,80.998242],[56.909668,80.912891],[57.567773,80.819727],[57.694141,80.792285],[57.580371,80.755469],[56.814746,80.663623],[56.315527,80.632861],[55.883398,80.628418],[55.7125,80.637305],[55.540625,80.70332],[55.117188,80.751904],[54.668164,80.738672],[54.62334,80.765234],[54.532813,80.783008],[54.376074,80.786963],[54.066602,80.813623],[54.04541,80.871973],[54.240527,80.901855],[54.367285,80.903809],[54.416797,80.986523],[54.633984,81.113184],[54.718945,81.115967]]],[[[63.650977,81.609326],[63.528516,81.596582],[62.884961,81.608887],[62.573047,81.633057],[62.53125,81.647021],[62.515234,81.659131],[62.106445,81.679346],[62.283984,81.706543],[62.794922,81.718945],[63.70957,81.687305],[63.767383,81.66416],[63.782422,81.649805],[63.650977,81.609326]]],[[[58.29541,81.715186],[57.964844,81.695654],[57.920605,81.710498],[57.909277,81.721924],[57.945117,81.747852],[57.984961,81.797021],[58.13457,81.827979],[59.261816,81.854199],[59.408496,81.825439],[59.356836,81.780957],[59.356445,81.758984],[58.29541,81.715186]]],[[[92.683496,79.685205],[92.440625,79.675488],[92.153711,79.684668],[91.683594,79.790576],[91.37627,79.835498],[91.126074,79.904932],[91.070312,79.981494],[91.229297,80.030713],[91.425977,80.049219],[91.751953,80.052295],[92.173438,80.045459],[92.592773,79.996533],[93.481543,79.941113],[93.803125,79.904541],[93.603516,79.816748],[93.382031,79.783887],[93.155078,79.737598],[92.92627,79.704492],[92.683496,79.685205]]],[[[91.567187,81.141211],[91.222852,81.063818],[89.975781,81.113135],[89.919434,81.14873],[89.901172,81.170703],[90.069922,81.213721],[91.108984,81.199121],[91.477832,81.183936],[91.567187,81.141211]]],[[[141.010254,73.999463],[140.507227,73.918652],[140.409473,73.92168],[140.183203,74.00459],[140.101562,74.184277],[140.193555,74.236719],[140.300293,74.257227],[140.407422,74.266455],[140.849219,74.273779],[140.944336,74.264648],[141.038574,74.242725],[141.079492,74.209326],[141.097461,74.167822],[141.046875,74.050391],[141.010254,73.999463]]],[[[142.184863,73.895898],[142.435059,73.851562],[142.63916,73.803076],[143.34375,73.56875],[143.410742,73.52085],[143.463965,73.458887],[143.491309,73.246436],[143.451465,73.231299],[143.193262,73.220752],[142.841602,73.244824],[142.586914,73.25332],[142.342188,73.252881],[142.126367,73.281689],[141.59668,73.31084],[141.182715,73.389209],[140.754004,73.446045],[140.662793,73.452002],[140.39248,73.435352],[140.026953,73.361426],[139.925098,73.355225],[139.785547,73.355225],[139.685547,73.425732],[139.920117,73.448584],[140.155176,73.45752],[140.380664,73.483008],[140.593555,73.564551],[140.697461,73.62915],[140.883789,73.777539],[140.983594,73.831543],[141.084766,73.865869],[141.189941,73.876465],[141.311914,73.871875],[141.681934,73.904199],[141.931836,73.914941],[142.184863,73.895898]]],[[[135.948633,75.40957],[135.745898,75.381982],[135.451953,75.389551],[135.473047,75.463232],[135.523438,75.49585],[135.592676,75.576465],[135.56123,75.636475],[135.578418,75.709961],[135.613867,75.766309],[135.698633,75.845264],[135.788281,75.798486],[135.849219,75.729248],[135.904785,75.694385],[136.127344,75.625586],[136.168945,75.605566],[135.983398,75.521924],[135.965137,75.486133],[136.020508,75.438379],[135.948633,75.40957]]],[[[136.197461,73.913623],[136.12168,73.88501],[136.051465,73.929102],[135.714551,74.059521],[135.633398,74.121436],[135.448633,74.179688],[135.402441,74.201709],[135.387012,74.253369],[135.62832,74.219922],[136.036816,74.090332],[136.25918,73.984961],[136.197461,73.913623]]],[[[137.940527,55.092627],[138.03125,55.05332],[138.17207,55.060059],[138.206152,55.033545],[138.096484,54.990918],[138.016602,54.900879],[137.991211,54.820703],[137.959473,54.789014],[137.870117,54.749561],[137.790234,54.696924],[137.721484,54.663232],[137.661133,54.653271],[137.525586,54.82583],[137.462695,54.873389],[137.276074,54.792383],[137.23291,54.790576],[137.275195,54.891016],[137.384375,55.000684],[137.435547,55.016016],[137.543652,55.163086],[137.577344,55.197021],[137.910449,55.110059],[137.940527,55.092627]]],[[[169.200781,69.580469],[168.915723,69.571436],[168.348047,69.664355],[168.144336,69.71333],[167.992676,69.77583],[167.821289,69.819629],[167.788867,69.836865],[167.813965,69.873047],[167.864746,69.901074],[168.05957,69.974902],[168.196289,70.008398],[168.35791,70.015674],[169.374805,69.882617],[169.420703,69.856055],[169.433594,69.832178],[169.418164,69.779199],[169.332422,69.76958],[169.299121,69.734766],[169.263379,69.628711],[169.245801,69.601123],[169.200781,69.580469]]],[[[163.635156,58.603369],[163.471387,58.509375],[163.447266,58.524658],[163.431836,58.546143],[163.427246,58.578955],[163.576758,58.640869],[163.726562,58.798535],[163.784473,58.929736],[163.766602,58.972363],[163.760938,59.015039],[164.202148,59.096191],[164.517383,59.226758],[164.572656,59.221143],[164.629297,59.112207],[164.661621,58.970752],[164.615723,58.885596],[164.278809,58.838086],[163.960059,58.74375],[163.635156,58.603369]]],[[[166.650293,54.839062],[166.645117,54.694092],[166.521289,54.767627],[166.463672,54.826855],[166.381738,54.838086],[166.324805,54.864551],[166.229883,54.936523],[166.119727,55.030371],[166.082324,55.076563],[166.066309,55.135693],[165.991895,55.190479],[165.751074,55.294531],[165.830469,55.306934],[165.93125,55.351465],[166.211914,55.323975],[166.275781,55.311963],[166.22998,55.242334],[166.248047,55.16543],[166.404297,55.005615],[166.479492,54.949902],[166.577344,54.907715],[166.650293,54.839062]]],[[[154.810449,49.312012],[154.714844,49.267676],[154.610938,49.294043],[154.612988,49.380615],[154.824902,49.646924],[154.899609,49.630371],[154.883301,49.566406],[154.802344,49.468262],[154.829883,49.3479],[154.810449,49.312012]]],[[[156.405078,50.657617],[156.36543,50.633789],[156.325781,50.639062],[156.196289,50.702148],[156.167969,50.731885],[156.213086,50.784717],[156.376465,50.862109],[156.455859,50.85957],[156.4875,50.842969],[156.483105,50.751221],[156.405078,50.657617]]],[[[155.921094,50.302197],[155.792383,50.202051],[155.60752,50.177246],[155.516406,50.145605],[155.448926,50.077783],[155.397168,50.04126],[155.288672,50.061182],[155.243066,50.094629],[155.243066,50.212793],[155.195117,50.264551],[155.218359,50.297852],[155.326758,50.293262],[155.433887,50.368945],[155.680176,50.400732],[155.772754,50.482422],[155.884766,50.684131],[156.00166,50.756934],[156.096875,50.771875],[156.122852,50.671289],[156.100586,50.559277],[156.044434,50.451758],[155.921094,50.302197]]],[[[154.08125,48.790283],[154.042969,48.73877],[154.000684,48.755713],[153.992285,48.77251],[154.091699,48.832129],[154.126367,48.904443],[154.199023,48.904932],[154.228418,48.89209],[154.204688,48.857178],[154.08125,48.790283]]],[[[155.644824,50.821924],[155.553516,50.810596],[155.512793,50.837305],[155.483496,50.869629],[155.467383,50.913574],[155.568555,50.934473],[155.639648,50.910498],[155.653613,50.845361],[155.644824,50.821924]]],[[[153.101074,47.762939],[153.053809,47.706104],[153.004102,47.713477],[152.984277,47.72793],[153.049121,47.797021],[153.079199,47.80874],[153.101074,47.762939]]],[[[152.002051,46.897168],[151.815625,46.787109],[151.754102,46.78833],[151.723438,46.828809],[151.715332,46.852686],[151.864355,46.868994],[152.039844,47.01499],[152.16582,47.110449],[152.234668,47.143408],[152.288867,47.142187],[152.002051,46.897168]]],[[[149.687695,45.642041],[149.538867,45.591357],[149.44707,45.593359],[149.665918,45.839795],[149.796289,45.876074],[149.962305,46.021924],[150.308789,46.200342],[150.348633,46.213428],[150.553125,46.208545],[150.23457,46.012305],[150.19502,45.933203],[150.056641,45.849365],[149.954102,45.822461],[149.883398,45.783154],[149.687695,45.642041]]],[[[148.599512,45.317627],[148.414648,45.247168],[148.262305,45.216846],[148.005273,45.070166],[147.91377,44.990381],[147.784082,44.958594],[147.657813,44.977148],[147.621875,44.944727],[147.60957,44.886572],[147.563086,44.835547],[147.310156,44.677637],[147.207422,44.553564],[147.098438,44.53125],[146.897461,44.404297],[146.933496,44.513086],[146.974219,44.565723],[147.140918,44.66333],[147.154785,44.766211],[147.246582,44.856055],[147.430469,44.945215],[147.557813,45.062451],[147.65791,45.093018],[147.769434,45.190723],[147.885547,45.225635],[147.872656,45.300293],[147.924023,45.383301],[147.964551,45.377734],[148.056055,45.262109],[148.130078,45.258203],[148.324219,45.282422],[148.612305,45.484668],[148.706641,45.520654],[148.772656,45.526465],[148.812207,45.51001],[148.826172,45.486084],[148.825391,45.455908],[148.803027,45.413525],[148.837109,45.362695],[148.790723,45.323975],[148.599512,45.317627]]],[[[146.713965,43.743799],[146.683008,43.716357],[146.608594,43.740479],[146.613477,43.797021],[146.621973,43.812988],[146.824609,43.860498],[146.884082,43.82915],[146.899023,43.80415],[146.713965,43.743799]]],[[[146.207617,44.497656],[146.355957,44.424609],[146.567773,44.44043],[146.516211,44.374658],[146.436523,44.375684],[146.296191,44.280957],[146.172949,44.268652],[146.112305,44.245947],[145.914062,44.103711],[145.887305,44.047754],[145.766992,43.940723],[145.586816,43.845117],[145.555859,43.6646],[145.439258,43.737061],[145.426172,43.810352],[145.461719,43.870898],[145.666309,43.999072],[145.74834,44.071533],[145.77334,44.129004],[145.851953,44.193018],[145.890234,44.248584],[145.94043,44.272656],[146.112109,44.500146],[146.207617,44.497656]]],[[[113.387207,74.400439],[113.353125,74.352979],[113.299219,74.317139],[113.258887,74.272705],[113.190234,74.239307],[112.977637,74.196826],[112.811328,74.10293],[112.782422,74.095068],[112.195801,74.14624],[112.105078,74.163232],[111.912109,74.219238],[111.642969,74.272949],[111.503418,74.353076],[111.570117,74.368311],[111.6375,74.374316],[111.879785,74.363818],[111.949219,74.38877],[111.982813,74.456299],[111.989355,74.49624],[112.007617,74.526758],[112.084473,74.548975],[112.951758,74.47959],[113.28623,74.441016],[113.387207,74.400439]]],[[[76.248926,79.651074],[76.372559,79.615234],[76.467383,79.643164],[77.360156,79.556836],[77.549316,79.524414],[77.588965,79.501904],[76.810156,79.489502],[76.649512,79.493408],[76.636523,79.544434],[76.457617,79.545459],[76.153711,79.57876],[76.071875,79.625635],[76.051562,79.644727],[76.148438,79.664453],[76.248926,79.651074]]],[[[80.02666,80.848145],[79.098535,80.812061],[79.006836,80.834814],[78.977637,80.848242],[79.109863,80.923584],[79.217383,80.960352],[79.806641,80.975391],[80.27959,80.949805],[80.42793,80.927686],[80.37334,80.882617],[80.344824,80.86792],[80.02666,80.848145]]],[[[70.673926,73.09502],[70.380371,73.048096],[70.29834,73.044482],[70.118652,73.056299],[70.040723,73.037158],[69.920117,73.084521],[69.930371,73.126611],[69.985645,73.169238],[70.01875,73.224316],[69.995898,73.359375],[70.149609,73.444727],[70.35,73.477637],[70.940234,73.514404],[71.023242,73.504199],[71.141211,73.477979],[71.231641,73.447754],[71.351172,73.372217],[71.444922,73.34209],[71.589551,73.283154],[71.630469,73.224805],[71.626172,73.173975],[71.355664,73.162451],[70.886719,73.119629],[70.673926,73.09502]]],[[[77.63252,72.29126],[77.145605,72.281885],[76.905957,72.297656],[76.871094,72.317041],[76.903125,72.365576],[77.149512,72.439209],[77.260449,72.486133],[77.377832,72.565283],[77.578711,72.630859],[77.748535,72.631201],[78.279102,72.553223],[78.35293,72.504297],[78.365137,72.482422],[78.154492,72.416992],[78.007227,72.39248],[77.780859,72.308545],[77.63252,72.29126]]],[[[79.501465,72.721924],[79.430664,72.710693],[78.880566,72.751611],[78.690234,72.803418],[78.633203,72.850732],[78.656836,72.892285],[79.164258,73.094336],[79.356543,73.038623],[79.4125,72.983105],[79.541309,72.918652],[79.537891,72.769336],[79.501465,72.721924]]],[[[82.172363,75.419385],[82.208789,75.386963],[82.221582,75.350537],[82.179297,75.338965],[82.050098,75.340967],[81.978516,75.247119],[81.905078,75.262793],[81.860547,75.316504],[81.697656,75.280518],[81.654785,75.288916],[81.579297,75.330957],[81.532129,75.339551],[81.500586,75.36792],[81.712109,75.451416],[81.842188,75.407031],[81.926562,75.409961],[81.909766,75.46001],[81.912793,75.497705],[82.021875,75.513477],[82.165625,75.515625],[82.172363,75.419385]]],[[[60.450488,69.934863],[60.480664,69.885498],[60.477246,69.793701],[60.440234,69.725928],[60.327148,69.715283],[60.215918,69.687695],[60.026172,69.717041],[59.919531,69.696973],[59.812793,69.695654],[59.724609,69.706201],[59.637012,69.721045],[59.578223,69.738623],[59.58125,69.790869],[59.502637,69.866211],[59.381543,69.89043],[59.268359,69.898438],[59.144238,69.921924],[59.08252,69.910791],[59.004004,69.883301],[58.952734,69.892773],[58.680078,70.051025],[58.63418,70.088037],[58.605566,70.129199],[58.568066,70.155664],[58.473047,70.266846],[58.519922,70.318311],[58.615332,70.35083],[58.678027,70.35957],[58.794238,70.432959],[59.005273,70.465186],[59.048047,70.460498],[59.088281,70.437109],[59.309863,70.36167],[59.425977,70.310937],[59.529102,70.248975],[59.636328,70.197021],[59.955859,70.10835],[60.172266,70.022852],[60.392578,69.962402],[60.450488,69.934863]]],[[[20.957813,55.278906],[20.859375,55.183643],[20.594824,54.982373],[20.677734,54.955664],[20.774023,54.947021],[20.8875,54.909473],[20.995898,54.902686],[21.188867,54.935205],[21.222852,55.107764],[21.235742,55.264111],[21.297559,55.264453],[21.389258,55.275537],[21.44707,55.234424],[21.554688,55.195312],[21.682715,55.160352],[21.873926,55.100732],[22.072363,55.063672],[22.137891,55.059375],[22.346387,55.064258],[22.567285,55.059131],[22.627441,54.970703],[22.736523,54.928857],[22.824707,54.871289],[22.83125,54.838477],[22.709668,54.632617],[22.684473,54.562939],[22.679883,54.493018],[22.724316,54.405615],[22.766211,54.356787],[22.731836,54.350098],[22.168457,54.359863],[21.63418,54.376465],[21.140527,54.391797],[20.664746,54.406641],[20.208203,54.420752],[19.924316,54.433984],[19.644238,54.44707],[19.604395,54.45918],[19.758496,54.544824],[19.858887,54.633838],[19.944141,54.75],[19.953223,54.830469],[19.974512,54.921191],[20.107617,54.956494],[20.39668,54.95127],[20.520313,54.994873],[20.678906,55.102637],[20.845703,55.232031],[20.899805,55.28667],[20.957813,55.278906]]],[[[33.594141,46.09624],[33.654323,46.146222],[33.659965,46.219573],[33.806667,46.208288],[34.02672,46.106725],[34.128283,46.089798],[34.224203,46.101083],[34.353978,46.061586],[34.449898,45.965666],[34.523249,45.97695],[34.686878,45.97695],[34.794084,45.892315],[34.799726,45.790752],[34.946428,45.728686],[35.001674,45.733383],[35.022852,45.700977],[35.260156,45.446924],[35.373926,45.353613],[35.45752,45.316309],[35.558008,45.310889],[35.750977,45.389355],[35.833496,45.401611],[36.012891,45.37168],[36.077148,45.424121],[36.170508,45.453076],[36.290332,45.456738],[36.427051,45.433252],[36.575,45.393555],[36.514258,45.30376],[36.450781,45.232324],[36.428418,45.153271],[36.393359,45.065381],[36.229883,45.025977],[36.054785,45.030811],[35.870117,45.005322],[35.803613,45.0396],[35.759473,45.07085],[35.677539,45.102002],[35.569531,45.119336],[35.472559,45.098486],[35.357813,44.978418],[35.154785,44.896338],[35.087695,44.802637],[34.887793,44.823584],[34.716895,44.807129],[34.469922,44.72168],[34.281738,44.538428],[34.074414,44.423828],[33.909961,44.387598],[33.755664,44.398926],[33.655859,44.433203],[33.450684,44.553662],[33.462695,44.596826],[33.491309,44.618604],[33.530078,44.680518],[33.612207,44.907812],[33.601172,44.981494],[33.555176,45.097656],[33.39248,45.187842],[33.261523,45.170752],[33.186914,45.194775],[32.918652,45.348145],[32.772656,45.358984],[32.611328,45.328076],[32.551855,45.350391],[32.508008,45.403809],[32.828027,45.593018],[33.142285,45.749219],[33.280078,45.765234],[33.466211,45.837939],[33.664844,45.94707],[33.636719,46.032861],[33.594141,46.09624]]]]}},{"type":"Feature","id":"SE","properties":{"ISO_A2":"SE","name":"Sweden"},"geometry":{"type":"MultiPolygon","coordinates":[[[[19.076465,57.835938],[18.99375,57.812109],[18.945117,57.741602],[18.878125,57.729687],[18.813867,57.706201],[18.790918,57.483105],[18.90791,57.39834],[18.843652,57.386475],[18.784863,57.361084],[18.742871,57.323535],[18.699902,57.242725],[18.538477,57.196924],[18.477344,57.163037],[18.387207,57.087646],[18.340234,56.978223],[18.248926,56.931543],[18.146387,56.920508],[18.206543,57.010156],[18.285352,57.083203],[18.20957,57.133301],[18.163965,57.211719],[18.105078,57.271875],[18.151953,57.339062],[18.128906,57.44917],[18.136523,57.556641],[18.204883,57.610889],[18.283203,57.655127],[18.405176,57.756836],[18.537402,57.830566],[18.721875,57.863721],[18.805176,57.833154],[18.841113,57.900195],[18.900586,57.915479],[18.956445,57.9],[19.076465,57.835938]]],[[[16.528516,56.290527],[16.477148,56.240186],[16.431641,56.24375],[16.40127,56.310889],[16.394141,56.483643],[16.412305,56.568994],[16.630371,56.876855],[16.727734,56.902002],[16.864648,57.090674],[16.901563,57.174609],[16.960938,57.250195],[16.995996,57.317773],[17.025391,57.345068],[17.089258,57.332275],[17.117676,57.319824],[17.050391,57.280469],[17.058203,57.229248],[17.053516,57.208008],[16.883691,56.985205],[16.838281,56.840527],[16.778027,56.805225],[16.528516,56.290527]]],[[[11.388281,59.036523],[11.470703,58.909521],[11.543555,58.893018],[11.642773,58.926074],[11.712207,59.018652],[11.751855,59.157568],[11.798145,59.289893],[11.743359,59.431445],[11.684863,59.555762],[11.680762,59.592285],[11.834277,59.697168],[11.88125,59.782471],[11.932129,59.863672],[11.988281,59.891309],[12.071875,59.897607],[12.169238,59.912891],[12.291992,59.967236],[12.402051,60.040039],[12.486133,60.106787],[12.514648,60.238867],[12.51582,60.305225],[12.552832,60.354492],[12.588672,60.450732],[12.553809,60.545654],[12.445312,60.689648],[12.314648,60.892139],[12.294141,61.002686],[12.353711,61.023193],[12.467578,61.041504],[12.683008,61.046826],[12.706055,61.059863],[12.727832,61.108252],[12.776367,61.173975],[12.828223,61.221826],[12.863672,61.290283],[12.880762,61.352295],[12.75752,61.445703],[12.596094,61.541309],[12.486816,61.572998],[12.29209,61.653467],[12.155371,61.720752],[12.233691,61.976855],[12.291992,62.167432],[12.301367,62.21377],[12.303516,62.285596],[12.114551,62.591895],[12.121875,62.66001],[12.139844,62.721338],[12.119629,62.825928],[12.108594,62.919482],[12.141016,62.947852],[12.218164,63.000635],[12.144629,63.08252],[12.138672,63.08916],[11.999902,63.291699],[12.212109,63.492236],[12.175195,63.595947],[12.301953,63.671191],[12.532715,63.843555],[12.6625,63.940479],[12.690039,63.957422],[12.792773,64],[12.987598,64.050488],[13.203516,64.075098],[13.299609,64.074805],[13.670703,64.040625],[13.960547,64.014014],[14.002734,64.040723],[14.063281,64.095508],[14.141211,64.173535],[14.148047,64.260303],[14.119922,64.387744],[14.077637,64.464014],[13.873535,64.513574],[13.650293,64.581543],[13.924805,64.796777],[14.115137,64.946143],[14.352441,65.17085],[14.42627,65.264355],[14.479688,65.301465],[14.549512,65.646387],[14.595801,65.742871],[14.63457,65.793262],[14.635156,65.84502],[14.609961,65.932275],[14.543262,66.129346],[14.917969,66.153711],[15.040039,66.167529],[15.15332,66.191064],[15.374902,66.252051],[15.483789,66.305957],[15.422949,66.489844],[15.557031,66.5521],[15.88418,66.768848],[16.237695,66.976416],[16.403516,67.05498],[16.420703,67.093359],[16.434277,67.155078],[16.360645,67.252002],[16.281543,67.312061],[16.127441,67.42583],[16.193555,67.505176],[16.307129,67.520605],[16.457129,67.551758],[16.574121,67.61958],[16.585547,67.62832],[16.783594,67.89502],[17.170508,68.030127],[17.324609,68.103809],[17.564746,68.048438],[17.916699,67.964893],[18.073242,68.087842],[18.125,68.133447],[18.17666,68.200635],[18.155957,68.316846],[18.14707,68.467773],[18.162598,68.528418],[18.303027,68.55542],[18.378613,68.562402],[18.769824,68.500049],[18.868262,68.501123],[19.052637,68.492725],[19.258984,68.465332],[19.691211,68.392432],[19.87002,68.362256],[19.969824,68.356396],[20.055957,68.390381],[20.240039,68.477539],[19.968848,68.542041],[20.147461,68.607324],[20.240039,68.673145],[20.319434,68.754053],[20.348047,68.84873],[20.337109,68.899658],[20.282324,68.934326],[20.116699,69.020898],[20.491992,69.033301],[20.622168,69.036865],[20.895117,68.979834],[20.907031,68.96748],[20.908984,68.937744],[20.918555,68.906934],[21.183398,68.828809],[21.259766,68.787451],[21.422363,68.724609],[21.46543,68.690674],[21.616016,68.650977],[21.724023,68.608545],[21.850195,68.574121],[21.997461,68.520605],[22.195117,68.477979],[22.362109,68.464062],[22.782422,68.391016],[22.854102,68.367334],[22.975391,68.316455],[23.097852,68.257568],[23.18252,68.136621],[23.318555,68.130322],[23.355469,68.088672],[23.474219,68.017334],[23.638867,67.954395],[23.63291,67.933203],[23.501855,67.875195],[23.487793,67.796582],[23.500195,67.696191],[23.541309,67.614307],[23.537012,67.590381],[23.504492,67.562158],[23.46543,67.517871],[23.451465,67.479199],[23.454883,67.460254],[23.468066,67.449951],[23.537109,67.44917],[23.66084,67.440039],[23.733594,67.4229],[23.774902,67.328613],[23.760938,67.310498],[23.656641,67.267822],[23.626074,67.233936],[23.623047,67.184131],[23.641504,67.129395],[23.677344,67.068115],[23.758984,67.002588],[23.869336,66.934033],[23.941797,66.877832],[23.976074,66.838232],[23.988574,66.810547],[23.938867,66.775732],[23.894141,66.706885],[23.88584,66.628027],[23.865527,66.576611],[23.768359,66.505859],[23.701172,66.480762],[23.682031,66.443408],[23.673828,66.380713],[23.693555,66.304297],[23.700293,66.252637],[23.720996,66.21543],[23.751465,66.191162],[23.907324,66.148242],[23.994629,66.060352],[24.049023,65.989844],[24.155469,65.805273],[23.890527,65.782227],[23.691406,65.828516],[23.59209,65.805322],[23.418359,65.804346],[23.221094,65.786133],[23.15459,65.749902],[23.102344,65.735352],[22.919336,65.786475],[22.746582,65.870947],[22.620313,65.806543],[22.538574,65.794336],[22.465137,65.852637],[22.400977,65.862109],[22.366309,65.842676],[22.335938,65.791162],[22.287598,65.750635],[22.275,65.725],[22.266602,65.621533],[22.254004,65.597559],[22.08623,65.610938],[22.096289,65.583789],[22.132812,65.570117],[22.147559,65.552881],[22.086719,65.530225],[21.920117,65.532373],[21.903125,65.50835],[21.95,65.470361],[21.913477,65.437109],[21.87959,65.424023],[21.680664,65.403369],[21.565527,65.408105],[21.532617,65.386572],[21.523438,65.358594],[21.545215,65.331152],[21.595996,65.316553],[21.612695,65.299121],[21.60918,65.261377],[21.566895,65.254541],[21.446875,65.32085],[21.410352,65.317432],[21.437793,65.282959],[21.506348,65.245361],[21.545996,65.206982],[21.580664,65.160791],[21.573926,65.125781],[21.424902,65.012695],[21.29375,64.94126],[21.195898,64.876904],[21.138184,64.808691],[21.20498,64.774316],[21.279297,64.724707],[21.331543,64.629346],[21.393848,64.544336],[21.519629,64.463086],[21.494336,64.416113],[21.465039,64.37959],[21.255762,64.29917],[21.018457,64.177979],[20.762695,63.867822],[20.677637,63.82627],[20.453711,63.77373],[20.371387,63.7229],[20.204688,63.662451],[19.913672,63.610547],[19.781641,63.538184],[19.72207,63.46333],[19.655762,63.458008],[19.590039,63.487256],[19.502344,63.509033],[19.490918,63.460205],[19.494629,63.424365],[19.354297,63.47749],[19.288086,63.42876],[19.236328,63.347363],[19.034375,63.237744],[18.816699,63.257471],[18.792285,63.238135],[18.850195,63.224121],[18.858984,63.206592],[18.819434,63.197266],[18.75957,63.198242],[18.667188,63.176563],[18.606445,63.178271],[18.577637,63.126416],[18.530664,63.063525],[18.407715,63.0375],[18.344238,63.032129],[18.312891,62.996387],[18.502051,62.988867],[18.486914,62.958594],[18.482617,62.92832],[18.463086,62.89585],[18.248047,62.849072],[18.214941,62.812207],[18.17002,62.789355],[18.074414,62.790674],[18.07793,62.811963],[18.093555,62.836035],[17.951074,62.833887],[17.906641,62.886768],[17.87959,62.873193],[17.895605,62.830518],[17.93291,62.786133],[17.974414,62.721045],[17.940723,62.679883],[17.903027,62.659473],[17.930469,62.640625],[18.006543,62.62627],[18.037305,62.600537],[17.94707,62.578467],[17.834473,62.502734],[17.717773,62.500879],[17.646387,62.450879],[17.570605,62.451025],[17.508984,62.48252],[17.410254,62.508398],[17.378418,62.462793],[17.37334,62.426514],[17.429004,62.334717],[17.535254,62.263672],[17.633691,62.233008],[17.562891,62.212305],[17.510156,62.166309],[17.446582,62.022656],[17.412012,61.966113],[17.374512,61.866309],[17.398242,61.78208],[17.417285,61.740674],[17.46543,61.684473],[17.33457,61.691699],[17.196387,61.724561],[17.215625,61.656348],[17.130762,61.575732],[17.146582,61.504639],[17.164258,61.458301],[17.137988,61.381689],[17.17793,61.357617],[17.199609,61.311963],[17.163867,61.278271],[17.179785,61.249268],[17.185742,61.146533],[17.212891,60.98584],[17.20293,60.951855],[17.278906,60.812158],[17.26123,60.763184],[17.250977,60.700781],[17.359863,60.64082],[17.457031,60.641797],[17.555469,60.642725],[17.593066,60.627686],[17.630762,60.585254],[17.661133,60.535156],[17.742188,60.539307],[17.871582,60.580078],[17.955762,60.589795],[18.011328,60.511426],[18.1625,60.40791],[18.250488,60.361523],[18.4,60.337109],[18.55752,60.253564],[18.535449,60.152881],[18.601172,60.119238],[18.787012,60.079492],[18.852734,60.025879],[18.884277,59.980176],[18.933203,59.942285],[18.99043,59.827783],[18.970508,59.757227],[18.895605,59.732959],[18.71875,59.657373],[18.639941,59.600928],[18.578125,59.565771],[18.402441,59.490381],[18.338086,59.476855],[18.276465,59.437646],[18.216895,59.420508],[18.163574,59.430371],[17.964258,59.359375],[17.979785,59.329053],[18.132617,59.316211],[18.210547,59.331445],[18.270508,59.367139],[18.336035,59.375342],[18.395801,59.368604],[18.45918,59.396729],[18.508887,59.407959],[18.560254,59.394482],[18.617578,59.327051],[18.498633,59.291943],[18.414258,59.290332],[18.373047,59.179736],[18.321973,59.132227],[18.285352,59.109375],[18.098145,59.062305],[17.974609,59.002637],[17.829004,58.95459],[17.76543,58.965039],[17.669629,58.916211],[17.456738,58.858398],[17.347656,58.780518],[17.102832,58.71084],[16.978125,58.65415],[16.639355,58.651172],[16.31582,58.663623],[16.214258,58.63667],[16.318066,58.62832],[16.39082,58.601855],[16.478027,58.612891],[16.683008,58.599658],[16.788477,58.585254],[16.923828,58.492578],[16.824316,58.459619],[16.651953,58.434326],[16.716602,58.302881],[16.769922,58.214258],[16.700098,58.160791],[16.694922,57.917529],[16.596973,57.912891],[16.555371,57.812256],[16.58623,57.760937],[16.583789,57.641748],[16.604199,57.568311],[16.652246,57.500684],[16.630859,57.430176],[16.475977,57.265137],[16.479492,57.187695],[16.507324,57.141699],[16.52793,57.068164],[16.45752,56.926807],[16.407813,56.808691],[16.34873,56.709277],[16.216504,56.58999],[16.150684,56.50083],[15.99668,56.222607],[15.920313,56.167383],[15.82666,56.124951],[15.722266,56.164209],[15.626563,56.185596],[15.509668,56.183008],[15.326563,56.15083],[15.051172,56.172217],[14.782031,56.161914],[14.713965,56.134131],[14.754785,56.033154],[14.655566,56.019922],[14.558594,56.048633],[14.473242,56.014355],[14.401953,55.976758],[14.261914,55.887549],[14.215039,55.832617],[14.20293,55.72915],[14.276465,55.636377],[14.341699,55.527734],[14.17373,55.396631],[14.07998,55.392187],[13.806348,55.428564],[13.321387,55.346387],[12.88584,55.411377],[12.940625,55.481592],[12.93877,55.533203],[12.963379,55.612598],[12.978027,55.693799],[12.973926,55.748145],[12.941992,55.806055],[12.83457,55.881836],[12.592578,56.137598],[12.520996,56.245557],[12.471191,56.290527],[12.507031,56.292969],[12.706348,56.23501],[12.752832,56.242139],[12.80166,56.263916],[12.742188,56.346875],[12.691113,56.384424],[12.656445,56.440576],[12.773145,56.455762],[12.857422,56.452393],[12.919531,56.515576],[12.883691,56.617725],[12.793164,56.64917],[12.717578,56.662842],[12.572656,56.823291],[12.421484,56.906396],[12.151855,57.226953],[12.053223,57.446973],[11.961523,57.426074],[11.916992,57.521924],[11.885059,57.612695],[11.878711,57.679443],[11.734961,57.717676],[11.729102,57.764453],[11.703223,57.973193],[11.549023,58.001221],[11.449316,58.118359],[11.431543,58.33999],[11.32998,58.380322],[11.248242,58.369141],[11.252051,58.424072],[11.271582,58.475635],[11.223828,58.679932],[11.20791,58.866406],[11.169141,58.922705],[11.147168,58.988623],[11.166895,59.045557],[11.195801,59.078271],[11.295313,59.086865],[11.388281,59.036523]]],[[[19.156348,57.922607],[19.138379,57.860254],[19.086523,57.86499],[19.039258,57.911035],[19.134863,57.981348],[19.281152,57.977539],[19.331445,57.962891],[19.156348,57.922607]]],[[[18.416211,59.029102],[18.371875,59.01958],[18.349902,59.022607],[18.377246,59.069043],[18.397559,59.089111],[18.464941,59.107861],[18.485547,59.10459],[18.416211,59.029102]]],[[[18.59541,59.470361],[18.570312,59.437256],[18.545117,59.477832],[18.555176,59.485791],[18.572363,59.52583],[18.620898,59.547803],[18.698438,59.534619],[18.697949,59.524609],[18.623828,59.492188],[18.59541,59.470361]]]]}},{"type":"Feature","id":"TH","properties":{"ISO_A2":"TH","name":"Thailand"},"geometry":{"type":"MultiPolygon","coordinates":[[[[102.606445,11.676514],[102.589941,11.572168],[102.532813,11.614941],[102.546484,11.667773],[102.568945,11.691699],[102.606445,11.676514]]],[[[102.426758,11.988721],[102.42998,11.964746],[102.378125,11.982959],[102.359961,11.974414],[102.301953,11.980811],[102.27334,12.119336],[102.277441,12.151855],[102.318848,12.14165],[102.378125,12.072852],[102.408398,12.025098],[102.426758,11.988721]]],[[[98.409082,7.902051],[98.398438,7.828418],[98.357422,7.829443],[98.315625,7.782324],[98.296289,7.776074],[98.262305,7.926074],[98.301367,8.13623],[98.32207,8.166309],[98.350977,8.110645],[98.434961,8.085645],[98.398828,7.964551],[98.409082,7.902051]]],[[[100.122461,20.31665],[100.114941,20.257666],[100.139746,20.24541],[100.174121,20.272754],[100.218066,20.3396],[100.266016,20.377295],[100.317969,20.385889],[100.373145,20.340381],[100.431543,20.240723],[100.491602,20.184082],[100.519531,20.17793],[100.539941,20.132373],[100.543066,20.088672],[100.514551,19.996338],[100.466211,19.888916],[100.397656,19.756104],[100.420117,19.644482],[100.513574,19.553467],[100.625488,19.499854],[100.743945,19.514746],[100.806836,19.541943],[100.858203,19.585059],[100.906055,19.605371],[100.966504,19.610791],[101.154688,19.579199],[101.211914,19.54834],[101.220801,19.486621],[101.197559,19.32793],[101.226562,19.211523],[101.279883,19.088916],[101.286328,18.977148],[101.220508,18.792773],[101.165527,18.618311],[101.106348,18.533545],[101.060449,18.479004],[101.046973,18.441992],[101.050586,18.407031],[101.092773,18.354541],[101.1375,18.286865],[101.14873,18.222168],[101.143945,18.142627],[101.113281,18.033545],[100.999023,17.797168],[100.908496,17.583887],[100.955859,17.541113],[101.045703,17.509961],[101.105176,17.479541],[101.16748,17.499023],[101.299707,17.625],[101.413672,17.71875],[101.555078,17.812354],[101.563672,17.820508],[101.6875,17.889404],[101.744141,17.952686],[101.774805,18.033398],[101.818652,18.064648],[101.875488,18.046436],[101.947461,18.081494],[102.03457,18.169824],[102.101465,18.210645],[102.148242,18.203857],[102.231641,18.148975],[102.351855,18.045947],[102.458789,17.984619],[102.552539,17.965088],[102.598242,17.926758],[102.596094,17.869629],[102.616797,17.83335],[102.660645,17.817969],[102.680078,17.824121],[102.675195,17.851758],[102.717578,17.892236],[102.807422,17.945557],[102.898633,17.976904],[102.991406,17.98623],[103.051367,18.028516],[103.091211,18.138232],[103.148535,18.221729],[103.199707,18.259473],[103.263184,18.278467],[103.27959,18.30498],[103.248926,18.338965],[103.251758,18.373486],[103.288281,18.408398],[103.366992,18.42334],[103.487988,18.418164],[103.629687,18.382568],[103.792285,18.316504],[103.898828,18.295313],[103.949609,18.318994],[104.04873,18.216699],[104.196191,17.988379],[104.322656,17.81582],[104.428125,17.698975],[104.539258,17.609277],[104.655859,17.546729],[104.739648,17.46167],[104.816016,17.300293],[104.758984,17.077148],[104.743555,16.884375],[104.750586,16.647559],[104.819336,16.466064],[104.949902,16.339941],[105.025781,16.237988],[105.047168,16.160254],[105.14873,16.093555],[105.330664,16.037891],[105.40625,15.987451],[105.375586,15.942188],[105.373242,15.889697],[105.398926,15.829883],[105.462012,15.78042],[105.562402,15.74126],[105.62207,15.699951],[105.641016,15.656543],[105.638867,15.585938],[105.615625,15.488281],[105.57373,15.413232],[105.513184,15.360889],[105.505859,15.319629],[105.49043,15.256592],[105.49043,15.127588],[105.533398,15.041602],[105.54668,14.932471],[105.523047,14.843311],[105.500195,14.66123],[105.497363,14.590674],[105.475586,14.530127],[105.422656,14.471631],[105.342188,14.416699],[105.243652,14.367871],[105.183301,14.34624],[105.169141,14.336084],[105.125977,14.280957],[105.074121,14.227441],[105.033691,14.227393],[105.003418,14.254443],[104.982422,14.289453],[104.969727,14.366113],[104.878809,14.404004],[104.779004,14.427832],[104.575781,14.390039],[104.411621,14.36958],[104.227734,14.395508],[104.054297,14.362744],[103.981836,14.35791],[103.898633,14.362793],[103.818359,14.362158],[103.741895,14.37417],[103.600391,14.421094],[103.546387,14.417432],[103.432422,14.378613],[103.313477,14.351318],[103.199414,14.332617],[103.031055,14.252539],[102.909277,14.136719],[102.873242,14.054883],[102.812793,13.972461],[102.728906,13.841895],[102.62041,13.716943],[102.544727,13.659961],[102.565527,13.626367],[102.546875,13.585693],[102.428516,13.567578],[102.336328,13.560303],[102.319727,13.53999],[102.330762,13.288232],[102.362988,13.192969],[102.422656,13.077979],[102.461719,13.015039],[102.490723,12.82832],[102.499609,12.669971],[102.629687,12.569922],[102.70332,12.493506],[102.755664,12.42627],[102.737402,12.383398],[102.70625,12.255664],[102.736621,12.089795],[102.918066,11.73208],[102.933887,11.706689],[102.912305,11.703857],[102.883691,11.772754],[102.791602,11.888623],[102.762988,12.012451],[102.654883,12.148828],[102.594141,12.203027],[102.574805,12.157812],[102.540234,12.109229],[102.434082,12.179248],[102.343164,12.252588],[102.259082,12.394336],[102.248438,12.361426],[102.22959,12.331641],[102.13418,12.443018],[102.034375,12.531885],[101.944531,12.563672],[101.889063,12.593262],[101.835742,12.640381],[101.723633,12.689355],[101.444922,12.618945],[101.090234,12.673633],[100.953711,12.62124],[100.897754,12.653809],[100.863281,12.714502],[100.896387,12.818164],[100.903906,13.034912],[100.946094,13.187256],[100.92627,13.303027],[100.946973,13.357568],[100.962695,13.431982],[100.906543,13.462402],[100.656055,13.521289],[100.60293,13.568164],[100.536426,13.514453],[100.235645,13.484473],[100.122363,13.439551],[100.01748,13.353174],[99.990527,13.243457],[100.051074,13.17124],[100.089941,13.045654],[99.982031,12.771484],[99.963965,12.690039],[100.005664,12.354736],[99.989062,12.170801],[99.930273,12.047461],[99.837109,11.936621],[99.79873,11.748779],[99.725488,11.661768],[99.627344,11.462891],[99.561328,11.215186],[99.514355,11.100586],[99.486914,10.889551],[99.284766,10.569141],[99.237305,10.388135],[99.165039,10.319824],[99.190332,10.265869],[99.194629,10.175439],[99.169336,9.93418],[99.160742,9.734033],[99.191309,9.627148],[99.288281,9.4146],[99.265039,9.352979],[99.253906,9.265234],[99.335449,9.225439],[99.393848,9.213721],[99.723828,9.314209],[99.835547,9.288379],[99.877539,9.194629],[99.904688,9.112891],[99.960645,8.67124],[99.989551,8.589209],[100.05625,8.511133],[100.129297,8.428076],[100.154102,8.442969],[100.158887,8.473779],[100.163477,8.508398],[100.228711,8.424707],[100.279395,8.268506],[100.453516,7.442285],[100.503711,7.337305],[100.545215,7.226904],[100.439355,7.280762],[100.410742,7.464307],[100.380371,7.541504],[100.342969,7.552881],[100.283789,7.551514],[100.27998,7.584326],[100.324316,7.644189],[100.317383,7.715967],[100.256641,7.774902],[100.158203,7.728125],[100.160742,7.599268],[100.204883,7.500537],[100.371387,7.280127],[100.423535,7.187842],[100.489746,7.161377],[100.58623,7.175977],[100.70166,7.081982],[100.792578,6.994678],[101.017871,6.860937],[101.154395,6.875146],[101.301953,6.908301],[101.400879,6.899561],[101.497949,6.865283],[101.614258,6.753955],[101.799219,6.474609],[102.101074,6.242236],[102.068359,6.184668],[102.055176,6.09668],[101.936133,5.979346],[101.917188,5.911377],[101.873633,5.825293],[101.790723,5.779346],[101.719531,5.770605],[101.678418,5.778809],[101.65,5.795996],[101.601367,5.877148],[101.576758,5.902002],[101.556055,5.907764],[101.404199,5.85166],[101.257031,5.789355],[101.229785,5.733691],[101.190625,5.66875],[101.147656,5.643066],[101.113965,5.636768],[101.081738,5.674902],[101.025195,5.724512],[100.981641,5.771045],[100.992773,5.846191],[101.075586,5.956494],[101.086523,6.033691],[101.075977,6.166064],[101.053516,6.242578],[101.029395,6.245312],[100.98877,6.257666],[100.873926,6.24541],[100.816504,6.331641],[100.79375,6.426172],[100.754492,6.460059],[100.715625,6.480664],[100.629492,6.447998],[100.563867,6.467529],[100.34541,6.549902],[100.261426,6.682715],[100.216602,6.686621],[100.176758,6.671826],[100.16123,6.641602],[100.137988,6.488672],[100.119141,6.441992],[99.868652,6.749902],[99.695996,6.87666],[99.720313,7.106201],[99.667773,7.150879],[99.602441,7.155322],[99.553027,7.218799],[99.596973,7.355615],[99.529102,7.329492],[99.435156,7.334375],[99.358594,7.372217],[99.300391,7.561328],[99.263672,7.619043],[99.183398,7.718066],[99.077637,7.718066],[99.042676,7.765625],[99.051074,7.887842],[98.973926,7.962793],[98.872461,8.023926],[98.788672,8.059814],[98.703516,8.256738],[98.636328,8.305029],[98.579199,8.344287],[98.499805,8.317822],[98.474023,8.246924],[98.420996,8.178223],[98.360742,8.186963],[98.305469,8.226221],[98.238184,8.423096],[98.226953,8.543652],[98.241797,8.767871],[98.325977,8.968945],[98.371387,9.290527],[98.443164,9.492822],[98.492969,9.561426],[98.561914,9.8375],[98.702539,10.190381],[98.718457,10.266016],[98.746875,10.35083],[98.768359,10.430859],[98.775391,10.557031],[98.757227,10.623584],[98.757227,10.660937],[98.786914,10.708447],[98.887109,10.78833],[99.025391,10.919971],[99.190137,11.105273],[99.358789,11.389453],[99.442676,11.554395],[99.47793,11.6125],[99.515234,11.630664],[99.572852,11.687158],[99.6125,11.749658],[99.614746,11.781201],[99.522949,12.089648],[99.462891,12.190234],[99.432422,12.309033],[99.416309,12.394824],[99.394238,12.473633],[99.405078,12.5479],[99.371973,12.594238],[99.297363,12.652881],[99.219824,12.739746],[99.173535,12.881934],[99.173535,12.961328],[99.123926,13.030762],[99.107422,13.103516],[99.137109,13.172998],[99.176172,13.233057],[99.17168,13.496924],[99.156055,13.575781],[99.136816,13.716699],[99.08623,13.822754],[99.014648,13.947168],[98.933594,14.049854],[98.721191,14.235742],[98.57002,14.359912],[98.49502,14.4729],[98.400195,14.602979],[98.332129,14.696484],[98.245996,14.814746],[98.202148,14.975928],[98.17793,15.147412],[98.191016,15.204102],[98.232227,15.241357],[98.286133,15.271582],[98.329395,15.278564],[98.452148,15.357373],[98.537305,15.350684],[98.556934,15.367676],[98.565234,15.403564],[98.554492,15.559766],[98.558203,15.768604],[98.574023,15.938623],[98.592383,16.050684],[98.817969,16.180811],[98.865527,16.237061],[98.888477,16.298096],[98.888281,16.351904],[98.869336,16.394189],[98.835449,16.417578],[98.689258,16.30542],[98.660742,16.33042],[98.593652,16.514795],[98.564746,16.570947],[98.523145,16.638184],[98.478125,16.732227],[98.471191,16.89502],[98.438867,16.975684],[98.256543,17.147656],[98.174609,17.239893],[98.063086,17.373291],[97.929297,17.533301],[97.792969,17.68125],[97.729102,17.77583],[97.706445,17.797119],[97.698535,17.833545],[97.739941,17.935303],[97.719727,18.037402],[97.651563,18.17373],[97.622461,18.258008],[97.632227,18.290332],[97.599316,18.302979],[97.523828,18.295898],[97.450781,18.359668],[97.380664,18.494287],[97.373926,18.517969],[97.39707,18.517529],[97.484961,18.494238],[97.515137,18.497754],[97.577344,18.528711],[97.671582,18.56123],[97.727734,18.572021],[97.745898,18.588184],[97.754004,18.620801],[97.706055,18.931787],[97.71416,18.996484],[97.803906,19.130469],[97.793555,19.265869],[97.816797,19.459961],[97.916406,19.592871],[97.991211,19.653711],[98.015039,19.749512],[98.049023,19.769727],[98.111035,19.762158],[98.239062,19.690674],[98.293652,19.687256],[98.371289,19.68916],[98.45498,19.694434],[98.493848,19.701318],[98.760645,19.771094],[98.819531,19.778467],[98.875781,19.76958],[98.916699,19.7729],[98.958008,19.804932],[98.987402,19.861377],[99.020703,20.041797],[99.039746,20.073633],[99.074219,20.099365],[99.130762,20.116602],[99.196875,20.115137],[99.283691,20.08042],[99.337891,20.078906],[99.399219,20.093457],[99.451563,20.118311],[99.485938,20.149854],[99.50166,20.187744],[99.4875,20.260645],[99.447949,20.352051],[99.458887,20.363037],[99.531641,20.342822],[99.638672,20.320459],[99.720117,20.325439],[99.77334,20.341309],[99.825195,20.384473],[99.890332,20.424414],[99.954297,20.41543],[100.003613,20.37959],[100.122461,20.31665]]],[[[100.074121,9.69668],[100.064453,9.67998],[100.025684,9.711719],[99.998047,9.747607],[99.983398,9.793555],[100.043457,9.79165],[100.073047,9.749121],[100.074121,9.69668]]],[[[100.070703,9.586035],[100.075293,9.529443],[100.053711,9.461426],[99.962402,9.421631],[99.93125,9.476074],[99.939551,9.559961],[99.953613,9.581006],[100.042969,9.576855],[100.070703,9.586035]]],[[[99.663086,6.521924],[99.644043,6.516113],[99.606641,6.596826],[99.654004,6.714111],[99.701367,6.570557],[99.663086,6.521924]]],[[[98.591992,7.933936],[98.57998,7.917041],[98.529395,8.108545],[98.604297,8.057324],[98.591992,7.933936]]],[[[98.30752,9.051465],[98.250781,9.04082],[98.258398,9.09541],[98.273633,9.129883],[98.301172,9.139111],[98.3125,9.080371],[98.30752,9.051465]]],[[[99.078418,7.591846],[99.104395,7.471289],[99.067871,7.495898],[99.037695,7.548486],[99.038086,7.625732],[99.045117,7.636523],[99.078418,7.591846]]]]}},{"type":"Feature","id":"US","properties":{"ISO_A2":"US","name":"United States of America"},"geometry":{"type":"MultiPolygon","coordinates":[[[[-132.746875,56.525684],[-132.757617,56.511035],[-132.884717,56.512451],[-132.930811,56.524463],[-132.948047,56.567236],[-132.93623,56.606836],[-132.906543,56.637402],[-132.870654,56.696387],[-132.842529,56.794775],[-132.655859,56.684717],[-132.598682,56.635742],[-132.567969,56.57583],[-132.634229,56.553467],[-132.714453,56.542529],[-132.746875,56.525684]]],[[[-132.779883,56.247266],[-132.830957,56.244141],[-132.891455,56.259424],[-133.03501,56.340918],[-133.037646,56.364844],[-133.01709,56.391992],[-132.935498,56.441797],[-132.902051,56.45376],[-132.706055,56.448486],[-132.643359,56.435156],[-132.629102,56.411914],[-132.632275,56.388281],[-132.652832,56.364355],[-132.657568,56.339307],[-132.646582,56.313184],[-132.669385,56.287305],[-132.779883,56.247266]]],[[[-134.312744,58.228906],[-134.319873,58.204102],[-134.45625,58.206543],[-134.593994,58.243115],[-134.661572,58.290918],[-134.647998,58.312402],[-134.519971,58.33252],[-134.398877,58.287207],[-134.312744,58.228906]]],[[[-145.118506,60.337109],[-145.150488,60.312646],[-145.237646,60.321338],[-145.284277,60.336816],[-145.128125,60.401123],[-145.102441,60.388232],[-145.118506,60.337109]]],[[[-144.565625,59.818408],[-144.613574,59.812646],[-144.541553,59.878223],[-144.444922,59.950684],[-144.353955,59.996191],[-144.235742,60.015186],[-144.248975,59.982129],[-144.403223,59.921094],[-144.565625,59.818408]]],[[[-148.021777,60.065332],[-148.07417,60.034717],[-148.271875,60.053271],[-148.230664,60.113525],[-148.07959,60.15166],[-147.914209,60.092334],[-148.021777,60.065332]]],[[[-152.020752,60.361719],[-152.069043,60.358057],[-152.004492,60.407422],[-151.959717,60.50376],[-151.899414,60.490381],[-151.887305,60.472705],[-151.986914,60.373975],[-152.020752,60.361719]]],[[[-160.329297,55.337695],[-160.343311,55.258789],[-160.480762,55.308984],[-160.51748,55.333838],[-160.49292,55.352344],[-160.362305,55.356982],[-160.329297,55.337695]]],[[[-159.362012,54.972412],[-159.394482,54.967334],[-159.421338,54.978125],[-159.458496,55.034961],[-159.461914,55.058789],[-159.39043,55.040869],[-159.363184,54.999512],[-159.362012,54.972412]]],[[[-159.515137,55.151855],[-159.52041,55.072168],[-159.534961,55.059619],[-159.561475,55.080908],[-159.617725,55.057324],[-159.648486,55.074561],[-159.6354,55.102344],[-159.639648,55.123975],[-159.597949,55.125684],[-159.588037,55.165332],[-159.595264,55.182031],[-159.574756,55.217725],[-159.545068,55.225977],[-159.515137,55.151855]]],[[[-166.209766,53.723291],[-166.223828,53.72041],[-166.249414,53.745166],[-166.250732,53.767773],[-166.234375,53.78418],[-166.187744,53.822461],[-166.154541,53.836133],[-166.113721,53.843066],[-166.102686,53.832812],[-166.138623,53.787402],[-166.18374,53.756885],[-166.209766,53.723291]]],[[[-176.008984,51.812354],[-176.093359,51.790479],[-176.204443,51.834814],[-176.193652,51.886279],[-176.071631,51.843311],[-176.008984,51.812354]]],[[[-166.109863,66.227441],[-166.148633,66.221826],[-166.146484,66.237158],[-166.03252,66.277734],[-165.822217,66.328076],[-165.829883,66.317139],[-165.942285,66.278174],[-166.109863,66.227441]]],[[[-171.463037,63.640039],[-171.447852,63.615674],[-171.343359,63.619629],[-171.196924,63.609131],[-171.034863,63.585498],[-170.874609,63.593994],[-170.67251,63.668848],[-170.551855,63.688477],[-170.43042,63.698828],[-170.299365,63.680615],[-170.171289,63.640918],[-170.121826,63.617529],[-170.082422,63.57666],[-170.056299,63.527197],[-170.017383,63.491748],[-169.777441,63.447998],[-169.624121,63.430566],[-169.587207,63.406592],[-169.554541,63.373486],[-169.427588,63.34834],[-169.295068,63.35752],[-169.221094,63.348584],[-168.996045,63.347314],[-168.716016,63.310596],[-168.761328,63.21377],[-168.852393,63.17124],[-169.109033,63.184912],[-169.364697,63.171143],[-169.47085,63.121289],[-169.559277,63.058203],[-169.571289,62.996777],[-169.622852,62.968555],[-169.676367,62.956104],[-169.719824,62.990088],[-169.777783,63.09375],[-169.818604,63.122363],[-169.863428,63.140381],[-169.988477,63.173145],[-170.115381,63.193848],[-170.1896,63.196338],[-170.243115,63.232275],[-170.272705,63.284277],[-170.323535,63.311133],[-170.42417,63.349268],[-170.5271,63.379297],[-170.848389,63.444385],[-170.954053,63.45293],[-171.06123,63.445898],[-171.176025,63.416211],[-171.287305,63.372168],[-171.401172,63.339258],[-171.519141,63.331982],[-171.631836,63.351221],[-171.737842,63.394238],[-171.790967,63.424707],[-171.819385,63.477246],[-171.81792,63.529834],[-171.803516,63.580518],[-171.746387,63.703076],[-171.646484,63.727002],[-171.463037,63.640039]]],[[[-166.135449,60.383545],[-166.043652,60.333936],[-165.994922,60.331152],[-165.840918,60.34624],[-165.784473,60.335596],[-165.729688,60.314209],[-165.695801,60.281543],[-165.689355,60.224121],[-165.714404,60.172852],[-165.706934,60.100586],[-165.712354,60.069336],[-165.630566,60.028369],[-165.605029,59.972803],[-165.591797,59.913135],[-165.769287,59.893213],[-165.946729,59.890039],[-166.099854,59.849609],[-166.131201,59.819775],[-166.106689,59.775439],[-166.14873,59.764111],[-166.187549,59.773828],[-166.261621,59.814893],[-166.342969,59.834424],[-166.627637,59.864648],[-166.985059,59.983887],[-167.138867,60.008545],[-167.295117,60.095703],[-167.436426,60.206641],[-167.344336,60.224463],[-167.251709,60.233545],[-166.836328,60.216992],[-166.784375,60.296436],[-166.730957,60.31626],[-166.598975,60.33877],[-166.475684,60.382764],[-166.420361,60.381689],[-166.363867,60.364746],[-166.246973,60.391162],[-166.184961,60.396777],[-166.135449,60.383545]]],[[[-152.898047,57.823926],[-152.89082,57.768994],[-152.850146,57.775684],[-152.69624,57.832275],[-152.616016,57.848877],[-152.511572,57.851465],[-152.42876,57.825684],[-152.411914,57.805908],[-152.419141,57.782324],[-152.4854,57.734424],[-152.482617,57.70332],[-152.411475,57.646094],[-152.236523,57.614893],[-152.215283,57.597705],[-152.216211,57.577002],[-152.33667,57.482227],[-152.380859,57.460107],[-152.412207,57.454785],[-152.630957,57.471826],[-152.831152,57.502881],[-152.912158,57.508154],[-152.940771,57.498096],[-152.997461,57.468945],[-152.956836,57.460352],[-152.781348,57.453418],[-152.719531,57.41084],[-152.692529,57.37959],[-152.679053,57.345117],[-152.714063,57.330957],[-152.789111,57.320654],[-152.879053,57.320801],[-152.990283,57.281982],[-153.051611,57.237646],[-153.274365,57.226367],[-153.443701,57.167187],[-153.503564,57.137988],[-153.524414,57.103076],[-153.588281,57.077686],[-153.732568,57.052344],[-153.646533,57.02959],[-153.633057,57.010352],[-153.631445,56.983691],[-153.643311,56.960742],[-153.757227,56.85835],[-153.972705,56.774219],[-154.027344,56.777979],[-154.050781,56.788477],[-154.07002,56.804541],[-154.07085,56.820654],[-153.793213,56.989502],[-153.804199,56.997803],[-153.879736,57.003516],[-153.999365,57.049951],[-154.083789,57.020068],[-154.102979,57.02124],[-154.080469,57.061035],[-154.025439,57.108496],[-154.035059,57.121826],[-154.065332,57.133691],[-154.134863,57.140771],[-154.24375,57.143018],[-154.324414,57.131787],[-154.376807,57.107031],[-154.381104,57.096533],[-154.269531,57.099463],[-154.239209,57.086865],[-154.209131,57.06333],[-154.19082,57.036133],[-154.184326,57.005322],[-154.207715,56.963818],[-154.260938,56.911768],[-154.338965,56.920898],[-154.498779,57.036572],[-154.569336,57.205908],[-154.705957,57.335352],[-154.712207,57.36626],[-154.673193,57.446094],[-154.535303,57.559424],[-154.387061,57.590479],[-154.281445,57.638086],[-154.179346,57.652441],[-154.116162,57.651221],[-154.029834,57.630713],[-153.99502,57.587305],[-154.015869,57.566895],[-154.00791,57.556152],[-153.947363,57.530078],[-153.881885,57.439014],[-153.80542,57.358203],[-153.75459,57.325342],[-153.687695,57.305127],[-153.756934,57.366846],[-153.797803,57.443262],[-153.818359,57.595605],[-153.838135,57.63584],[-153.799463,57.64668],[-153.690137,57.640723],[-153.693164,57.663428],[-153.808496,57.714746],[-153.879443,57.757178],[-153.906104,57.790771],[-153.904443,57.819873],[-153.841553,57.862842],[-153.805811,57.875098],[-153.768994,57.880371],[-153.695605,57.87124],[-153.662646,57.857813],[-153.568555,57.761084],[-153.524463,57.731006],[-153.487939,57.730957],[-153.454053,57.747021],[-153.422705,57.77915],[-153.39043,57.798389],[-153.357129,57.804688],[-153.252393,57.790479],[-153.21748,57.795752],[-153.200293,57.82002],[-153.201025,57.863281],[-153.175195,57.878857],[-153.168848,57.910645],[-153.225928,57.957617],[-153.160449,57.971973],[-152.943262,57.936035],[-152.850391,57.896777],[-152.898047,57.823926]]],[[[-130.025098,55.888232],[-130.074658,55.836035],[-130.111963,55.779785],[-130.137061,55.719385],[-130.146533,55.654492],[-130.14043,55.58501],[-130.12041,55.524414],[-130.059473,55.412305],[-130.039258,55.343604],[-130.036572,55.2979],[-130.171826,55.137012],[-130.218506,55.060254],[-130.214063,55.025879],[-130.312549,54.945947],[-130.493262,54.83418],[-130.575342,54.769678],[-130.61582,54.790918],[-130.849609,54.807617],[-130.934619,54.950391],[-130.979688,55.061182],[-131.047852,55.157666],[-131.045898,55.17959],[-130.983936,55.243945],[-130.750391,55.296973],[-130.748193,55.318018],[-130.835059,55.33208],[-130.855957,55.355127],[-130.879785,55.459521],[-130.873389,55.551123],[-130.879639,55.611816],[-130.918555,55.735986],[-130.977002,55.811963],[-131.127686,55.960156],[-131.140381,55.99751],[-131.074023,56.044385],[-131.032764,56.088086],[-131.287598,56.012109],[-131.635254,55.932227],[-131.78418,55.876562],[-131.815479,55.854199],[-131.826172,55.835352],[-131.799072,55.782812],[-131.803271,55.765967],[-131.833594,55.734912],[-131.869434,55.647168],[-131.94502,55.55415],[-131.983398,55.53501],[-132.118994,55.569775],[-132.15542,55.599561],[-132.223437,55.721045],[-132.20752,55.753418],[-132.157959,55.780664],[-132.090674,55.839551],[-132.005713,55.930078],[-131.843848,56.160107],[-131.738037,56.16123],[-131.551367,56.206787],[-131.844238,56.229639],[-131.887891,56.24165],[-131.927295,56.272998],[-131.962305,56.323682],[-132.021924,56.380078],[-132.133252,56.399854],[-132.182031,56.420654],[-132.255566,56.489111],[-132.30498,56.519873],[-132.332031,56.55791],[-132.33667,56.603125],[-132.357666,56.625879],[-132.434424,56.634131],[-132.475928,56.649658],[-132.487109,56.766406],[-132.639502,56.796436],[-132.701953,56.822266],[-132.802197,56.895166],[-132.829883,56.930615],[-132.838818,56.960205],[-132.814258,57.040723],[-132.824609,57.055811],[-132.913428,57.047461],[-133.465869,57.172168],[-133.43667,57.336865],[-133.538965,57.55415],[-133.64873,57.642285],[-133.626953,57.676514],[-133.603369,57.694678],[-133.554199,57.695068],[-133.342334,57.631104],[-133.142822,57.555127],[-133.117041,57.566211],[-133.435742,57.727051],[-133.515479,57.775146],[-133.535205,57.832959],[-133.536426,57.863867],[-133.511133,57.880127],[-133.212061,57.865674],[-133.194336,57.877686],[-133.497412,57.924658],[-133.559375,57.924463],[-133.625732,57.856982],[-133.657275,57.841016],[-133.722314,57.844238],[-133.744141,57.85459],[-133.821387,57.936377],[-133.894482,57.993262],[-134.031104,58.072168],[-134.056738,58.128369],[-134.06333,58.211084],[-134.045264,58.289258],[-133.933643,58.467871],[-133.888525,58.49873],[-133.876758,58.518164],[-133.911133,58.515234],[-133.943848,58.498291],[-134.036133,58.415332],[-134.131201,58.279346],[-134.208838,58.232959],[-134.257617,58.244189],[-134.331445,58.299609],[-134.485449,58.367188],[-134.663623,58.384717],[-134.776123,58.453857],[-134.942529,58.646289],[-134.964795,58.742188],[-134.986133,58.765625],[-135.076465,58.796777],[-135.131836,58.842871],[-135.217383,59.076611],[-135.330322,59.239063],[-135.358447,59.324902],[-135.348926,59.410059],[-135.363672,59.419434],[-135.402539,59.353076],[-135.412744,59.318457],[-135.484082,59.308691],[-135.416943,59.241504],[-135.400146,59.20791],[-135.43374,59.210693],[-135.502344,59.202295],[-135.386133,59.087549],[-135.334082,58.909619],[-135.257031,58.777734],[-135.20708,58.670898],[-135.18457,58.589746],[-135.151904,58.512207],[-135.062012,58.340869],[-135.049707,58.306787],[-135.060498,58.278906],[-135.090234,58.24585],[-135.141553,58.233398],[-135.302539,58.255908],[-135.363135,58.298291],[-135.449951,58.376123],[-135.571777,58.412061],[-135.873437,58.394238],[-135.897559,58.400195],[-135.896338,58.463818],[-135.861719,58.577051],[-135.889551,58.622705],[-136.045508,58.789111],[-136.043115,58.821631],[-135.826367,58.897949],[-135.931689,58.90376],[-136.016602,58.873975],[-136.049365,58.893213],[-136.100635,58.999854],[-136.133691,59.039551],[-136.150049,59.048096],[-136.159473,58.946777],[-136.123535,58.893457],[-136.118408,58.862598],[-136.12417,58.819629],[-136.146826,58.788818],[-136.186328,58.770166],[-136.22583,58.765479],[-136.299023,58.786914],[-136.380273,58.827295],[-136.451172,58.846338],[-136.477588,58.8625],[-136.511182,58.90708],[-136.566211,58.940918],[-136.830957,58.983838],[-136.989014,59.034473],[-137.002148,59.021143],[-136.952832,58.966943],[-136.948047,58.934912],[-136.987891,58.925146],[-137.059033,58.87373],[-137.038379,58.86665],[-136.963037,58.883545],[-136.879102,58.881543],[-136.740137,58.850195],[-136.613916,58.809277],[-136.568213,58.786328],[-136.549316,58.752393],[-136.533496,58.740234],[-136.410107,58.700635],[-136.404199,58.679785],[-136.48374,58.617676],[-136.319873,58.624463],[-136.224609,58.602246],[-136.102881,58.506299],[-136.061475,58.452734],[-136.055957,58.38418],[-136.08125,58.364209],[-136.129639,58.350391],[-136.462402,58.327979],[-136.582617,58.245215],[-136.607422,58.243994],[-136.698926,58.266455],[-136.86499,58.332422],[-137.071924,58.395215],[-137.543994,58.581201],[-137.556934,58.589941],[-137.5646,58.625879],[-137.59707,58.644238],[-137.661084,58.659912],[-137.75,58.70708],[-137.863721,58.785547],[-137.933984,58.846875],[-137.960889,58.891016],[-138.026904,58.941455],[-138.240723,59.046826],[-138.35249,59.087305],[-138.451318,59.110107],[-138.537158,59.115088],[-138.560303,59.12915],[-138.520703,59.152246],[-138.514893,59.165918],[-138.704199,59.187549],[-138.884326,59.236914],[-139.340967,59.375635],[-139.576807,59.462451],[-139.714453,59.503955],[-139.773291,59.527295],[-139.799121,59.54624],[-139.766064,59.566064],[-139.674121,59.586816],[-139.611621,59.610303],[-139.513037,59.698096],[-139.505566,59.726318],[-139.558496,59.790186],[-139.582178,59.848291],[-139.581152,59.880518],[-139.569141,59.912354],[-139.554102,59.933301],[-139.512305,59.953564],[-139.483008,59.96377],[-139.446875,59.956836],[-139.330957,59.877002],[-139.314648,59.847949],[-139.32002,59.738721],[-139.286719,59.610937],[-139.27627,59.620361],[-139.265625,59.662598],[-139.25874,59.743311],[-139.245703,59.78208],[-139.220801,59.819873],[-139.178857,59.839844],[-139.048291,59.828223],[-138.988086,59.83501],[-139.24248,59.892773],[-139.40249,60.000977],[-139.431445,60.012256],[-139.518945,60.01709],[-139.61167,59.973438],[-139.850195,59.830713],[-139.916895,59.805664],[-140.216748,59.72666],[-140.419824,59.710742],[-140.648389,59.723193],[-140.843164,59.748877],[-141.331934,59.873779],[-141.408301,59.902783],[-141.294629,59.980029],[-141.289941,60.00415],[-141.329541,60.082813],[-141.362158,60.105273],[-141.40874,60.117676],[-141.42168,60.108838],[-141.422168,60.085498],[-141.409717,60.042285],[-141.44707,60.019434],[-141.530176,59.994775],[-141.670166,59.969873],[-142.104102,60.033447],[-142.548584,60.086035],[-142.945654,60.096973],[-143.506104,60.055029],[-143.805078,60.012891],[-143.979492,60.008789],[-144.147217,60.016406],[-144.160937,60.045801],[-144.084277,60.063037],[-144.088525,60.084326],[-144.185498,60.150732],[-144.332617,60.191016],[-144.52998,60.205225],[-144.642969,60.224658],[-144.671582,60.249219],[-144.741406,60.272705],[-144.852441,60.295068],[-144.901318,60.335156],[-144.862451,60.45918],[-144.824414,60.533594],[-144.786572,60.584619],[-144.691113,60.669092],[-144.724414,60.662842],[-144.863086,60.600879],[-144.984033,60.536914],[-145.095996,60.453662],[-145.162695,60.415381],[-145.248291,60.380127],[-145.381787,60.388574],[-145.563135,60.440723],[-145.718457,60.467578],[-145.847754,60.469238],[-145.898877,60.478174],[-145.810645,60.524658],[-145.759814,60.562012],[-145.690234,60.621973],[-145.674902,60.651123],[-146.149023,60.660693],[-146.166406,60.692285],[-146.16709,60.715527],[-146.182324,60.734766],[-146.251025,60.749072],[-146.347168,60.738135],[-146.502979,60.700781],[-146.570459,60.72915],[-146.546387,60.745117],[-146.495508,60.756787],[-146.391992,60.81084],[-146.531934,60.838867],[-146.603564,60.870947],[-146.638428,60.897314],[-146.636035,60.992529],[-146.599121,61.053516],[-146.284912,61.112646],[-146.384375,61.13584],[-146.582715,61.127832],[-146.715918,61.077539],[-146.874023,61.004883],[-146.980176,60.977783],[-147.034326,60.996191],[-147.105957,61.002539],[-147.19502,60.996826],[-147.254883,60.978271],[-147.285596,60.946777],[-147.321094,60.925488],[-147.361377,60.914502],[-147.390576,60.918018],[-147.433398,60.950293],[-147.523291,60.970312],[-147.567285,60.994922],[-147.592578,60.979443],[-147.623291,60.933008],[-147.655664,60.909521],[-147.807617,60.8854],[-147.891113,60.889893],[-147.990771,60.948291],[-148.005127,60.968555],[-147.971191,61.019043],[-147.751855,61.218945],[-147.773779,61.217822],[-147.844824,61.186377],[-147.986377,61.106494],[-148.049414,61.082666],[-148.15791,61.079687],[-148.208691,61.088281],[-148.27002,61.081787],[-148.341895,61.0604],[-148.38877,61.036963],[-148.410742,61.011475],[-148.39585,61.007129],[-148.287402,61.03623],[-148.225879,61.044043],[-148.208691,61.029932],[-148.293164,60.939697],[-148.344434,60.853564],[-148.393311,60.831885],[-148.471045,60.835498],[-148.556152,60.827002],[-148.557373,60.80293],[-148.398682,60.734033],[-148.34126,60.724316],[-148.267871,60.699707],[-148.256738,60.675293],[-148.284229,60.609326],[-148.30498,60.58335],[-148.338428,60.569824],[-148.467773,60.57207],[-148.50957,60.565234],[-148.596631,60.523779],[-148.640137,60.489453],[-148.624268,60.486426],[-148.549121,60.514795],[-148.439844,60.52998],[-148.296387,60.53208],[-148.189453,60.547119],[-148.119189,60.575146],[-148.050684,60.567188],[-147.984033,60.52334],[-147.964111,60.484863],[-147.990967,60.451855],[-148.045996,60.42832],[-148.129199,60.414209],[-148.181689,60.393066],[-148.203564,60.364941],[-148.215869,60.323145],[-148.218652,60.267676],[-148.197607,60.167773],[-148.21377,60.154248],[-148.24502,60.146826],[-148.291357,60.145459],[-148.333105,60.122021],[-148.430713,59.989111],[-148.465088,59.974707],[-148.506055,59.988965],[-148.542383,59.987402],[-148.574072,59.970068],[-148.643604,59.956836],[-148.750879,59.947754],[-148.842725,59.951221],[-149.004248,59.97998],[-149.070117,60.000244],[-149.121582,60.033496],[-149.266602,59.998291],[-149.304932,60.013672],[-149.395264,60.105762],[-149.414844,60.100244],[-149.432227,60.001025],[-149.459717,59.96626],[-149.54917,59.894336],[-149.598047,59.770459],[-149.612891,59.766846],[-149.629639,59.784668],[-149.684668,59.895313],[-149.713867,59.91958],[-149.794775,59.855811],[-149.803662,59.832715],[-149.782471,59.750342],[-149.80127,59.737939],[-149.96499,59.782275],[-150.005322,59.784424],[-150.015967,59.776953],[-149.960156,59.713037],[-149.966504,59.690039],[-150.198047,59.566553],[-150.258496,59.570947],[-150.296484,59.583252],[-150.338135,59.581348],[-150.485352,59.535303],[-150.525977,59.537305],[-150.581543,59.5646],[-150.607373,59.563379],[-150.621143,59.535059],[-150.6229,59.479639],[-150.677441,59.426953],[-150.852783,59.341846],[-150.899316,59.302686],[-150.934521,59.249121],[-150.960742,59.243994],[-151.063574,59.278418],[-151.182764,59.300781],[-151.199219,59.289648],[-151.163037,59.256934],[-151.170703,59.236914],[-151.222266,59.229395],[-151.2875,59.232324],[-151.366357,59.245605],[-151.477002,59.230566],[-151.619385,59.187305],[-151.738184,59.188525],[-151.903857,59.259766],[-151.949512,59.265088],[-151.964063,59.285107],[-151.931689,59.342725],[-151.884619,59.386328],[-151.849951,59.406348],[-151.692578,59.462207],[-151.512695,59.482715],[-151.399609,59.516309],[-151.262109,59.585596],[-151.189404,59.637695],[-151.046484,59.771826],[-151.057324,59.782178],[-151.089453,59.789404],[-151.403662,59.662256],[-151.450098,59.650391],[-151.512598,59.65127],[-151.763818,59.7],[-151.816943,59.720898],[-151.853223,59.78208],[-151.783447,59.921143],[-151.734521,59.98833],[-151.611865,60.092041],[-151.451465,60.202637],[-151.395996,60.274463],[-151.312695,60.466455],[-151.317529,60.553564],[-151.355029,60.659863],[-151.356445,60.722949],[-151.321777,60.74292],[-150.95376,60.841211],[-150.779492,60.914795],[-150.44126,61.023584],[-150.349121,61.022656],[-150.281494,60.985205],[-150.202783,60.955225],[-150.113037,60.932812],[-149.997559,60.935156],[-149.85625,60.962256],[-149.632471,60.952002],[-149.172852,60.88042],[-149.075098,60.876416],[-149.071289,60.885547],[-149.142236,60.935693],[-149.459131,60.964746],[-149.59248,60.993848],[-149.967725,61.121729],[-150.053271,61.171094],[-150.018555,61.194238],[-149.926758,61.213281],[-149.895312,61.231738],[-149.882031,61.263721],[-149.829199,61.30752],[-149.736914,61.36333],[-149.595996,61.417285],[-149.329053,61.497363],[-149.433545,61.500781],[-149.625439,61.486035],[-149.695264,61.470703],[-149.82373,61.413379],[-149.873682,61.372998],[-149.945215,61.294238],[-149.975684,61.279346],[-150.108936,61.26792],[-150.471777,61.259961],[-150.533203,61.300244],[-150.567236,61.306787],[-150.612256,61.301123],[-150.945508,61.198242],[-151.06499,61.145703],[-151.150146,61.08584],[-151.281885,61.041943],[-151.460107,61.014111],[-151.593506,60.979639],[-151.733984,60.910742],[-151.781641,60.857959],[-151.784424,60.833154],[-151.750488,60.754883],[-151.785107,60.740234],[-151.866162,60.734082],[-151.99624,60.682227],[-152.270703,60.528125],[-152.306592,60.472217],[-152.305078,60.453027],[-152.260303,60.409424],[-152.291504,60.381104],[-152.368848,60.336328],[-152.540918,60.26543],[-152.653955,60.238428],[-152.727295,60.237061],[-152.7979,60.247168],[-152.923389,60.292871],[-153.025,60.295654],[-153.03125,60.289258],[-152.89292,60.240381],[-152.752393,60.17749],[-152.664746,60.125293],[-152.630127,60.083789],[-152.628564,60.041113],[-152.660107,59.997217],[-152.759473,59.920898],[-152.856934,59.898096],[-153.106055,59.875049],[-153.186377,59.856885],[-153.21123,59.842725],[-153.040088,59.810498],[-153.024609,59.793994],[-153.048145,59.730029],[-153.093604,59.709131],[-153.236182,59.670947],[-153.364014,59.659863],[-153.383496,59.667187],[-153.359619,59.71748],[-153.366455,59.729834],[-153.414404,59.740137],[-153.482617,59.720947],[-153.652539,59.647021],[-153.670703,59.634814],[-153.609375,59.615039],[-153.622266,59.598486],[-153.714355,59.545264],[-153.752588,59.509863],[-153.81416,59.47373],[-154.08833,59.363281],[-154.06748,59.336377],[-154.138818,59.240137],[-154.17832,59.155566],[-154.129834,59.119873],[-153.899561,59.078027],[-153.787939,59.06792],[-153.656396,59.038672],[-153.418262,58.959961],[-153.338965,58.908545],[-153.327051,58.884326],[-153.334424,58.857861],[-153.362939,58.822217],[-153.437598,58.754834],[-153.617334,58.654736],[-153.698584,58.626367],[-153.821484,58.604102],[-153.861963,58.587842],[-154.019873,58.492969],[-154.062451,58.441748],[-154.055713,58.397168],[-154.085889,58.36582],[-154.289014,58.304346],[-154.281787,58.293457],[-154.208057,58.28877],[-154.235107,58.234619],[-154.247021,58.159424],[-154.282275,58.146777],[-154.409229,58.147314],[-154.570605,58.118066],[-154.581934,58.109766],[-154.584912,58.055664],[-155.006885,58.016064],[-155.099268,57.91333],[-155.147363,57.881836],[-155.312744,57.807129],[-155.413965,57.777051],[-155.529639,57.758887],[-155.590234,57.733594],[-155.59585,57.701074],[-155.628711,57.673047],[-155.728955,57.626611],[-155.777979,57.568213],[-155.813672,57.559033],[-156.000195,57.544971],[-156.037354,57.526514],[-156.055371,57.447559],[-156.089893,57.445068],[-156.156006,57.463428],[-156.242188,57.449219],[-156.435889,57.359961],[-156.478418,57.327881],[-156.473682,57.310693],[-156.443555,57.293652],[-156.397656,57.240576],[-156.400488,57.204834],[-156.475146,57.105176],[-156.501318,57.089795],[-156.592041,57.065088],[-156.629004,57.009961],[-156.712646,57.016064],[-156.779883,57.005615],[-156.823877,56.968848],[-156.871729,56.947656],[-156.923438,56.94209],[-156.988428,56.912939],[-157.066699,56.860205],[-157.13916,56.826563],[-157.205762,56.812061],[-157.270557,56.808496],[-157.333594,56.815869],[-157.390234,56.809814],[-157.440576,56.790332],[-157.489648,56.759766],[-157.528711,56.673193],[-157.578369,56.634473],[-157.609766,56.627686],[-157.673877,56.633447],[-157.770703,56.65166],[-157.869092,56.645215],[-158.027881,56.592139],[-158.07832,56.552051],[-157.978271,56.543164],[-157.928711,56.531689],[-157.92998,56.520459],[-157.982178,56.50957],[-158.070947,56.510352],[-158.124365,56.501025],[-158.189404,56.478174],[-158.35249,56.453516],[-158.414404,56.43584],[-158.537402,56.335449],[-158.552148,56.312695],[-158.536377,56.307666],[-158.467334,56.318262],[-158.386133,56.301562],[-158.343994,56.280322],[-158.316992,56.25415],[-158.291406,56.203662],[-158.275635,56.19624],[-158.431836,56.111475],[-158.476123,56.075488],[-158.504687,56.062109],[-158.52334,56.072461],[-158.542676,56.166846],[-158.554443,56.182861],[-158.591162,56.184521],[-158.626758,56.154688],[-158.704883,56.043115],[-158.789844,55.986914],[-159.429443,55.842725],[-159.523242,55.81001],[-159.541309,55.748486],[-159.567627,55.695215],[-159.610059,55.652783],[-159.659668,55.625928],[-159.670264,55.64502],[-159.665332,55.794873],[-159.678516,55.824658],[-159.743018,55.84375],[-159.771387,55.841113],[-159.8104,55.832715],[-159.874365,55.800293],[-159.913525,55.792187],[-159.962305,55.794873],[-160.045654,55.762939],[-160.243799,55.660547],[-160.373193,55.635107],[-160.407422,55.613818],[-160.462695,55.557812],[-160.499316,55.537305],[-160.553516,55.535498],[-160.625244,55.552393],[-160.68291,55.54043],[-160.726514,55.499658],[-160.77085,55.483545],[-160.896729,55.513623],[-160.952197,55.493066],[-161.024219,55.44043],[-161.099512,55.405713],[-161.178027,55.388867],[-161.381934,55.371289],[-161.463867,55.38252],[-161.480518,55.397803],[-161.476709,55.464893],[-161.443799,55.513281],[-161.41333,55.536133],[-161.372705,55.556299],[-161.313281,55.558643],[-161.2021,55.543555],[-161.214697,55.559766],[-161.255127,55.579004],[-161.357471,55.612207],[-161.458789,55.62915],[-161.516943,55.618408],[-161.598779,55.592822],[-161.654297,55.563379],[-161.683545,55.529932],[-161.720361,55.420703],[-161.741553,55.391162],[-161.980322,55.198633],[-162.073975,55.139307],[-162.166602,55.14375],[-162.211475,55.121338],[-162.274658,55.073242],[-162.33291,55.050244],[-162.386377,55.052344],[-162.42793,55.061475],[-162.457471,55.077686],[-162.452393,55.092822],[-162.412549,55.106885],[-162.426807,55.14541],[-162.495264,55.208447],[-162.541895,55.242725],[-162.630371,55.24668],[-162.644141,55.218018],[-162.614307,55.071484],[-162.618896,55.038428],[-162.674365,54.996582],[-162.81958,54.95],[-162.865039,54.954541],[-162.995898,55.046484],[-163.119629,55.064697],[-163.127832,55.034766],[-163.100195,54.973633],[-163.131104,54.916553],[-163.220557,54.863379],[-163.288623,54.837598],[-163.335303,54.83916],[-163.337891,54.876367],[-163.296338,54.949268],[-163.285693,55.009961],[-163.305957,55.058545],[-163.303662,55.09585],[-163.278809,55.121826],[-163.114502,55.193945],[-163.045361,55.204736],[-163.008252,55.186865],[-162.961963,55.183838],[-162.906592,55.195557],[-162.871582,55.218604],[-162.857129,55.253027],[-162.78623,55.29707],[-162.658984,55.350781],[-162.513379,55.45],[-162.349365,55.594727],[-162.157129,55.719434],[-161.936621,55.82417],[-161.697314,55.907227],[-161.215625,56.021436],[-161.178613,56.014453],[-161.222559,55.977441],[-161.192529,55.954297],[-161.145166,55.951318],[-160.968652,55.969629],[-160.898633,55.993652],[-160.877832,55.970508],[-160.902393,55.941309],[-161.008398,55.911719],[-161.005371,55.887158],[-160.851318,55.771875],[-160.802832,55.754443],[-160.762598,55.756592],[-160.745508,55.771484],[-160.758398,55.854639],[-160.706348,55.870459],[-160.599707,55.874316],[-160.530225,55.863477],[-160.4979,55.837891],[-160.436914,55.816699],[-160.347314,55.799902],[-160.291699,55.805078],[-160.270117,55.832178],[-160.308496,55.864453],[-160.479883,55.935449],[-160.527441,55.965039],[-160.539062,56.006299],[-160.514697,56.059131],[-160.46084,56.1375],[-160.37749,56.241455],[-160.302051,56.314111],[-160.149268,56.396338],[-160.04624,56.437012],[-159.785059,56.561621],[-159.283105,56.688574],[-159.159033,56.770068],[-158.990381,56.860059],[-158.918018,56.882178],[-158.918018,56.847412],[-158.894873,56.816406],[-158.78208,56.795752],[-158.708838,56.788574],[-158.675146,56.794873],[-158.665918,56.82793],[-158.681055,56.887744],[-158.684814,56.944238],[-158.677246,56.997363],[-158.660791,57.039404],[-158.585596,57.114062],[-158.47373,57.199072],[-158.320947,57.2979],[-158.224512,57.342676],[-158.133545,57.366406],[-158.045703,57.409473],[-157.894336,57.511377],[-157.845752,57.528076],[-157.737207,57.548145],[-157.697412,57.539258],[-157.674023,57.513721],[-157.645557,57.497803],[-157.535303,57.483447],[-157.461914,57.506201],[-157.473877,57.518213],[-157.533496,57.525879],[-157.571631,57.540674],[-157.607568,57.601465],[-157.680664,57.638086],[-157.697217,57.679443],[-157.683984,57.743896],[-157.621191,57.895215],[-157.610889,58.05083],[-157.555029,58.139941],[-157.442676,58.172168],[-157.193701,58.194189],[-157.339404,58.234521],[-157.393604,58.234814],[-157.488379,58.253711],[-157.524414,58.350732],[-157.523633,58.421338],[-157.460889,58.503027],[-157.228857,58.640918],[-156.974658,58.736328],[-157.009033,58.744189],[-157.040479,58.772559],[-156.923242,58.963672],[-156.808887,59.134277],[-156.963379,58.988867],[-157.142041,58.877637],[-157.665723,58.748486],[-158.021924,58.640186],[-158.190918,58.614258],[-158.302588,58.641797],[-158.389648,58.745654],[-158.439307,58.782617],[-158.503174,58.850342],[-158.47627,58.938379],[-158.425635,58.999316],[-158.314502,59.009326],[-158.189209,58.979932],[-158.080518,58.977441],[-158.220605,59.0375],[-158.422803,59.089844],[-158.514404,59.072852],[-158.584473,58.987793],[-158.678271,58.929395],[-158.760596,58.950098],[-158.809473,58.973877],[-158.775537,58.902539],[-158.837744,58.793945],[-158.861377,58.71875],[-158.772119,58.520313],[-158.788623,58.440967],[-158.950684,58.404541],[-159.082666,58.469775],[-159.358203,58.721289],[-159.454199,58.79292],[-159.670264,58.911133],[-159.741455,58.894287],[-159.832227,58.835986],[-159.920215,58.819873],[-160.152588,58.905908],[-160.260791,58.971533],[-160.363135,59.051172],[-160.519922,59.007324],[-160.656641,58.955078],[-160.81709,58.87168],[-160.924268,58.872412],[-161.215918,58.800977],[-161.246826,58.799463],[-161.287891,58.760937],[-161.328125,58.743701],[-161.361328,58.669531],[-161.755469,58.612012],[-162.144922,58.644238],[-162.008691,58.68501],[-161.856494,58.71709],[-161.724365,58.794287],[-161.780518,58.897412],[-161.790283,58.949951],[-161.788672,59.016406],[-161.644385,59.109668],[-161.794482,59.109473],[-161.890771,59.076074],[-161.981055,59.146143],[-162.023291,59.283984],[-161.920117,59.365479],[-161.872217,59.428271],[-161.831689,59.514502],[-161.828711,59.588623],[-161.908643,59.714111],[-162.138135,59.980029],[-162.24248,60.17832],[-162.421338,60.283984],[-162.287793,60.456885],[-162.138867,60.614355],[-161.946582,60.684814],[-161.962012,60.695361],[-162.068262,60.694873],[-162.138037,60.685547],[-162.199902,60.634326],[-162.265039,60.595215],[-162.468701,60.394678],[-162.599707,60.296973],[-162.684961,60.268945],[-162.547705,60.231055],[-162.526953,60.199121],[-162.500488,60.126562],[-162.535645,60.038379],[-162.570752,59.989746],[-162.732617,59.993652],[-162.877832,59.922754],[-163.219385,59.845605],[-163.680371,59.801514],[-163.906885,59.806787],[-164.142822,59.896777],[-164.141113,59.948877],[-164.131543,59.994238],[-164.470508,60.149316],[-164.662256,60.303809],[-164.799951,60.307227],[-164.919727,60.348438],[-165.061133,60.412549],[-165.04873,60.464258],[-165.026514,60.500635],[-165.113281,60.526074],[-165.224512,60.523584],[-165.353809,60.541211],[-165.016016,60.740039],[-164.899805,60.873145],[-164.805176,60.892041],[-164.682373,60.871533],[-164.512939,60.819043],[-164.370068,60.795898],[-164.318506,60.771289],[-164.265674,60.724658],[-164.321387,60.646631],[-164.372363,60.591846],[-164.309668,60.606738],[-164.131836,60.691504],[-163.999561,60.766064],[-163.936133,60.758301],[-163.894922,60.745166],[-163.821387,60.668262],[-163.72998,60.58999],[-163.528711,60.664551],[-163.420947,60.757422],[-163.511865,60.798145],[-163.623047,60.822217],[-163.906543,60.853809],[-163.837305,60.88042],[-163.65542,60.87749],[-163.586914,60.902979],[-163.658936,60.938232],[-163.749023,60.969727],[-163.994629,60.864697],[-164.441553,60.869971],[-164.753955,60.931299],[-165.065625,60.920654],[-165.114844,60.932812],[-165.175488,60.965674],[-164.999902,61.043652],[-164.875586,61.086768],[-164.868994,61.111768],[-164.941211,61.114893],[-165.0771,61.094189],[-165.137695,61.130127],[-165.127783,61.192432],[-165.150049,61.186865],[-165.20376,61.152832],[-165.279785,61.169629],[-165.344873,61.197705],[-165.310791,61.227637],[-165.243945,61.26875],[-165.273633,61.274854],[-165.333691,61.266113],[-165.392041,61.212305],[-165.379297,61.16875],[-165.380762,61.106299],[-165.480469,61.094873],[-165.565869,61.102344],[-165.627588,61.165186],[-165.691357,61.299902],[-165.863965,61.335693],[-165.906299,61.403809],[-165.797119,61.491162],[-165.845313,61.53623],[-165.961328,61.550879],[-166.093994,61.506738],[-166.152734,61.545947],[-166.163525,61.589014],[-166.168115,61.65083],[-166.131152,61.657324],[-166.100488,61.645068],[-165.83457,61.679395],[-165.808936,61.696094],[-166.019922,61.748291],[-166.078809,61.803125],[-165.991406,61.83418],[-165.833838,61.836816],[-165.612793,61.869287],[-165.705811,61.927441],[-165.725244,61.959375],[-165.743945,62.011719],[-165.707275,62.100439],[-165.447656,62.303906],[-165.194531,62.473535],[-165.115625,62.512695],[-164.999707,62.533789],[-164.891846,62.517578],[-164.779199,62.481152],[-164.757861,62.496729],[-164.796094,62.511621],[-164.844385,62.581055],[-164.687988,62.608252],[-164.596289,62.68667],[-164.589453,62.709375],[-164.688965,62.676758],[-164.792676,62.623193],[-164.818652,62.677051],[-164.84541,62.800977],[-164.799658,62.918066],[-164.764062,62.970605],[-164.677441,63.020459],[-164.428125,63.04043],[-164.384229,63.030469],[-164.375098,63.054004],[-164.525195,63.127637],[-164.463281,63.185205],[-164.409033,63.215039],[-164.107617,63.261719],[-163.942871,63.247217],[-163.73623,63.192822],[-163.616309,63.125146],[-163.63374,63.09043],[-163.663574,63.070312],[-163.725732,63.047803],[-163.748975,63.030322],[-163.737842,63.016406],[-163.649365,63.056787],[-163.504346,63.105859],[-163.423193,63.084521],[-163.358838,63.045752],[-163.287842,63.046436],[-163.062256,63.079736],[-162.947705,63.11499],[-162.807764,63.206592],[-162.621484,63.26582],[-162.359814,63.452588],[-162.282813,63.529199],[-162.193311,63.540967],[-162.1125,63.53418],[-162.05625,63.471338],[-161.973975,63.45293],[-161.50542,63.468164],[-161.266016,63.496973],[-161.099707,63.55791],[-160.926709,63.660547],[-160.826514,63.729346],[-160.778564,63.818945],[-160.840479,63.934912],[-160.903955,64.031201],[-160.987549,64.25127],[-161.220117,64.396582],[-161.385693,64.439941],[-161.490723,64.433789],[-161.4146,64.526367],[-161.193066,64.516406],[-161.048779,64.534473],[-160.931934,64.579102],[-160.893701,64.612891],[-160.836035,64.681934],[-160.855908,64.755615],[-160.886963,64.795557],[-160.96748,64.839551],[-161.063232,64.904004],[-161.130176,64.925439],[-161.186914,64.924023],[-161.466357,64.794873],[-161.633984,64.79248],[-161.759375,64.81626],[-161.868311,64.742676],[-162.172266,64.678076],[-162.334619,64.612842],[-162.635742,64.45083],[-162.711084,64.377539],[-162.807031,64.374219],[-162.876416,64.516406],[-163.203906,64.652002],[-163.302832,64.605908],[-163.248291,64.563281],[-163.174072,64.532959],[-163.051758,64.519727],[-163.104492,64.478613],[-163.144336,64.423828],[-163.267041,64.475195],[-163.486182,64.549805],[-163.713086,64.588232],[-164.303955,64.583936],[-164.691846,64.507422],[-164.72749,64.523291],[-164.764941,64.529639],[-164.829541,64.511377],[-164.857275,64.480322],[-164.899512,64.460645],[-164.97876,64.453662],[-165.138135,64.465234],[-165.446191,64.512842],[-166.142773,64.582764],[-166.325098,64.625732],[-166.481396,64.728076],[-166.478125,64.797559],[-166.408691,64.826953],[-166.415234,64.926514],[-166.550879,64.952979],[-166.826953,65.096094],[-166.928418,65.15708],[-166.906396,65.163818],[-166.856787,65.147266],[-166.762549,65.134912],[-166.531006,65.154736],[-166.45166,65.247314],[-166.279687,65.273779],[-166.121484,65.260742],[-166.157031,65.28584],[-166.197412,65.305566],[-166.609375,65.352734],[-166.665381,65.338281],[-167.404004,65.422119],[-167.987256,65.567773],[-168.03501,65.595605],[-168.088379,65.657764],[-168.009668,65.719141],[-167.930566,65.748145],[-167.927002,65.714355],[-167.914355,65.681201],[-167.580029,65.758301],[-167.405322,65.859326],[-167.074219,65.877051],[-166.997217,65.904932],[-166.894434,65.95918],[-166.747656,66.051855],[-166.540137,66.100635],[-166.39873,66.144434],[-166.2146,66.170264],[-166.057422,66.127246],[-166.008936,66.121338],[-165.723682,66.112549],[-165.629932,66.131201],[-165.58999,66.145117],[-165.560205,66.16709],[-165.840234,66.245068],[-165.811865,66.288477],[-165.776172,66.319043],[-165.449414,66.409912],[-165.198291,66.439941],[-165.063965,66.437842],[-164.674121,66.555029],[-164.460498,66.588428],[-164.058252,66.610742],[-163.727686,66.616455],[-163.638232,66.574658],[-163.815723,66.583496],[-163.893945,66.575879],[-163.838232,66.561572],[-163.775488,66.531104],[-163.793701,66.492627],[-163.902881,66.378369],[-163.893945,66.286914],[-163.96499,66.257324],[-164.03374,66.215527],[-163.695361,66.083838],[-163.171436,66.075439],[-162.886475,66.099219],[-162.721777,66.059814],[-162.586865,66.05083],[-162.214258,66.071045],[-161.933691,66.042871],[-161.816309,66.053662],[-161.556836,66.250537],[-161.45542,66.281396],[-161.345068,66.247168],[-161.201074,66.219385],[-161.109229,66.239502],[-161.034277,66.188818],[-161.069531,66.294629],[-161.120313,66.334326],[-161.544434,66.407031],[-161.828174,66.37085],[-161.916895,66.411816],[-161.887598,66.493066],[-162.191162,66.693115],[-162.317725,66.733691],[-162.467432,66.735645],[-162.543652,66.805127],[-162.607422,66.894385],[-162.47832,66.930811],[-162.361621,66.947314],[-162.253564,66.918652],[-162.131396,66.801367],[-162.017627,66.784131],[-162.050732,66.667285],[-161.90957,66.559619],[-161.591016,66.459521],[-161.335938,66.496338],[-161.155811,66.495312],[-161.048145,66.474219],[-160.784473,66.384375],[-160.650537,66.373096],[-160.231689,66.420264],[-160.227344,66.508545],[-160.262549,66.572461],[-160.360889,66.6125],[-160.643799,66.60498],[-160.864014,66.67085],[-161.051465,66.652783],[-161.398047,66.551855],[-161.571729,66.591602],[-161.680908,66.645508],[-161.856689,66.700342],[-161.87876,66.803955],[-161.731299,66.922803],[-161.622217,66.979346],[-161.719922,67.020557],[-161.96543,67.049561],[-162.391553,67.019873],[-162.411572,67.060303],[-162.409424,67.103955],[-162.583105,67.018506],[-162.761426,67.036426],[-163.001709,67.027295],[-163.531836,67.102588],[-163.720557,67.195557],[-163.799805,67.270996],[-163.942676,67.477588],[-164.125195,67.606738],[-165.386035,68.045605],[-165.95957,68.155908],[-166.235938,68.27793],[-166.409131,68.307959],[-166.574463,68.320264],[-166.786279,68.359619],[-166.643896,68.408008],[-166.545898,68.424365],[-166.647852,68.373828],[-166.57041,68.361084],[-166.447021,68.390234],[-166.380518,68.425146],[-166.282959,68.573242],[-166.182031,68.797217],[-166.209082,68.885352],[-165.509473,68.867578],[-165.043945,68.882471],[-164.889697,68.902441],[-164.302344,68.936475],[-164.150195,68.961182],[-163.86792,69.03667],[-163.535693,69.170117],[-163.250537,69.345361],[-163.205176,69.392529],[-163.187109,69.380469],[-163.161475,69.387939],[-163.131006,69.454346],[-163.093555,69.610693],[-162.9521,69.758105],[-162.350391,70.094141],[-162.071143,70.227197],[-161.977979,70.287646],[-161.880957,70.331738],[-161.812598,70.289844],[-161.779932,70.277344],[-161.761084,70.257666],[-161.818408,70.248437],[-161.911963,70.205469],[-162.042383,70.17666],[-162.073877,70.161963],[-161.997412,70.165234],[-161.768164,70.196533],[-161.639014,70.234521],[-160.996289,70.30459],[-160.647656,70.420557],[-160.634131,70.446387],[-160.117139,70.591211],[-160.045605,70.585596],[-159.963135,70.568164],[-160.106396,70.472559],[-160.005566,70.447559],[-160.095068,70.333301],[-159.907568,70.331445],[-159.865674,70.278857],[-159.855225,70.32417],[-159.85752,70.389258],[-159.842627,70.453027],[-159.81499,70.49707],[-159.683301,70.477148],[-159.386768,70.524512],[-159.746191,70.530469],[-159.961816,70.634082],[-160.081592,70.634863],[-159.680908,70.786768],[-159.314502,70.878516],[-159.231738,70.876758],[-159.191748,70.859668],[-159.183154,70.831934],[-159.262207,70.813867],[-159.339844,70.78125],[-159.30415,70.752539],[-159.251172,70.748437],[-159.075049,70.77207],[-158.996289,70.801611],[-158.620947,70.799023],[-158.51084,70.820117],[-158.484375,70.841064],[-157.998486,70.845313],[-157.909375,70.860107],[-157.605615,70.94126],[-157.324756,71.0396],[-157.195312,71.093262],[-156.97334,71.230029],[-156.783301,71.318945],[-156.470215,71.407666],[-156.395264,71.39668],[-156.49668,71.379102],[-156.567236,71.341553],[-156.469971,71.291553],[-155.811133,71.188428],[-155.645605,71.182764],[-155.579443,71.121094],[-155.63457,71.061572],[-155.804346,70.99541],[-156.146582,70.927832],[-156.041943,70.902246],[-155.973535,70.841992],[-155.872217,70.834668],[-155.708057,70.857275],[-155.579395,70.894336],[-155.313379,71.01499],[-155.229736,71.082227],[-155.166846,71.099219],[-154.943799,71.083057],[-154.817529,71.048486],[-154.673682,70.987109],[-154.726318,70.927783],[-154.785205,70.894287],[-154.598633,70.847998],[-154.392188,70.83833],[-154.195215,70.801123],[-153.918213,70.877344],[-153.701367,70.893604],[-153.497705,70.891064],[-153.23291,70.932568],[-152.784912,70.876025],[-152.67085,70.890723],[-152.491211,70.880957],[-152.300391,70.846777],[-152.23291,70.810352],[-152.437256,70.733252],[-152.470605,70.653613],[-152.399219,70.620459],[-152.269678,70.614746],[-152.253369,70.568262],[-152.172949,70.556641],[-151.769043,70.560156],[-151.799902,70.538037],[-151.819629,70.511328],[-151.944678,70.4521],[-151.224805,70.41875],[-151.128027,70.451611],[-150.979053,70.464697],[-150.662646,70.509912],[-150.543506,70.490137],[-150.403223,70.443896],[-150.273633,70.434326],[-150.15249,70.443701],[-149.870117,70.509668],[-149.544043,70.512891],[-149.410596,70.491406],[-149.269434,70.500781],[-148.844775,70.425195],[-148.688379,70.416309],[-148.479199,70.31792],[-148.371143,70.31499],[-148.248779,70.356738],[-148.142725,70.355469],[-148.039062,70.315479],[-147.869531,70.303271],[-147.790576,70.240137],[-147.705371,70.217236],[-147.062939,70.17041],[-146.744873,70.191748],[-146.28125,70.186133],[-146.057666,70.15625],[-145.823145,70.160059],[-145.440088,70.050928],[-145.236816,70.033936],[-145.197363,70.008691],[-144.619189,69.982129],[-144.416895,70.039014],[-144.064111,70.054102],[-143.746436,70.101953],[-143.566406,70.101465],[-143.357031,70.089551],[-143.276465,70.095313],[-143.218311,70.11626],[-142.707861,70.033789],[-142.422119,69.939502],[-142.296973,69.869873],[-141.699219,69.770361],[-141.526367,69.714697],[-141.40791,69.653369],[-141.338623,69.646777],[-141.289648,69.664697],[-141.080811,69.659424],[-141.002148,69.650781],[-141.002148,69.358594],[-141.002148,69.066357],[-141.002148,68.77417],[-141.002148,68.481982],[-141.002148,68.189746],[-141.002148,67.897559],[-141.002148,67.605371],[-141.002148,67.313135],[-141.002148,67.020947],[-141.002148,66.72876],[-141.002148,66.436523],[-141.002148,66.144336],[-141.002148,65.852148],[-141.002148,65.559912],[-141.002148,65.267725],[-141.002148,64.975537],[-141.002148,64.683301],[-141.002148,64.391113],[-141.002148,64.098877],[-141.002148,63.806689],[-141.002148,63.514453],[-141.002148,63.222266],[-141.002148,62.930078],[-141.002148,62.637891],[-141.002148,62.345703],[-141.002148,62.053467],[-141.002148,61.761279],[-141.002148,61.469043],[-141.002148,61.176855],[-141.002148,60.884668],[-141.002148,60.592432],[-141.002148,60.300244],[-140.762744,60.259131],[-140.525439,60.218359],[-140.452832,60.299707],[-140.196924,60.2375],[-139.973291,60.183154],[-139.830664,60.252881],[-139.676318,60.32832],[-139.467969,60.333691],[-139.234766,60.339746],[-139.079248,60.343701],[-139.079248,60.279443],[-139.136963,60.172705],[-139.185156,60.083594],[-139.043457,59.993262],[-138.86875,59.945752],[-138.705469,59.901318],[-138.632275,59.778271],[-138.453613,59.683398],[-138.317627,59.611133],[-138.187451,59.541943],[-138.001123,59.44292],[-137.870557,59.373584],[-137.696631,59.281152],[-137.593311,59.22627],[-137.543701,59.119434],[-137.48418,58.991211],[-137.520898,58.915381],[-137.438574,58.903125],[-137.277539,58.988184],[-137.126221,59.040967],[-136.939307,59.106104],[-136.813281,59.150049],[-136.57876,59.152246],[-136.466748,59.279932],[-136.466357,59.459082],[-136.347852,59.456055],[-136.277979,59.480322],[-136.247119,59.53291],[-136.321826,59.604834],[-136.097168,59.638379],[-135.934668,59.662646],[-135.702588,59.72876],[-135.475928,59.793262],[-135.367871,59.743311],[-135.260791,59.69502],[-135.051025,59.578662],[-135.03667,59.550684],[-135.05083,59.496045],[-135.071289,59.441455],[-134.94375,59.288281],[-134.907227,59.271191],[-134.802393,59.25],[-134.677246,59.199268],[-134.621973,59.155322],[-134.440771,59.085352],[-134.410205,59.05625],[-134.393066,59.00918],[-134.363525,58.96875],[-134.329639,58.939697],[-134.296973,58.898486],[-134.218506,58.849902],[-134.069189,58.795508],[-133.965723,58.757861],[-133.820752,58.705029],[-133.673926,58.597168],[-133.546387,58.503467],[-133.401123,58.410889],[-133.422559,58.337061],[-133.275293,58.222852],[-133.12041,58.077734],[-133.001416,57.948975],[-132.916846,57.877002],[-132.815527,57.772705],[-132.691504,57.645117],[-132.550488,57.499902],[-132.44248,57.406738],[-132.30166,57.276318],[-132.232178,57.198535],[-132.279395,57.145361],[-132.337988,57.079443],[-132.157031,57.048193],[-132.031543,57.026562],[-132.062891,56.953369],[-132.104297,56.856787],[-131.9625,56.818701],[-131.866162,56.792822],[-131.885986,56.742139],[-131.833105,56.684814],[-131.824268,56.58999],[-131.651514,56.596094],[-131.575098,56.598828],[-131.471875,56.556738],[-131.335791,56.501221],[-131.199414,56.449219],[-131.08291,56.404834],[-130.930225,56.378613],[-130.741699,56.34082],[-130.649072,56.263672],[-130.4771,56.230566],[-130.413135,56.12251],[-130.214697,56.082812],[-130.097852,56.109277],[-130.055957,56.065234],[-130.0229,56.014502],[-130.014062,55.950537],[-130.025098,55.888232]]],[[[-163.476025,54.980713],[-163.378955,54.815527],[-163.336914,54.783203],[-163.274512,54.765576],[-163.187109,54.747754],[-163.135059,54.723291],[-163.089258,54.686084],[-163.083252,54.668994],[-163.358105,54.735693],[-163.530859,54.63833],[-163.583008,54.625684],[-164.073291,54.620996],[-164.171289,54.603027],[-164.234619,54.571338],[-164.34668,54.482422],[-164.403516,54.447852],[-164.463477,54.427344],[-164.59082,54.404346],[-164.743799,54.407471],[-164.823438,54.419092],[-164.866162,54.461377],[-164.903955,54.544775],[-164.903711,54.567969],[-164.887646,54.607813],[-164.751465,54.662939],[-164.706201,54.691992],[-164.529785,54.880859],[-164.478613,54.906836],[-164.424316,54.913184],[-164.273682,54.900049],[-164.145068,54.955127],[-163.867969,55.039111],[-163.807129,55.049072],[-163.607471,55.05083],[-163.553027,55.037842],[-163.510889,55.014307],[-163.476025,54.980713]]],[[[-133.305078,55.54375],[-133.283203,55.515625],[-133.281689,55.497852],[-133.426465,55.431445],[-133.429102,55.417725],[-133.463086,55.37666],[-133.493457,55.36167],[-133.547363,55.317236],[-133.650195,55.269287],[-133.63501,55.41333],[-133.737109,55.496924],[-133.634229,55.539258],[-133.566699,55.527197],[-133.454785,55.522314],[-133.345557,55.559082],[-133.305078,55.54375]]],[[[-131.339746,55.079834],[-131.237451,54.949512],[-131.232031,54.90376],[-131.329541,54.887744],[-131.406201,54.894287],[-131.445703,54.909326],[-131.456104,54.930566],[-131.431348,54.996484],[-131.481738,55.035254],[-131.540039,55.048486],[-131.592236,55.025684],[-131.595117,55.090723],[-131.556006,55.137402],[-131.577832,55.20083],[-131.578467,55.248779],[-131.56543,55.264111],[-131.512646,55.262744],[-131.404639,55.21333],[-131.339746,55.079834]]],[[[-132.112354,56.109375],[-132.132959,55.943262],[-132.172607,55.952637],[-132.210303,55.952979],[-132.287305,55.929395],[-132.368604,55.939746],[-132.406592,55.958203],[-132.420605,55.979541],[-132.406055,56.028857],[-132.451172,56.056348],[-132.602979,56.066406],[-132.659912,56.078174],[-132.691357,56.130078],[-132.699023,56.198193],[-132.675195,56.223633],[-132.59873,56.24165],[-132.539014,56.32417],[-132.505957,56.335254],[-132.379834,56.498779],[-132.316504,56.4875],[-132.205615,56.387939],[-132.066895,56.244238],[-132.112354,56.109375]]],[[[-130.97915,55.48916],[-131.013916,55.379297],[-131.082764,55.266797],[-131.187891,55.206299],[-131.261865,55.219775],[-131.316309,55.268506],[-131.366846,55.26582],[-131.420703,55.275879],[-131.450928,55.316309],[-131.422363,55.368408],[-131.447559,55.408789],[-131.474512,55.373486],[-131.521826,55.341064],[-131.641309,55.298926],[-131.723682,55.218359],[-131.7625,55.16582],[-131.810986,55.223096],[-131.841992,55.358691],[-131.846094,55.41626],[-131.759473,55.503076],[-131.647559,55.585547],[-131.624951,55.831689],[-131.269238,55.955371],[-131.236182,55.948975],[-131.120654,55.856641],[-130.997803,55.727637],[-130.965967,55.669531],[-130.965039,55.568018],[-130.97915,55.48916]]],[[[-133.366211,57.003516],[-133.299707,56.972168],[-133.263525,57.00498],[-133.195996,57.003467],[-133.070801,56.974268],[-132.99624,56.93042],[-132.95415,56.880273],[-132.950586,56.850439],[-132.96333,56.782568],[-132.954004,56.713086],[-132.95918,56.677051],[-132.975879,56.647266],[-133.004102,56.62373],[-133.034912,56.620752],[-133.132373,56.683252],[-133.243994,56.79585],[-133.328955,56.830078],[-133.332422,56.818506],[-133.309082,56.78623],[-133.239697,56.725684],[-133.227246,56.689258],[-133.178467,56.644824],[-133.156641,56.611133],[-133.144238,56.566895],[-133.144727,56.528223],[-133.158154,56.495166],[-133.180811,56.473975],[-133.212646,56.4646],[-133.382764,56.473877],[-133.48418,56.451758],[-133.602783,56.464111],[-133.631348,56.484033],[-133.649268,56.516797],[-133.658301,56.596289],[-133.688184,56.71001],[-133.680957,56.79751],[-133.75752,56.87666],[-133.823047,56.924365],[-133.917285,56.96709],[-133.979443,57.00957],[-133.962354,57.043457],[-133.865967,57.068701],[-133.707715,57.062842],[-133.366211,57.003516]]],[[[-132.862256,54.894434],[-132.837744,54.880957],[-132.812891,54.89043],[-132.772314,54.926074],[-132.700635,54.919043],[-132.648877,54.90708],[-132.617236,54.892432],[-132.634033,54.840479],[-132.646973,54.756152],[-132.67666,54.726221],[-132.705811,54.68418],[-132.807275,54.709131],[-132.8896,54.762646],[-133.008936,54.854834],[-133.075391,54.921338],[-133.080566,54.949414],[-133.122705,54.969824],[-133.204639,55.084473],[-133.251172,55.175146],[-133.324854,55.185498],[-133.417969,55.210693],[-133.453809,55.260352],[-133.429053,55.303809],[-133.296582,55.325732],[-133.097412,55.213721],[-133.06709,55.166211],[-132.995752,55.110596],[-132.982178,55.033008],[-132.945996,55.002588],[-132.862256,54.894434]]],[[[-146.393945,60.449658],[-146.37168,60.422168],[-146.179541,60.42876],[-146.124268,60.423926],[-146.102246,60.411182],[-146.128271,60.392529],[-146.202393,60.368018],[-146.419189,60.325049],[-146.595313,60.268457],[-146.618311,60.273682],[-146.650439,60.335645],[-146.683008,60.360693],[-146.702881,60.395605],[-146.702539,60.408545],[-146.670264,60.432617],[-146.605908,60.467822],[-146.560303,60.480566],[-146.393945,60.449658]]],[[[-147.735889,59.813232],[-147.846338,59.798828],[-147.872461,59.828369],[-147.814355,59.901953],[-147.768066,59.94375],[-147.733643,59.953613],[-147.606689,60.036621],[-147.46582,60.097021],[-147.336523,60.185352],[-147.205225,60.311328],[-147.180859,60.358252],[-147.12002,60.363086],[-147.019873,60.332227],[-146.957861,60.288867],[-146.986719,60.254346],[-147.318457,60.075293],[-147.346338,60.051953],[-147.376514,59.991162],[-147.403809,59.969971],[-147.447559,59.960254],[-147.479395,59.933691],[-147.499316,59.890186],[-147.540234,59.867529],[-147.602051,59.865576],[-147.644922,59.853613],[-147.66875,59.831543],[-147.735889,59.813232]]],[[[-147.658252,60.450488],[-147.658691,60.424121],[-147.690039,60.398877],[-147.659961,60.35249],[-147.712012,60.272754],[-147.732129,60.22207],[-147.759912,60.190234],[-147.787842,60.17793],[-147.81582,60.185156],[-147.82168,60.202734],[-147.805273,60.230664],[-147.871338,60.229785],[-147.891455,60.299414],[-147.854883,60.321436],[-147.841699,60.35127],[-147.837598,60.371289],[-147.794531,60.459863],[-147.77915,60.466064],[-147.77417,60.444971],[-147.760205,60.43877],[-147.737305,60.447412],[-147.702979,60.486816],[-147.688574,60.491406],[-147.658252,60.450488]]],[[[-147.930713,60.826172],[-148.057422,60.81792],[-148.11543,60.830615],[-148.123779,60.844336],[-148.099707,60.894824],[-148.10166,60.916113],[-148.037744,60.924121],[-147.964404,60.900146],[-147.943115,60.875391],[-147.930713,60.826172]]],[[[-153.00708,57.124854],[-153.134229,57.092578],[-153.156836,57.093945],[-153.2354,57.028613],[-153.29541,57.000439],[-153.374609,57.051904],[-153.354346,57.131934],[-153.285205,57.185059],[-152.935449,57.167334],[-152.908398,57.152441],[-152.907764,57.139746],[-152.933447,57.129248],[-153.00708,57.124854]]],[[[-152.486084,58.48501],[-152.515527,58.478613],[-152.588623,58.509229],[-152.636621,58.541699],[-152.604883,58.566406],[-152.463184,58.618506],[-152.395508,58.619385],[-152.36792,58.611084],[-152.356836,58.594971],[-152.362256,58.57085],[-152.392822,58.540869],[-152.486084,58.48501]]],[[[-153.240625,57.850098],[-153.268555,57.822363],[-153.294971,57.829492],[-153.35083,57.861963],[-153.465039,57.909375],[-153.51709,57.941895],[-153.520068,57.955762],[-153.481055,57.971045],[-153.346973,57.932812],[-153.290039,57.8979],[-153.240625,57.850098]]],[[[-155.566016,55.821191],[-155.604883,55.789551],[-155.680615,55.791846],[-155.723193,55.802197],[-155.737354,55.829785],[-155.620605,55.913086],[-155.593945,55.924316],[-155.573242,55.921094],[-155.563916,55.88667],[-155.566016,55.821191]]],[[[-154.682813,56.435791],[-154.751221,56.412158],[-154.773926,56.420264],[-154.777148,56.439893],[-154.760938,56.471143],[-154.729346,56.502148],[-154.62373,56.561328],[-154.517529,56.600537],[-154.463379,56.598193],[-154.444873,56.573193],[-154.511182,56.521436],[-154.682813,56.435791]]],[[[-154.208643,56.514893],[-154.257812,56.512695],[-154.332129,56.539014],[-154.322217,56.570605],[-154.216748,56.60874],[-154.1104,56.60293],[-154.102246,56.581641],[-154.107178,56.557812],[-154.115967,56.543896],[-154.149805,56.52959],[-154.208643,56.514893]]],[[[-160.684912,55.314795],[-160.669727,55.314258],[-160.638818,55.321924],[-160.573975,55.378271],[-160.552783,55.380762],[-160.55249,55.363379],[-160.583154,55.307617],[-160.531201,55.233203],[-160.482666,55.197412],[-160.487549,55.184863],[-160.609082,55.159033],[-160.701807,55.177637],[-160.750635,55.171191],[-160.795068,55.145215],[-160.825488,55.173975],[-160.846533,55.311328],[-160.839648,55.3354],[-160.789209,55.383105],[-160.723926,55.404639],[-160.695654,55.39834],[-160.672168,55.379395],[-160.666357,55.359424],[-160.684912,55.314795]]],[[[-162.298145,54.847021],[-162.321924,54.842383],[-162.390771,54.872998],[-162.415771,54.895898],[-162.433887,54.931543],[-162.293652,54.982861],[-162.2646,54.983496],[-162.238379,54.954736],[-162.23374,54.932031],[-162.272559,54.867188],[-162.298145,54.847021]]],[[[-162.554395,54.401367],[-162.641113,54.379541],[-162.733105,54.402295],[-162.811719,54.444385],[-162.820557,54.494531],[-162.64541,54.462061],[-162.607959,54.446631],[-162.554395,54.401367]]],[[[-159.872998,55.12876],[-159.933936,55.106836],[-159.953076,55.078955],[-159.999414,55.067187],[-160.038428,55.044482],[-160.16958,54.941699],[-160.227051,54.922705],[-160.163574,55.010449],[-160.153613,55.03833],[-160.152393,55.056885],[-160.17207,55.123047],[-160.13374,55.120166],[-160.102197,55.133887],[-160.03877,55.192529],[-159.981641,55.197754],[-159.920459,55.267529],[-159.887354,55.272998],[-159.871045,55.263574],[-159.898242,55.221289],[-159.839404,55.182373],[-159.854102,55.144678],[-159.872998,55.12876]]],[[[-165.841553,54.070654],[-165.879395,54.053027],[-165.909863,54.04917],[-165.93291,54.05918],[-166.036426,54.047168],[-166.056641,54.054346],[-166.102832,54.113965],[-166.105811,54.144824],[-166.087744,54.169141],[-166.04126,54.19126],[-165.966406,54.211035],[-165.892871,54.206982],[-165.764453,54.1521],[-165.704248,54.119922],[-165.692871,54.099902],[-165.737891,54.081104],[-165.841553,54.070654]]],[[[-165.561133,54.136719],[-165.604834,54.12915],[-165.615381,54.139551],[-165.620508,54.183545],[-165.65415,54.25332],[-165.590332,54.278662],[-165.550635,54.284521],[-165.533789,54.273877],[-165.487695,54.221875],[-165.441748,54.208008],[-165.407861,54.196826],[-165.467578,54.180908],[-165.561133,54.136719]]],[[[-160.918994,58.5771],[-160.992383,58.561035],[-161.070264,58.569141],[-161.131494,58.668213],[-161.08457,58.671289],[-160.98623,58.736426],[-160.768604,58.789209],[-160.715137,58.795215],[-160.918994,58.5771]]],[[[-172.742236,60.457373],[-172.526074,60.391748],[-172.3875,60.398486],[-172.277539,60.343652],[-172.23208,60.299121],[-172.397168,60.331104],[-172.635742,60.328857],[-172.958398,60.462793],[-173.074023,60.493213],[-173.047656,60.568311],[-172.923877,60.606836],[-172.860205,60.505664],[-172.742236,60.457373]]],[[[-170.160547,57.183936],[-170.264014,57.136768],[-170.358008,57.154199],[-170.385889,57.188574],[-170.386621,57.203027],[-170.116162,57.241797],[-170.160547,57.183936]]],[[[-169.691943,52.847363],[-169.708105,52.807129],[-169.722754,52.792334],[-169.877344,52.81377],[-169.980566,52.806006],[-169.991846,52.829834],[-169.982568,52.851025],[-169.820654,52.883398],[-169.754883,52.883643],[-169.710986,52.866748],[-169.691943,52.847363]]],[[[-170.733398,52.581494],[-170.797363,52.549756],[-170.816064,52.561523],[-170.827051,52.600732],[-170.791162,52.63125],[-170.68208,52.697559],[-170.608057,52.685059],[-170.584619,52.667578],[-170.586621,52.642432],[-170.614014,52.609619],[-170.649268,52.593115],[-170.692285,52.592969],[-170.733398,52.581494]]],[[[-172.464795,52.272266],[-172.539111,52.257471],[-172.619824,52.272852],[-172.582178,52.325635],[-172.543652,52.353809],[-172.47041,52.388037],[-172.383105,52.372949],[-172.313623,52.32959],[-172.464795,52.272266]]],[[[-169.755225,56.635059],[-169.623926,56.615137],[-169.550488,56.628125],[-169.485693,56.617725],[-169.474316,56.594043],[-169.586865,56.542432],[-169.632617,56.545703],[-169.766162,56.607959],[-169.755225,56.635059]]],[[[-176.286719,51.791992],[-176.349658,51.733301],[-176.396094,51.759863],[-176.413721,51.840576],[-176.378564,51.861133],[-176.280225,51.802832],[-176.286719,51.791992]]],[[[-176.021533,52.002441],[-176.045068,51.972998],[-176.142871,52.004297],[-176.177539,52.029834],[-176.184521,52.056055],[-176.155664,52.099414],[-176.077393,52.099951],[-176.031201,52.082324],[-175.988086,52.049463],[-175.975293,52.028955],[-176.021533,52.002441]]],[[[-177.148193,51.716748],[-177.177002,51.703711],[-177.229883,51.693555],[-177.382373,51.704834],[-177.474658,51.70127],[-177.577588,51.694189],[-177.654883,51.676562],[-177.670215,51.701074],[-177.667627,51.721191],[-177.334717,51.776221],[-177.257275,51.804932],[-177.209766,51.84126],[-177.166406,51.909424],[-177.131494,51.929785],[-177.110059,51.92876],[-177.063037,51.901904],[-177.079541,51.866553],[-177.121387,51.835791],[-177.135107,51.806934],[-177.148193,51.716748]]],[[[178.575488,51.91626],[178.511816,51.899121],[178.477734,51.942529],[178.475,51.967725],[178.509375,51.994678],[178.570605,51.977539],[178.607324,51.953027],[178.575488,51.91626]]],[[[179.451563,51.372607],[179.278125,51.372217],[178.925879,51.535059],[178.74707,51.586719],[178.647949,51.643896],[178.692188,51.655957],[178.908008,51.615576],[179.084277,51.527686],[179.181738,51.469922],[179.294336,51.42085],[179.415527,51.400879],[179.451563,51.372607]]],[[[173.722754,52.35957],[173.657813,52.356641],[173.616211,52.39126],[173.402344,52.404785],[173.424512,52.437646],[173.516504,52.451416],[173.657617,52.504102],[173.776074,52.495117],[173.744727,52.446631],[173.722754,52.35957]]],[[[-134.969775,57.351416],[-134.884863,57.241699],[-134.823193,57.156543],[-134.768506,57.054199],[-134.676855,56.842285],[-134.634082,56.762109],[-134.620703,56.718311],[-134.610547,56.603418],[-134.624316,56.578711],[-134.651709,56.556055],[-134.65708,56.523242],[-134.631689,56.435645],[-134.630029,56.302441],[-134.654004,56.22749],[-134.681885,56.216162],[-134.750293,56.240771],[-134.806445,56.28125],[-134.847998,56.323486],[-134.950146,56.456836],[-134.980566,56.518945],[-134.982422,56.563623],[-134.96665,56.596143],[-134.933203,56.616357],[-134.875098,56.670459],[-134.883447,56.679053],[-134.927588,56.666992],[-135.017822,56.660156],[-135.097168,56.702832],[-135.159033,56.725391],[-135.146582,56.802344],[-135.163135,56.824121],[-135.284814,56.800342],[-135.330615,56.821875],[-135.340625,56.850781],[-135.338379,56.893994],[-135.315137,56.931836],[-135.199609,57.027344],[-135.21123,57.044922],[-135.267383,57.048877],[-135.341357,57.081592],[-135.375293,57.188428],[-135.454932,57.249414],[-135.501953,57.243848],[-135.608936,57.071436],[-135.661865,57.03374],[-135.812305,57.009521],[-135.781641,57.05752],[-135.767725,57.100391],[-135.821143,57.23042],[-135.822754,57.28042],[-135.787109,57.317285],[-135.680908,57.332568],[-135.624512,57.354395],[-135.580566,57.38999],[-135.569629,57.424707],[-135.487305,57.516504],[-135.448682,57.534375],[-135.346289,57.533105],[-135.130664,57.431641],[-135.065234,57.416699],[-134.969775,57.351416]]],[[[-134.680273,58.16167],[-134.426123,58.138818],[-134.240088,58.143994],[-134.070166,57.994531],[-133.965527,57.873779],[-133.904102,57.789209],[-133.869287,57.70752],[-133.822754,57.628662],[-133.826904,57.617578],[-133.925,57.670801],[-133.995557,57.778467],[-134.031641,57.820605],[-134.067236,57.8396],[-134.104736,57.879346],[-134.177539,57.982178],[-134.180273,58.011133],[-134.212598,58.037939],[-134.249951,58.04917],[-134.292334,58.044727],[-134.306885,58.034375],[-134.300391,57.963428],[-134.26709,57.884521],[-134.083691,57.712256],[-133.961133,57.61416],[-133.937012,57.581592],[-133.92085,57.491992],[-133.97373,57.451367],[-133.908838,57.368701],[-133.911133,57.352539],[-133.925293,57.336768],[-134.100049,57.300098],[-134.260156,57.146777],[-134.435303,57.056982],[-134.516016,57.042578],[-134.554785,57.057568],[-134.591504,57.091992],[-134.613086,57.137939],[-134.619531,57.195508],[-134.575879,57.231738],[-134.489209,57.420166],[-134.486768,57.482031],[-134.594824,57.567822],[-134.659863,57.638086],[-134.695117,57.736035],[-134.754102,57.99502],[-134.781494,58.077832],[-134.820117,58.146875],[-134.869971,58.2021],[-134.907666,58.262793],[-134.933105,58.328955],[-134.923486,58.354639],[-134.836963,58.320166],[-134.733203,58.225],[-134.680273,58.16167]]],[[[-135.730371,58.244238],[-135.5875,58.146777],[-135.586279,58.124414],[-135.615381,58.057471],[-135.693115,58.038525],[-135.671143,58.011914],[-135.613232,57.991846],[-135.572021,58.008545],[-135.421191,58.102393],[-135.374707,58.122119],[-135.346631,58.124121],[-135.162842,58.09585],[-135.0021,58.051074],[-134.954688,58.015332],[-134.927979,57.952783],[-134.970654,57.817236],[-135.102588,57.793652],[-135.164746,57.796094],[-135.231201,57.81582],[-135.338477,57.768652],[-135.249561,57.732568],[-134.978857,57.724365],[-134.896631,57.647998],[-134.873096,57.589209],[-134.931494,57.481152],[-135.084863,57.511035],[-135.220215,57.573633],[-135.497852,57.662256],[-135.564209,57.666406],[-135.608545,57.650732],[-135.620654,57.596973],[-135.617822,57.480371],[-135.691943,57.419922],[-135.910791,57.446582],[-135.99668,57.534863],[-136.076611,57.674561],[-136.378223,57.83999],[-136.459912,57.873096],[-136.568604,57.972168],[-136.525098,58.050586],[-136.512305,58.095996],[-136.454395,58.108008],[-136.369531,58.143066],[-136.321973,58.218896],[-136.245703,58.157471],[-136.14375,58.098486],[-136.142334,58.153906],[-136.094385,58.198145],[-135.994385,58.196533],[-135.947412,58.205811],[-135.881738,58.247168],[-135.787061,58.268506],[-135.730371,58.244238]]],[[[-133.566113,56.339209],[-133.376611,56.317773],[-133.202979,56.319824],[-133.143701,56.278564],[-133.104492,56.235107],[-133.081738,56.194189],[-133.075439,56.155859],[-133.080127,56.128711],[-133.101221,56.099805],[-133.096631,56.090039],[-132.757568,55.99502],[-132.597607,55.89502],[-132.533789,55.84248],[-132.496973,55.798096],[-132.430176,55.687012],[-132.288867,55.558105],[-132.214746,55.518848],[-132.172705,55.480615],[-132.196338,55.47915],[-132.295898,55.507471],[-132.511279,55.593945],[-132.528857,55.590479],[-132.54834,55.543701],[-132.581738,55.502637],[-132.631299,55.473193],[-132.591602,55.464355],[-132.417871,55.48291],[-132.272021,55.398633],[-132.215283,55.383545],[-132.160254,55.322998],[-132.158398,55.299805],[-132.19043,55.25498],[-132.214893,55.236768],[-132.206689,55.224414],[-132.165967,55.218018],[-132.005078,55.230615],[-131.976416,55.208594],[-132.000391,55.033838],[-131.977588,54.969482],[-131.97793,54.940234],[-131.996582,54.901416],[-131.997217,54.868604],[-131.982715,54.834912],[-131.980859,54.804834],[-132.02168,54.726318],[-132.064746,54.713135],[-132.134326,54.712549],[-132.189258,54.734863],[-132.266309,54.802344],[-132.341309,54.907227],[-132.370215,54.922217],[-132.468652,54.937939],[-132.486475,54.950391],[-132.549365,54.952588],[-132.593848,54.995752],[-132.588477,55.052344],[-132.626953,55.110059],[-132.622168,55.135937],[-132.665332,55.146777],[-132.701758,55.130518],[-132.682861,55.073926],[-132.70415,55.030078],[-132.782324,55.048486],[-132.912598,55.188477],[-133.060596,55.300928],[-133.118555,55.327637],[-133.103027,55.360254],[-133.030029,55.377539],[-132.970801,55.376172],[-132.958887,55.395557],[-133.082471,55.504102],[-133.078418,55.534912],[-133.033398,55.589697],[-133.089648,55.612598],[-133.24375,55.59541],[-133.298242,55.606885],[-133.342822,55.65083],[-133.368994,55.688965],[-133.502734,55.695898],[-133.553271,55.691162],[-133.640479,55.748779],[-133.680176,55.785156],[-133.664404,55.803809],[-133.584082,55.836523],[-133.537158,55.831934],[-133.446973,55.797021],[-133.411719,55.79834],[-133.322119,55.844629],[-133.308496,55.886475],[-133.241504,55.920801],[-133.252148,55.95708],[-133.289209,56.018701],[-133.37124,56.035889],[-133.538623,55.999268],[-133.684229,55.942773],[-133.742529,55.964844],[-133.755176,55.999463],[-133.599219,56.093652],[-133.530859,56.145654],[-133.544092,56.176514],[-133.594434,56.216357],[-133.598633,56.31626],[-133.566113,56.339209]]],[[[-133.9896,56.844971],[-133.924805,56.775684],[-133.830859,56.781299],[-133.778125,56.728906],[-133.738379,56.650439],[-133.767285,56.600098],[-133.809033,56.611328],[-133.855273,56.582178],[-133.883594,56.485498],[-133.870459,56.388672],[-133.884619,56.292139],[-133.938525,56.193652],[-133.949707,56.127734],[-133.970801,56.10791],[-133.993994,56.101123],[-134.024023,56.118994],[-134.06748,56.133008],[-134.122412,56.077393],[-134.1896,56.076953],[-134.245068,56.203271],[-134.195459,56.413525],[-134.084375,56.456348],[-134.150488,56.513477],[-134.290234,56.580029],[-134.278369,56.61709],[-134.384424,56.724023],[-134.390625,56.749463],[-134.373682,56.838672],[-134.274414,56.918164],[-134.143262,56.932324],[-134.051807,56.898291],[-134.000586,56.869189],[-133.9896,56.844971]]],[[[-152.416943,58.360205],[-152.380762,58.3521],[-152.343018,58.411621],[-152.31626,58.413477],[-152.197949,58.363086],[-152.125244,58.374268],[-152.078516,58.312354],[-152.036621,58.306689],[-151.997754,58.314209],[-151.974365,58.309863],[-151.98252,58.244336],[-152.068896,58.17793],[-152.109082,58.161133],[-152.165479,58.178271],[-152.186523,58.184668],[-152.223584,58.214014],[-152.25166,58.251123],[-152.268359,58.251709],[-152.334375,58.208057],[-152.332666,58.186523],[-152.305225,58.154053],[-152.309229,58.133887],[-152.381152,58.124268],[-152.451611,58.129248],[-152.537646,58.100977],[-152.558203,58.118604],[-152.571338,58.168213],[-152.598242,58.162598],[-152.63877,58.101807],[-152.683057,58.06333],[-152.763867,58.031396],[-152.781543,58.015918],[-152.840723,58.013818],[-152.928418,57.993701],[-152.982568,57.99707],[-153.305469,58.063086],[-153.381348,58.087207],[-153.11582,58.238525],[-152.976123,58.297021],[-152.895361,58.293848],[-152.814551,58.275635],[-152.771875,58.278564],[-152.768701,58.345605],[-152.843945,58.395605],[-152.841113,58.416406],[-152.674658,58.450586],[-152.612305,58.445703],[-152.543555,58.428174],[-152.478467,58.399707],[-152.416943,58.360205]]],[[[-167.964355,53.345117],[-168.270703,53.238037],[-168.370117,53.159766],[-168.445996,53.084424],[-168.505615,53.043164],[-168.549023,53.036084],[-168.597412,53.016113],[-168.698535,52.963428],[-168.741016,52.956885],[-169.065918,52.833936],[-169.088916,52.832031],[-169.073096,52.86416],[-168.973877,52.909668],[-168.90918,52.951172],[-168.836084,53.019727],[-168.79585,53.044922],[-168.783008,53.079346],[-168.777783,53.148779],[-168.759619,53.175049],[-168.689844,53.227246],[-168.639014,53.255762],[-168.572168,53.265625],[-168.436621,53.256885],[-168.38042,53.283447],[-168.362988,53.303564],[-168.397266,53.321924],[-168.405322,53.353809],[-168.396436,53.408789],[-168.357227,53.457568],[-168.287695,53.500146],[-168.193066,53.533301],[-168.073291,53.556982],[-167.985693,53.558203],[-167.828076,53.507959],[-167.804688,53.484961],[-167.843115,53.43457],[-167.865137,53.387305],[-167.964355,53.345117]]],[[[-166.615332,53.900928],[-166.572168,53.853467],[-166.497461,53.883545],[-166.442773,53.924805],[-166.400049,53.978125],[-166.372314,53.998975],[-166.335645,53.970898],[-166.230859,53.932617],[-166.318994,53.873779],[-166.48877,53.785498],[-166.545605,53.726465],[-166.549219,53.700977],[-166.384717,53.720508],[-166.33877,53.717676],[-166.309473,53.69751],[-166.354541,53.673535],[-166.444189,53.651807],[-166.522021,53.609668],[-166.702197,53.53667],[-166.77041,53.476025],[-166.850977,53.452881],[-166.960742,53.447363],[-167.153662,53.407861],[-167.270801,53.370605],[-167.300439,53.350488],[-167.337256,53.340967],[-167.381299,53.341992],[-167.428809,53.325684],[-167.479834,53.291992],[-167.522461,53.276221],[-167.592187,53.272705],[-167.628613,53.259424],[-167.669434,53.259961],[-167.780859,53.300244],[-167.808789,53.323779],[-167.710107,53.370898],[-167.638721,53.386572],[-167.530176,53.393701],[-167.423535,53.437256],[-167.204102,53.494971],[-167.136084,53.526465],[-167.092334,53.635937],[-167.042432,53.65459],[-167.015723,53.698389],[-166.894141,53.697119],[-166.83833,53.648047],[-166.81875,53.641357],[-166.808984,53.646143],[-166.803662,53.6854],[-166.74126,53.712939],[-166.777246,53.733154],[-166.8896,53.758594],[-166.972949,53.770557],[-167.027246,53.769141],[-167.071484,53.783398],[-167.105615,53.813379],[-167.121143,53.843115],[-167.118164,53.872607],[-167.090479,53.905664],[-167.038086,53.942187],[-166.978076,53.962939],[-166.848682,53.977881],[-166.734033,54.002197],[-166.673291,54.005957],[-166.627393,53.995654],[-166.615332,53.900928]]],[[[-173.55332,52.136279],[-173.357227,52.095654],[-173.113281,52.100391],[-173.024316,52.090527],[-173.0229,52.07915],[-173.178857,52.0625],[-173.232227,52.067969],[-173.368408,52.045605],[-173.460986,52.041553],[-173.672559,52.062646],[-173.835791,52.048193],[-173.878955,52.053662],[-173.930225,52.072168],[-173.9896,52.103613],[-173.99248,52.12334],[-173.938916,52.131299],[-173.794092,52.104297],[-173.779004,52.118359],[-173.656836,52.14375],[-173.55332,52.136279]]],[[[-174.677393,52.03501],[-175.213867,51.993896],[-175.295557,52.022168],[-175.21416,52.038232],[-175.117676,52.047119],[-174.915918,52.094189],[-174.667773,52.134961],[-174.474268,52.184033],[-174.306152,52.216162],[-174.258838,52.269043],[-174.406494,52.295996],[-174.435547,52.317236],[-174.36543,52.341943],[-174.306885,52.37793],[-174.168896,52.420166],[-174.045605,52.367236],[-174.018359,52.331787],[-174.030078,52.289795],[-174.054883,52.245996],[-174.163232,52.223389],[-174.179395,52.200342],[-174.120654,52.135205],[-174.343555,52.077783],[-174.677393,52.03501]]],[[[-176.593311,51.866699],[-176.587939,51.833203],[-176.473389,51.837402],[-176.437451,51.820117],[-176.437354,51.754297],[-176.452344,51.735693],[-176.469775,51.731152],[-176.510986,51.745605],[-176.55752,51.712061],[-176.770947,51.629932],[-176.837109,51.675879],[-176.961621,51.603662],[-176.874414,51.790479],[-176.773633,51.81875],[-176.736426,51.839941],[-176.745117,51.894678],[-176.69834,51.986035],[-176.596826,51.981787],[-176.549902,51.944043],[-176.551611,51.91958],[-176.593311,51.866699]]],[[[-177.879053,51.649707],[-177.90127,51.616406],[-177.925342,51.617383],[-178.058887,51.672607],[-178.078467,51.69126],[-178.000049,51.71748],[-177.977246,51.737793],[-177.986377,51.764258],[-178.045117,51.801074],[-178.153467,51.848242],[-178.194531,51.882227],[-178.168262,51.903027],[-178.116602,51.915869],[-177.953809,51.918457],[-177.865869,51.8604],[-177.799609,51.840039],[-177.644482,51.82627],[-177.724951,51.80166],[-177.770654,51.777881],[-177.826953,51.685889],[-177.879053,51.649707]]],[[[179.727734,51.90542],[179.645215,51.880225],[179.549609,51.894043],[179.497656,51.932812],[179.503906,51.97959],[179.627148,52.03042],[179.77998,51.966846],[179.727734,51.90542]]],[[[177.41543,51.882812],[177.328516,51.841064],[177.260645,51.883691],[177.250293,51.90293],[177.380664,51.975781],[177.478418,51.991602],[177.520508,52.018213],[177.56377,52.110498],[177.636523,52.113818],[177.669629,52.103027],[177.653027,52.059766],[177.595996,51.993848],[177.594141,51.947559],[177.41543,51.882812]]],[[[172.811816,53.012988],[172.983984,52.980273],[173.102148,52.995605],[173.25166,52.942676],[173.436035,52.852051],[173.394727,52.834766],[173.348242,52.824854],[173.302539,52.825928],[173.158691,52.810791],[173.080273,52.814453],[172.935156,52.7521],[172.775586,52.796924],[172.721777,52.885547],[172.595117,52.907422],[172.494824,52.937891],[172.67793,53.007568],[172.811816,53.012988]]],[[[-155.581348,19.012012],[-155.625635,18.963916],[-155.680762,18.967676],[-155.881299,19.070508],[-155.905615,19.12583],[-155.890723,19.38252],[-155.96582,19.59082],[-156.048682,19.749951],[-155.988428,19.831592],[-155.908887,19.894727],[-155.820312,20.01416],[-155.892773,20.167383],[-155.874268,20.259814],[-155.831641,20.27583],[-155.62207,20.163428],[-155.198779,19.994385],[-155.086084,19.875635],[-155.065918,19.748193],[-154.989014,19.731982],[-154.952588,19.644629],[-154.841357,19.568164],[-154.804199,19.524463],[-154.850293,19.454102],[-155.053467,19.319189],[-155.309619,19.260156],[-155.535254,19.109082],[-155.581348,19.012012]]],[[[-157.213623,21.215381],[-157.002295,21.187939],[-156.952344,21.199707],[-156.917188,21.177295],[-156.742188,21.163525],[-156.712158,21.155078],[-156.7479,21.103564],[-156.859863,21.056348],[-157.020898,21.097803],[-157.290332,21.112598],[-157.279492,21.152344],[-157.253809,21.180566],[-157.249951,21.229785],[-157.213623,21.215381]]],[[[-156.486816,20.932568],[-156.46084,20.914746],[-156.354395,20.941455],[-156.277539,20.95127],[-156.14834,20.885498],[-156.103516,20.840332],[-156.018652,20.79209],[-155.989844,20.757129],[-156.013574,20.714795],[-156.107129,20.644775],[-156.234766,20.628613],[-156.309961,20.598779],[-156.408789,20.605176],[-156.438232,20.617871],[-156.448877,20.70625],[-156.480078,20.801221],[-156.543848,20.78999],[-156.61543,20.821826],[-156.689697,20.901416],[-156.697754,20.949072],[-156.656885,21.024512],[-156.5854,21.034326],[-156.532324,20.992676],[-156.486816,20.932568]]],[[[-157.799365,21.456641],[-157.76499,21.450928],[-157.720898,21.457715],[-157.705518,21.378076],[-157.65415,21.333936],[-157.6354,21.307617],[-157.690869,21.279736],[-157.798779,21.268604],[-157.849316,21.29082],[-157.901758,21.340576],[-157.958447,21.326904],[-157.968311,21.366895],[-157.978418,21.378516],[-158.017285,21.367725],[-157.980957,21.316113],[-158.07915,21.312256],[-158.110352,21.318604],[-158.137842,21.377148],[-158.239111,21.489355],[-158.238672,21.533057],[-158.273145,21.585254],[-158.123096,21.600244],[-158.020361,21.691797],[-157.9625,21.701367],[-157.851514,21.553369],[-157.854346,21.511914],[-157.82959,21.471436],[-157.799365,21.456641]]],[[[-159.372754,21.932373],[-159.460693,21.876123],[-159.511865,21.900391],[-159.608838,21.909521],[-159.646387,21.951758],[-159.747998,21.989844],[-159.78916,22.041797],[-159.726611,22.140186],[-159.579199,22.223145],[-159.352051,22.21958],[-159.304785,22.154053],[-159.300684,22.105273],[-159.330176,22.050684],[-159.34375,21.973633],[-159.372754,21.932373]]],[[[-160.180029,21.841064],[-160.200244,21.796875],[-160.234717,21.803662],[-160.243457,21.843066],[-160.220898,21.897266],[-160.163867,21.944043],[-160.100635,22.015234],[-160.04873,22.004639],[-160.076709,21.958105],[-160.080029,21.907422],[-160.153418,21.87876],[-160.180029,21.841064]]],[[[-156.849609,20.772656],[-156.908887,20.744482],[-156.973389,20.75752],[-156.988428,20.825684],[-157.050586,20.912451],[-156.941797,20.930029],[-156.880566,20.904834],[-156.848291,20.877783],[-156.809375,20.831152],[-156.849609,20.772656]]],[[[-74.708887,45.003857],[-74.663232,45.003906],[-74.430371,45.004199],[-74.014258,45.004687],[-73.598145,45.005176],[-73.182031,45.005615],[-72.765918,45.006104],[-72.349756,45.006592],[-71.933643,45.00708],[-71.517529,45.007568],[-71.419043,45.200342],[-71.327295,45.290088],[-71.201611,45.260352],[-71.134668,45.262842],[-71.060254,45.309131],[-70.999902,45.337256],[-70.960156,45.333105],[-70.926221,45.290723],[-70.897998,45.262451],[-70.865039,45.270703],[-70.836816,45.310693],[-70.837793,45.366162],[-70.79917,45.404785],[-70.75332,45.410693],[-70.710938,45.409473],[-70.689795,45.42832],[-70.692139,45.455371],[-70.707422,45.498926],[-70.702246,45.551367],[-70.596387,45.643994],[-70.466602,45.706836],[-70.421094,45.738232],[-70.407861,45.801904],[-70.333447,45.868066],[-70.29624,45.906104],[-70.287158,45.93916],[-70.306445,45.979834],[-70.304492,46.057373],[-70.278906,46.15],[-70.248291,46.250879],[-70.179688,46.341846],[-70.067187,46.441064],[-70.038232,46.571436],[-70.007715,46.708936],[-69.871729,46.84292],[-69.717529,46.994873],[-69.629785,47.081348],[-69.471484,47.238672],[-69.358887,47.350635],[-69.302148,47.402002],[-69.242871,47.462988],[-69.146289,47.444775],[-69.050195,47.426611],[-69.064258,47.338135],[-69.048584,47.273633],[-69.003125,47.236426],[-68.937207,47.21123],[-68.887402,47.202832],[-68.828711,47.20332],[-68.668555,47.253467],[-68.480371,47.285791],[-68.376904,47.316162],[-68.358008,47.344531],[-68.310889,47.354492],[-68.235498,47.345947],[-68.096777,47.274854],[-67.934863,47.167627],[-67.806787,47.082812],[-67.802832,46.935742],[-67.800342,46.779883],[-67.797705,46.615625],[-67.795801,46.498389],[-67.792529,46.337402],[-67.789941,46.209326],[-67.786475,46.042139],[-67.784668,45.952783],[-67.767041,45.927002],[-67.777637,45.891797],[-67.782275,45.87417],[-67.781152,45.860156],[-67.774121,45.842529],[-67.775293,45.817871],[-67.791699,45.795557],[-67.799902,45.769775],[-67.802246,45.727539],[-67.784668,45.701709],[-67.755322,45.686475],[-67.730664,45.686475],[-67.698975,45.671191],[-67.65791,45.644189],[-67.595752,45.620752],[-67.531201,45.612549],[-67.486621,45.618408],[-67.432666,45.603125],[-67.413867,45.565576],[-67.424414,45.53042],[-67.454932,45.513965],[-67.487793,45.501025],[-67.493652,45.474072],[-67.477246,45.445898],[-67.45376,45.42124],[-67.42793,45.37793],[-67.438525,45.340381],[-67.461963,45.308691],[-67.472559,45.275879],[-67.452588,45.247656],[-67.399805,45.210156],[-67.366943,45.173779],[-67.315283,45.153809],[-67.290674,45.16792],[-67.270703,45.186719],[-67.249609,45.200781],[-67.213232,45.192529],[-67.170996,45.181982],[-67.124854,45.169434],[-67.130371,45.139014],[-67.102246,45.087744],[-67.080469,44.98916],[-67.113916,44.944385],[-67.106738,44.885059],[-67.014014,44.867773],[-66.991455,44.849609],[-66.987012,44.827686],[-67.19126,44.675586],[-67.364062,44.696875],[-67.457812,44.656543],[-67.556006,44.644775],[-67.599072,44.576807],[-67.652979,44.562402],[-67.726807,44.566504],[-67.790479,44.585693],[-67.839062,44.57627],[-67.907031,44.453613],[-67.962695,44.464307],[-67.984863,44.420166],[-68.013965,44.400879],[-68.056641,44.384326],[-68.093701,44.438818],[-68.117285,44.490625],[-68.152051,44.502002],[-68.198242,44.515234],[-68.245752,44.514795],[-68.277441,44.507373],[-68.316748,44.473877],[-68.37373,44.445117],[-68.416846,44.469092],[-68.450586,44.507617],[-68.479443,44.445654],[-68.521436,44.380225],[-68.514453,44.303906],[-68.53252,44.258643],[-68.572363,44.27085],[-68.612012,44.310547],[-68.723291,44.342285],[-68.811914,44.339355],[-68.793896,44.381738],[-68.710107,44.442578],[-68.735889,44.454492],[-68.777002,44.446045],[-68.794922,44.454492],[-68.765527,44.509766],[-68.762695,44.570752],[-68.800195,44.549414],[-68.847363,44.485059],[-68.961475,44.433838],[-68.956152,44.348096],[-69.063574,44.172363],[-69.068359,44.097559],[-69.137256,44.037842],[-69.226074,43.986475],[-69.344531,44.000928],[-69.434961,43.956299],[-69.480859,43.905078],[-69.520752,43.897363],[-69.541553,43.962598],[-69.556689,43.982764],[-69.58999,43.886572],[-69.623926,43.880615],[-69.636768,43.948828],[-69.652881,43.993896],[-69.699121,43.955029],[-69.729834,43.852002],[-69.762012,43.860693],[-69.772266,43.899023],[-69.795312,43.910645],[-69.803223,43.866846],[-69.791602,43.805225],[-69.80835,43.772314],[-69.840332,43.789893],[-69.87251,43.819531],[-69.925586,43.797021],[-69.974316,43.787891],[-69.974512,43.818066],[-69.965234,43.855078],[-70.062354,43.834619],[-70.178809,43.766357],[-70.269238,43.671924],[-70.237891,43.656201],[-70.202588,43.626123],[-70.359668,43.480225],[-70.520703,43.348828],[-70.642334,43.134424],[-70.691162,43.109326],[-70.733105,43.07002],[-70.777637,42.940576],[-70.829053,42.825342],[-70.800293,42.774023],[-70.781348,42.72124],[-70.735693,42.669287],[-70.696875,42.6646],[-70.654834,42.673975],[-70.623975,42.671777],[-70.60415,42.649707],[-70.612939,42.623242],[-70.661426,42.61665],[-70.751855,42.570361],[-70.831152,42.552588],[-70.870898,42.496631],[-70.930469,42.431982],[-71.046191,42.331104],[-70.996729,42.3],[-70.817969,42.264941],[-70.738281,42.228857],[-70.617676,42.04043],[-70.645215,42.021582],[-70.656152,41.987061],[-70.548926,41.938623],[-70.514697,41.80332],[-70.42666,41.757275],[-70.295459,41.728955],[-70.13501,41.769873],[-70.001416,41.826172],[-70.006104,41.872314],[-70.090039,41.979687],[-70.110254,42.030127],[-70.172559,42.062793],[-70.19624,42.035107],[-70.236523,42.071045],[-70.241064,42.091211],[-70.203516,42.101025],[-70.159863,42.097119],[-70.108936,42.07832],[-69.977881,41.961279],[-69.941602,41.807861],[-69.933838,41.710449],[-69.948633,41.677148],[-69.986768,41.683984],[-70.059521,41.677344],[-70.404687,41.626904],[-70.481348,41.582471],[-70.657129,41.534229],[-70.668066,41.558301],[-70.655371,41.608105],[-70.666455,41.710107],[-70.701123,41.714844],[-70.974219,41.548535],[-71.079785,41.538086],[-71.168555,41.489404],[-71.188428,41.516406],[-71.204297,41.641113],[-71.14873,41.745703],[-71.17832,41.744043],[-71.271094,41.68125],[-71.310742,41.719873],[-71.330615,41.762256],[-71.35918,41.78623],[-71.390137,41.795312],[-71.363672,41.702734],[-71.426562,41.633301],[-71.443799,41.453711],[-71.522852,41.378955],[-71.769287,41.330908],[-71.929932,41.341064],[-72.073877,41.326123],[-72.265283,41.29165],[-72.371045,41.312158],[-72.479395,41.275781],[-72.847168,41.265869],[-72.924707,41.285156],[-73.02373,41.216455],[-73.182275,41.17583],[-73.583008,41.021875],[-73.671387,40.965869],[-73.779004,40.878418],[-73.85127,40.831396],[-73.910693,40.816113],[-73.947217,40.776953],[-73.987109,40.751367],[-73.948584,40.83877],[-73.906738,40.912451],[-73.871973,41.055176],[-73.882227,41.170605],[-73.925342,41.218066],[-73.969922,41.249707],[-73.917676,41.135791],[-73.909229,40.996094],[-73.927197,40.914258],[-74.025488,40.756396],[-74.067334,40.719629],[-74.11626,40.687305],[-74.153125,40.673242],[-74.187158,40.647998],[-74.226709,40.608008],[-74.264209,40.528613],[-74.241504,40.45625],[-74.049854,40.429834],[-73.998437,40.452148],[-73.972266,40.400342],[-73.957617,40.328369],[-73.971973,40.250537],[-74.004004,40.171338],[-74.02832,40.072998],[-74.048926,39.923047],[-74.079932,39.788135],[-74.083984,39.829102],[-74.0646,39.993115],[-74.095996,39.975977],[-74.117627,39.938135],[-74.176123,39.726611],[-74.256543,39.613867],[-74.330615,39.535889],[-74.407031,39.548779],[-74.389844,39.486816],[-74.41084,39.454541],[-74.428809,39.387207],[-74.474365,39.342578],[-74.517187,39.346875],[-74.578711,39.316113],[-74.602979,39.292578],[-74.604785,39.24751],[-74.645947,39.207861],[-74.794482,39.001904],[-74.923437,38.941113],[-74.954297,38.949951],[-74.920312,39.047168],[-74.897021,39.145459],[-74.975293,39.188232],[-75.050195,39.21084],[-75.136133,39.207861],[-75.231055,39.284277],[-75.353418,39.339844],[-75.524219,39.490186],[-75.519238,39.531885],[-75.523535,39.601855],[-75.471631,39.712402],[-75.421875,39.789697],[-75.353174,39.829736],[-75.153809,39.870508],[-75.103809,39.931836],[-75.07417,39.983496],[-75.172949,39.894775],[-75.320898,39.864697],[-75.400635,39.831592],[-75.464404,39.780957],[-75.502148,39.717383],[-75.587598,39.640771],[-75.581592,39.589453],[-75.567285,39.552979],[-75.573877,39.476953],[-75.519824,39.402832],[-75.412646,39.281396],[-75.392187,39.092773],[-75.3104,38.966553],[-75.185059,38.819385],[-75.088672,38.777539],[-75.083984,38.722803],[-75.128467,38.632422],[-75.187109,38.591113],[-75.11084,38.599365],[-75.072852,38.578711],[-75.035889,38.50332],[-75.03877,38.426367],[-75.05127,38.383008],[-75.074365,38.365723],[-75.073389,38.41001],[-75.089746,38.425391],[-75.116748,38.406201],[-75.134229,38.384326],[-75.141504,38.298145],[-75.16001,38.255078],[-75.225439,38.242285],[-75.291797,38.129199],[-75.353516,38.065039],[-75.596387,37.631201],[-75.587109,37.558691],[-75.631543,37.535352],[-75.698828,37.516357],[-75.766895,37.472998],[-75.812061,37.425195],[-75.854004,37.296631],[-75.934375,37.151904],[-75.984521,37.212207],[-75.997363,37.263818],[-75.975049,37.398438],[-75.888135,37.619141],[-75.792383,37.756348],[-75.719336,37.821387],[-75.659277,37.953955],[-75.735156,37.97373],[-75.85083,37.971582],[-75.829053,38.032764],[-75.795312,38.08667],[-75.855615,38.140381],[-75.891309,38.147217],[-75.928076,38.169238],[-75.884961,38.213965],[-75.863916,38.26123],[-75.876758,38.31875],[-75.858691,38.362061],[-75.888818,38.355518],[-75.937256,38.309668],[-75.967383,38.291357],[-75.985742,38.331934],[-76.006689,38.322754],[-76.020312,38.294873],[-76.051221,38.279541],[-76.116504,38.317676],[-76.21167,38.361328],[-76.264648,38.436426],[-76.294873,38.494629],[-76.26416,38.599951],[-76.198389,38.618652],[-76.112939,38.601562],[-76.000928,38.601709],[-76.016943,38.625098],[-76.056934,38.62124],[-76.175,38.706689],[-76.212988,38.758301],[-76.27832,38.772461],[-76.308105,38.722852],[-76.341162,38.709668],[-76.300342,38.818213],[-76.246973,38.822656],[-76.168164,38.852734],[-76.191064,38.915576],[-76.24082,38.943066],[-76.330664,38.908594],[-76.32959,38.952783],[-76.312744,39.009375],[-76.24502,39.00918],[-76.185693,38.990723],[-76.135205,39.082129],[-76.132959,39.122949],[-76.216846,39.063623],[-76.235693,39.191602],[-76.153125,39.315039],[-76.074365,39.368848],[-75.975977,39.367285],[-75.875977,39.375977],[-75.938721,39.398584],[-76.003125,39.41084],[-75.954736,39.459619],[-75.913477,39.468359],[-75.872949,39.510889],[-75.97041,39.50459],[-75.958936,39.585059],[-76.006299,39.568701],[-76.062988,39.561133],[-76.085059,39.527002],[-76.080713,39.470312],[-76.097266,39.433105],[-76.141357,39.403223],[-76.21582,39.379932],[-76.223047,39.420312],[-76.247656,39.438623],[-76.256836,39.352148],[-76.276367,39.322754],[-76.330811,39.403906],[-76.347168,39.387549],[-76.345068,39.364502],[-76.358984,39.324658],[-76.405664,39.303906],[-76.402783,39.252832],[-76.420898,39.225],[-76.57041,39.269336],[-76.573926,39.254297],[-76.489355,39.158691],[-76.427588,39.126025],[-76.420068,39.073877],[-76.473096,39.030615],[-76.54624,39.067969],[-76.558545,39.065234],[-76.518799,39.001172],[-76.49375,38.945215],[-76.519531,38.89834],[-76.515527,38.840625],[-76.521094,38.788281],[-76.536865,38.742627],[-76.501318,38.532178],[-76.458496,38.474951],[-76.416406,38.420215],[-76.394092,38.368994],[-76.43877,38.361523],[-76.509912,38.403662],[-76.572412,38.435791],[-76.646875,38.538525],[-76.65918,38.579541],[-76.677344,38.611963],[-76.668555,38.5375],[-76.641992,38.454346],[-76.408789,38.268262],[-76.365723,38.196875],[-76.33291,38.140771],[-76.341162,38.087012],[-76.401953,38.125049],[-76.454395,38.173535],[-76.593604,38.22832],[-76.769141,38.262939],[-76.868115,38.390283],[-76.867773,38.337158],[-76.889746,38.29209],[-76.950244,38.347021],[-76.988379,38.393896],[-77.001172,38.445264],[-77.076709,38.441748],[-77.155908,38.397119],[-77.23252,38.407715],[-77.241602,38.494824],[-77.220898,38.540967],[-77.134912,38.650098],[-77.053906,38.705811],[-77.018164,38.777734],[-77.030371,38.889258],[-77.045605,38.775781],[-77.091895,38.719531],[-77.164648,38.676562],[-77.2604,38.6],[-77.283789,38.529199],[-77.313672,38.396631],[-77.273242,38.351758],[-77.231934,38.340039],[-77.109912,38.370117],[-77.046777,38.356689],[-76.906348,38.19707],[-76.644873,38.133936],[-76.549512,38.094482],[-76.471777,38.011182],[-76.354932,37.963232],[-76.264258,37.893555],[-76.261816,37.848096],[-76.293213,37.794336],[-76.305615,37.721582],[-76.344141,37.675684],[-76.436621,37.67041],[-76.49248,37.682227],[-76.792773,37.937988],[-76.828613,37.961523],[-76.93999,38.095459],[-77.070654,38.167187],[-77.111084,38.165674],[-76.925098,38.033008],[-76.84917,37.940234],[-76.71543,37.810156],[-76.619824,37.755078],[-76.549463,37.669141],[-76.484082,37.628857],[-76.305566,37.571484],[-76.367627,37.530273],[-76.268555,37.495166],[-76.254395,37.430615],[-76.263477,37.357031],[-76.400977,37.386133],[-76.405469,37.331934],[-76.393164,37.299951],[-76.453906,37.273535],[-76.538379,37.309375],[-76.757715,37.50542],[-76.755859,37.479199],[-76.738086,37.448779],[-76.610889,37.322559],[-76.497363,37.246875],[-76.401123,37.212695],[-76.326953,37.149268],[-76.300781,37.110889],[-76.283301,37.052686],[-76.338281,37.013135],[-76.400879,36.991309],[-76.462012,37.030762],[-76.506836,37.072314],[-76.602295,37.142871],[-76.630908,37.221729],[-76.703516,37.217676],[-77.006982,37.317676],[-77.250879,37.329199],[-77.227051,37.309082],[-77.196191,37.295703],[-77.001953,37.271045],[-76.925195,37.225],[-76.76543,37.184131],[-76.671875,37.172949],[-76.633936,37.047412],[-76.504639,36.961035],[-76.487842,36.897021],[-76.399561,36.889844],[-76.244238,36.952637],[-76.143994,36.930615],[-75.999414,36.912646],[-75.966357,36.861963],[-75.941553,36.765527],[-75.89043,36.657031],[-75.757861,36.229248],[-75.558691,35.879346],[-75.53418,35.819092],[-75.580469,35.871973],[-75.728223,36.103711],[-75.809766,36.271045],[-75.893555,36.566504],[-75.917871,36.632666],[-75.946484,36.659082],[-75.965332,36.637598],[-75.973437,36.599951],[-75.959766,36.571045],[-75.992773,36.473779],[-75.978467,36.42915],[-75.924854,36.383008],[-75.866602,36.267871],[-75.820068,36.112842],[-75.883008,36.175684],[-75.950195,36.208984],[-76.054736,36.234521],[-76.147852,36.279297],[-76.141064,36.215088],[-76.15,36.145752],[-76.221777,36.166895],[-76.270605,36.189893],[-76.227393,36.116016],[-76.321191,36.138184],[-76.383691,36.133545],[-76.424316,36.067969],[-76.478809,36.028174],[-76.559375,36.015332],[-76.678906,36.075293],[-76.717627,36.148096],[-76.733643,36.22915],[-76.740039,36.133301],[-76.71875,36.033496],[-76.726221,35.957617],[-76.611133,35.943652],[-76.503516,35.956055],[-76.358301,35.952881],[-76.263574,35.96709],[-76.206543,35.991211],[-76.069775,35.970312],[-76.060059,35.878662],[-76.075684,35.787549],[-76.083594,35.690527],[-76.045703,35.691162],[-76.001172,35.722168],[-75.978906,35.895947],[-75.853906,35.960156],[-75.812012,35.955762],[-75.772217,35.899902],[-75.758838,35.843262],[-75.744727,35.765479],[-75.773926,35.646973],[-75.965967,35.508398],[-76.103516,35.380273],[-76.173828,35.35415],[-76.275244,35.369043],[-76.390234,35.40127],[-76.446631,35.407764],[-76.489502,35.397021],[-76.515625,35.436475],[-76.532471,35.508447],[-76.577197,35.532324],[-76.611035,35.529687],[-76.634131,35.453223],[-76.741406,35.431494],[-76.887256,35.463086],[-77.03999,35.527393],[-76.974463,35.458398],[-76.595459,35.329687],[-76.552783,35.305615],[-76.512939,35.27041],[-76.565967,35.215186],[-76.60752,35.152979],[-76.613379,35.10415],[-76.628027,35.07334],[-76.77915,34.990332],[-76.861035,35.00498],[-77.070264,35.154639],[-76.974951,35.025195],[-76.898633,34.970264],[-76.744971,34.940967],[-76.456738,34.989355],[-76.362207,34.936523],[-76.439795,34.84292],[-76.516895,34.777246],[-76.618018,34.769922],[-76.70708,34.752148],[-76.733203,34.706982],[-76.79668,34.70415],[-76.895898,34.701465],[-77.049512,34.697363],[-77.133887,34.70791],[-77.251758,34.615625],[-77.29624,34.60293],[-77.358398,34.620264],[-77.384473,34.694385],[-77.412256,34.730811],[-77.412939,34.592139],[-77.402051,34.554785],[-77.379785,34.526611],[-77.517676,34.451367],[-77.649658,34.35752],[-77.696973,34.331982],[-77.750732,34.284961],[-77.86084,34.14917],[-77.888037,34.050146],[-77.927832,33.939746],[-77.932861,33.989453],[-77.926025,34.073145],[-77.953271,34.168994],[-77.970557,33.993408],[-78.01333,33.911816],[-78.405859,33.917578],[-78.577686,33.873242],[-78.841455,33.724072],[-78.920312,33.658691],[-79.138184,33.405908],[-79.193799,33.244141],[-79.238379,33.312158],[-79.227344,33.363184],[-79.226465,33.404883],[-79.281348,33.31543],[-79.229248,33.185156],[-79.276025,33.1354],[-79.419922,33.042529],[-79.498682,33.027295],[-79.587109,33.000879],[-79.614941,32.909277],[-79.73501,32.824805],[-79.80498,32.787402],[-79.933105,32.810059],[-79.893652,32.728711],[-79.940723,32.667139],[-80.021777,32.619922],[-80.122559,32.589111],[-80.180322,32.592871],[-80.229687,32.576514],[-80.268359,32.537354],[-80.362842,32.500732],[-80.460986,32.521338],[-80.572217,32.533691],[-80.63418,32.511719],[-80.530029,32.475391],[-80.474268,32.422754],[-80.485742,32.351807],[-80.513623,32.324414],[-80.579346,32.287305],[-80.608203,32.292822],[-80.62583,32.32627],[-80.647217,32.395947],[-80.677783,32.381104],[-80.683057,32.348633],[-80.709326,32.337061],[-80.802539,32.448047],[-80.7979,32.363379],[-80.765332,32.29834],[-80.733838,32.265332],[-80.702051,32.245898],[-80.694238,32.215723],[-80.758008,32.142187],[-80.79082,32.12583],[-80.849219,32.113916],[-80.88208,32.068604],[-80.872363,32.02959],[-80.923437,31.944922],[-81.045557,31.892041],[-81.082861,31.894092],[-81.113281,31.878613],[-81.095508,31.840918],[-81.065039,31.813477],[-81.066113,31.787988],[-81.098389,31.753369],[-81.162109,31.743701],[-81.1979,31.704199],[-81.186572,31.666943],[-81.165527,31.646143],[-81.169922,31.610303],[-81.242383,31.574316],[-81.259375,31.538916],[-81.223389,31.528467],[-81.195703,31.538916],[-81.175439,31.531299],[-81.218896,31.472119],[-81.25791,31.436035],[-81.294971,31.371191],[-81.380957,31.353271],[-81.377734,31.332324],[-81.32915,31.31377],[-81.288477,31.263916],[-81.364893,31.171875],[-81.412598,31.179443],[-81.441748,31.199707],[-81.460352,31.127051],[-81.453223,31.088281],[-81.471387,31.009033],[-81.500586,30.91377],[-81.52041,30.874658],[-81.516211,30.801807],[-81.503955,30.731445],[-81.457178,30.640771],[-81.385742,30.269971],[-81.337109,30.141211],[-81.249512,29.793799],[-81.104541,29.456982],[-80.9,29.049854],[-80.564307,28.556396],[-80.524121,28.486084],[-80.567822,28.426465],[-80.581152,28.364697],[-80.584961,28.271582],[-80.572852,28.180859],[-80.533154,28.070068],[-80.456885,27.900684],[-80.499561,27.934473],[-80.61001,28.177588],[-80.622852,28.320361],[-80.606934,28.5229],[-80.632861,28.518018],[-80.653906,28.452197],[-80.665479,28.374902],[-80.693506,28.344971],[-80.731738,28.462891],[-80.729053,28.516211],[-80.688477,28.578516],[-80.700244,28.600928],[-80.765918,28.632812],[-80.779883,28.682959],[-80.770996,28.732471],[-80.808691,28.758936],[-80.838184,28.757666],[-80.818408,28.635596],[-80.787207,28.560645],[-80.748633,28.381006],[-80.686377,28.272168],[-80.650098,28.180908],[-80.226123,27.207031],[-80.125781,27.083008],[-80.088672,26.993945],[-80.050049,26.807715],[-80.041309,26.568604],[-80.110596,26.131592],[-80.126367,25.833496],[-80.136279,25.842627],[-80.14292,25.874023],[-80.158936,25.87832],[-80.219092,25.741748],[-80.30083,25.618555],[-80.327734,25.4271],[-80.366943,25.33125],[-80.484668,25.229834],[-80.557617,25.232422],[-80.736523,25.156348],[-80.862207,25.176172],[-81.011963,25.133252],[-81.110498,25.138037],[-81.167383,25.228516],[-81.158691,25.268994],[-81.136035,25.309668],[-81.097656,25.319141],[-80.965381,25.224316],[-80.94043,25.264209],[-80.980371,25.31167],[-81.056836,25.338135],[-81.11333,25.367236],[-81.227148,25.583398],[-81.345068,25.731836],[-81.364941,25.831055],[-81.568262,25.891553],[-81.715479,25.983154],[-81.811475,26.146094],[-81.866553,26.43501],[-81.931494,26.46748],[-81.958936,26.489941],[-81.895508,26.597168],[-81.828662,26.687061],[-81.881543,26.664697],[-81.920557,26.631445],[-81.970166,26.552051],[-82.006396,26.539844],[-82.0396,26.552051],[-82.077881,26.704346],[-82.066943,26.891553],[-82.013281,26.961572],[-82.095703,26.963428],[-82.181104,26.936768],[-82.168604,26.874365],[-82.180664,26.840088],[-82.242871,26.848877],[-82.290039,26.870801],[-82.354053,26.935742],[-82.441357,27.059668],[-82.620459,27.401074],[-82.655371,27.449219],[-82.7146,27.499609],[-82.686719,27.515283],[-82.63584,27.524561],[-82.52085,27.678271],[-82.430518,27.771143],[-82.400537,27.8354],[-82.405762,27.862891],[-82.445703,27.902832],[-82.498145,27.86792],[-82.520605,27.877881],[-82.57959,27.958447],[-82.635937,27.981201],[-82.675195,27.96377],[-82.633789,27.897754],[-82.596582,27.873242],[-82.610986,27.777246],[-82.626025,27.745996],[-82.660889,27.718408],[-82.715332,27.733105],[-82.742871,27.709375],[-82.775293,27.734375],[-82.807568,27.776562],[-82.843506,27.845996],[-82.748535,28.236816],[-82.660645,28.48584],[-82.650586,28.769922],[-82.644043,28.812012],[-82.651465,28.8875],[-82.769336,29.051562],[-83.290479,29.451904],[-83.694385,29.925977],[-84.044238,30.103809],[-84.309668,30.064746],[-84.355615,30.029004],[-84.375342,29.982275],[-84.358691,29.929395],[-84.382812,29.907373],[-84.454053,29.910156],[-84.55,29.897852],[-84.800537,29.773047],[-84.888916,29.777637],[-84.969189,29.745312],[-85.029297,29.721094],[-85.186035,29.70791],[-85.318945,29.680225],[-85.376367,29.695215],[-85.413818,29.767578],[-85.413818,29.84248],[-85.383447,29.785059],[-85.336426,29.740137],[-85.314893,29.758105],[-85.306836,29.797852],[-85.353613,29.875732],[-85.504297,29.975781],[-85.675781,30.121924],[-85.623486,30.11709],[-85.610254,30.148389],[-85.663428,30.189453],[-85.640967,30.236914],[-85.603516,30.286768],[-85.675879,30.279297],[-85.74082,30.244385],[-85.742969,30.20127],[-85.755811,30.166992],[-85.790771,30.171973],[-85.855664,30.214404],[-86.175146,30.33252],[-86.454443,30.399121],[-86.240088,30.429102],[-86.123828,30.405811],[-86.137695,30.441553],[-86.165674,30.464258],[-86.257373,30.493018],[-86.37417,30.48208],[-86.447949,30.495605],[-86.523389,30.46709],[-86.606055,30.424707],[-86.679639,30.402881],[-86.967627,30.372363],[-87.201172,30.339258],[-87.163721,30.374219],[-87.123779,30.39668],[-86.985791,30.430859],[-86.965137,30.501904],[-86.997559,30.570312],[-87.033887,30.553906],[-87.072021,30.500439],[-87.118799,30.538965],[-87.170605,30.53877],[-87.184668,30.453711],[-87.251074,30.39668],[-87.281055,30.339258],[-87.475781,30.294287],[-87.500732,30.309277],[-87.44375,30.363818],[-87.448291,30.394141],[-87.513281,30.368115],[-87.622266,30.264746],[-88.005957,30.230908],[-87.98501,30.254395],[-87.904004,30.259082],[-87.790283,30.291797],[-87.813281,30.346875],[-87.857129,30.407422],[-87.897607,30.41416],[-87.924316,30.449658],[-87.922998,30.561523],[-87.948877,30.626904],[-88.011328,30.694189],[-88.032422,30.68125],[-88.078369,30.566211],[-88.116553,30.415332],[-88.135449,30.366602],[-88.249219,30.363184],[-88.349902,30.373486],[-88.69209,30.355371],[-88.819922,30.406494],[-88.872949,30.416309],[-88.905225,30.415137],[-89.054053,30.368262],[-89.223633,30.332373],[-89.263574,30.343652],[-89.320557,30.345312],[-89.443506,30.223145],[-89.588477,30.165967],[-89.954248,30.26875],[-90.045215,30.351416],[-90.125977,30.369092],[-90.225293,30.379297],[-90.331982,30.277588],[-90.413037,30.140332],[-90.284961,30.065088],[-90.175342,30.029102],[-89.994189,30.059277],[-89.894043,30.125879],[-89.812256,30.123682],[-89.773145,30.137207],[-89.737451,30.171973],[-89.667529,30.144531],[-89.665039,30.117041],[-89.714697,30.07832],[-89.777246,30.045703],[-89.815186,30.007275],[-89.743799,29.929834],[-89.631689,29.903809],[-89.589502,29.915039],[-89.563379,30.0021],[-89.494434,30.058154],[-89.400732,30.046045],[-89.414062,30.010889],[-89.400928,29.977686],[-89.357861,29.920996],[-89.362793,29.839795],[-89.354443,29.820215],[-89.45542,29.784375],[-89.530664,29.772217],[-89.590869,29.725293],[-89.559326,29.698047],[-89.620654,29.674121],[-89.662109,29.683691],[-89.682959,29.674854],[-89.689209,29.646045],[-89.720898,29.619287],[-89.674805,29.538672],[-89.580322,29.486035],[-89.513672,29.420068],[-89.245703,29.333203],[-89.180762,29.335693],[-89.116846,29.248242],[-89.065332,29.218164],[-89.015723,29.202881],[-89.021387,29.142725],[-89.109521,29.098682],[-89.13335,29.046143],[-89.155518,29.016602],[-89.195264,29.054004],[-89.236084,29.081104],[-89.330566,28.998682],[-89.376123,28.981348],[-89.353516,29.070215],[-89.389209,29.105029],[-89.443164,29.194141],[-89.521777,29.249268],[-89.577148,29.267529],[-89.620264,29.302393],[-89.672461,29.316504],[-89.716992,29.312891],[-89.792383,29.333203],[-89.797363,29.380615],[-89.818262,29.416113],[-89.877246,29.458008],[-90.159082,29.537158],[-90.160791,29.504395],[-90.14126,29.479736],[-90.100781,29.46333],[-90.052344,29.431396],[-90.052783,29.336816],[-90.07373,29.296777],[-90.082715,29.239746],[-90.101367,29.181787],[-90.13584,29.136084],[-90.212793,29.104932],[-90.246729,29.131006],[-90.301611,29.255811],[-90.379199,29.295117],[-90.50249,29.299756],[-90.58623,29.271533],[-90.67749,29.150635],[-90.751025,29.130859],[-91.002734,29.193506],[-91.290137,29.288965],[-91.282715,29.320752],[-91.2375,29.330957],[-91.150781,29.31792],[-91.155371,29.350684],[-91.243994,29.457324],[-91.260254,29.505469],[-91.248828,29.564209],[-91.277734,29.562891],[-91.330957,29.513574],[-91.514209,29.555371],[-91.564795,29.605322],[-91.672461,29.746094],[-91.824414,29.750684],[-91.893164,29.836035],[-92.017334,29.800293],[-92.080225,29.760742],[-92.135498,29.699463],[-92.113965,29.667676],[-92.058887,29.617188],[-92.084033,29.592822],[-92.26084,29.556836],[-92.671289,29.59707],[-92.791309,29.634668],[-92.952393,29.71416],[-93.175684,29.778955],[-93.283203,29.789404],[-93.388477,29.776562],[-93.694824,29.769922],[-93.765918,29.752686],[-93.826465,29.725146],[-93.865723,29.755615],[-93.883887,29.81001],[-93.84834,29.818848],[-93.808789,29.85083],[-93.773096,29.914062],[-93.769043,29.952295],[-93.793994,29.977246],[-93.841455,29.979736],[-93.946289,29.81499],[-93.886377,29.722656],[-93.890479,29.689355],[-94.099658,29.67041],[-94.574463,29.484521],[-94.759619,29.384277],[-94.750146,29.418018],[-94.52627,29.547949],[-94.605322,29.567822],[-94.732617,29.535352],[-94.778271,29.547852],[-94.724365,29.655273],[-94.741943,29.75],[-94.832324,29.752588],[-94.889893,29.676953],[-94.929883,29.680176],[-94.982275,29.712598],[-95.022852,29.702344],[-94.992822,29.530957],[-94.935889,29.460449],[-94.888281,29.370557],[-95.018311,29.259473],[-95.139062,29.167822],[-95.152148,29.079248],[-95.273486,28.963867],[-95.387646,28.898438],[-95.655859,28.744629],[-95.732373,28.711719],[-95.853418,28.640332],[-96.02041,28.586816],[-96.180518,28.501855],[-96.234521,28.488965],[-96.132275,28.560889],[-96.011035,28.631934],[-96.115039,28.622217],[-96.275342,28.655127],[-96.373437,28.657031],[-96.374121,28.631104],[-96.44873,28.594482],[-96.526025,28.648291],[-96.559717,28.684473],[-96.575684,28.715723],[-96.608496,28.723291],[-96.640039,28.708789],[-96.524658,28.488721],[-96.475488,28.479199],[-96.421094,28.457324],[-96.488818,28.406055],[-96.561719,28.367139],[-96.676367,28.341309],[-96.773535,28.421631],[-96.79458,28.32085],[-96.806885,28.220215],[-96.839502,28.194385],[-96.891602,28.157568],[-96.919873,28.185352],[-96.933301,28.224268],[-96.96665,28.189551],[-97.015479,28.163477],[-97.096045,28.158252],[-97.156494,28.144336],[-97.155078,28.102637],[-97.14126,28.060742],[-97.034326,28.093848],[-97.073096,27.986084],[-97.171436,27.87959],[-97.251562,27.854443],[-97.374121,27.87002],[-97.404395,27.859326],[-97.431494,27.837207],[-97.288721,27.670605],[-97.380469,27.419336],[-97.439111,27.328271],[-97.479785,27.316602],[-97.523877,27.313965],[-97.682129,27.394922],[-97.768457,27.45752],[-97.692383,27.287158],[-97.485107,27.237402],[-97.474512,27.172949],[-97.475684,27.117871],[-97.516504,27.053223],[-97.554688,26.967334],[-97.526514,26.90752],[-97.493799,26.759619],[-97.46582,26.691748],[-97.435059,26.48584],[-97.402344,26.396533],[-97.213916,26.067871],[-97.150391,26.065332],[-97.140186,26.029736],[-97.14624,25.961475],[-97.281787,25.941602],[-97.338672,25.911182],[-97.349756,25.884766],[-97.358154,25.870508],[-97.375635,25.871826],[-97.440283,25.89082],[-97.587256,25.98418],[-97.801416,26.042041],[-98.082812,26.064453],[-98.275049,26.111182],[-98.378125,26.182373],[-98.485889,26.224561],[-98.598291,26.237842],[-98.691406,26.276465],[-98.765234,26.34043],[-98.873193,26.38125],[-99.015283,26.398975],[-99.107764,26.446924],[-99.17207,26.56416],[-99.172363,26.565918],[-99.229932,26.761914],[-99.302441,26.884717],[-99.443555,27.03667],[-99.456494,27.056641],[-99.456543,27.056689],[-99.457715,27.081689],[-99.440234,27.170117],[-99.455127,27.233691],[-99.499805,27.285498],[-99.510059,27.340332],[-99.48584,27.398047],[-99.484277,27.467383],[-99.505322,27.54834],[-99.595312,27.635889],[-99.754248,27.729932],[-99.889648,27.867285],[-100.001416,28.047852],[-100.111963,28.172949],[-100.221289,28.242627],[-100.296045,28.327686],[-100.336279,28.428125],[-100.348145,28.486426],[-100.331738,28.502539],[-100.398926,28.614209],[-100.549707,28.821338],[-100.636328,28.972803],[-100.658643,29.068555],[-100.75459,29.18252],[-100.924121,29.314697],[-101.016309,29.400684],[-101.038623,29.460303],[-101.038965,29.4604],[-101.303516,29.634082],[-101.380371,29.742578],[-101.440381,29.776855],[-101.509277,29.773145],[-101.544629,29.783545],[-101.546387,29.808057],[-101.568701,29.809229],[-101.611621,29.786963],[-101.752344,29.782471],[-101.990918,29.795703],[-102.163086,29.825244],[-102.268945,29.871191],[-102.343066,29.86499],[-102.385645,29.806641],[-102.47627,29.769092],[-102.614941,29.752344],[-102.73418,29.643945],[-102.833984,29.443945],[-102.877832,29.315332],[-102.865674,29.258008],[-102.891992,29.216406],[-102.956836,29.190381],[-103.022852,29.132227],[-103.08999,29.041895],[-103.168311,28.998193],[-103.257715,29.001123],[-103.422949,29.070703],[-103.663965,29.206885],[-103.85293,29.291064],[-103.989746,29.323145],[-104.110596,29.386133],[-104.215527,29.479883],[-104.312207,29.542432],[-104.400635,29.57373],[-104.504004,29.677686],[-104.622217,29.854297],[-104.681348,29.990527],[-104.681348,30.134375],[-104.835889,30.447656],[-104.917871,30.58335],[-104.978809,30.645947],[-105.098145,30.720557],[-105.27583,30.807275],[-105.514014,30.980762],[-105.812695,31.241016],[-106.024072,31.397754],[-106.148047,31.450928],[-106.255713,31.544678],[-106.346973,31.679004],[-106.436035,31.764453],[-106.44541,31.768408],[-106.453223,31.770166],[-106.673047,31.771338],[-106.892871,31.772461],[-107.112695,31.773633],[-107.33252,31.774756],[-107.552344,31.775879],[-107.772217,31.777051],[-107.992041,31.778174],[-108.211816,31.779346],[-108.2125,31.666846],[-108.213184,31.554395],[-108.213818,31.441895],[-108.214453,31.329443],[-108.567871,31.328809],[-108.921338,31.328125],[-109.274756,31.327441],[-109.628223,31.326807],[-109.981641,31.326172],[-110.335107,31.325537],[-110.688525,31.324854],[-111.041992,31.324219],[-111.516211,31.472266],[-111.990479,31.620215],[-112.464746,31.768262],[-112.938965,31.91626],[-113.413184,32.064307],[-113.887451,32.212305],[-114.361719,32.360303],[-114.835938,32.508301],[-114.787988,32.564795],[-114.724756,32.715332],[-114.839062,32.704736],[-115.125195,32.683301],[-115.411377,32.661865],[-115.69751,32.640479],[-115.983691,32.619043],[-116.269824,32.597607],[-116.555957,32.576221],[-116.84209,32.554785],[-117.128271,32.53335],[-117.130469,32.539746],[-117.137402,32.64917],[-117.18374,32.687891],[-117.243457,32.664014],[-117.270703,32.80625],[-117.255762,32.873389],[-117.262988,32.938867],[-117.318848,33.100049],[-117.467432,33.295508],[-117.788525,33.538477],[-117.9521,33.619629],[-118.080518,33.722168],[-118.161914,33.750684],[-118.264404,33.758594],[-118.294189,33.712305],[-118.410449,33.743945],[-118.392969,33.858301],[-118.506201,34.017383],[-118.598828,34.03501],[-118.832031,34.024463],[-119.14375,34.112012],[-119.23584,34.164111],[-119.267676,34.257422],[-119.413672,34.338574],[-119.606055,34.418018],[-119.713184,34.399658],[-119.85332,34.411963],[-120.052979,34.469287],[-120.169531,34.476465],[-120.396484,34.45957],[-120.481201,34.471631],[-120.559814,34.543896],[-120.644678,34.57998],[-120.626709,34.668945],[-120.637598,34.749365],[-120.624902,34.811963],[-120.663037,34.949268],[-120.633594,35.076465],[-120.659082,35.122412],[-120.707031,35.157666],[-120.857373,35.209668],[-120.884863,35.274951],[-120.860303,35.36543],[-120.899609,35.425098],[-121.022852,35.480762],[-121.137939,35.607129],[-121.283838,35.676318],[-121.343848,35.792236],[-121.43374,35.863867],[-121.46499,35.927393],[-121.664355,36.154053],[-121.877393,36.331055],[-121.910156,36.43291],[-121.918652,36.572363],[-121.835156,36.657471],[-121.78999,36.732275],[-121.794531,36.800977],[-121.807422,36.851221],[-121.880664,36.938916],[-122.164209,36.990967],[-122.394922,37.20752],[-122.408447,37.373145],[-122.499219,37.542627],[-122.500439,37.652783],[-122.514209,37.771973],[-122.445605,37.797998],[-122.384082,37.788525],[-122.390283,37.741064],[-122.369727,37.655859],[-122.297607,37.591846],[-122.228662,37.563916],[-122.166016,37.50166],[-122.119043,37.482812],[-122.070508,37.478271],[-122.096533,37.518213],[-122.124121,37.543799],[-122.158057,37.626465],[-122.222217,37.732031],[-122.295996,37.790332],[-122.333447,37.896582],[-122.365479,37.921191],[-122.385449,37.960596],[-122.314258,38.007324],[-122.217041,38.040625],[-122.086719,38.049609],[-121.716846,38.034082],[-121.638086,38.061279],[-121.572998,38.052393],[-121.525342,38.055908],[-121.625732,38.083936],[-121.682227,38.074805],[-121.748633,38.080469],[-121.880762,38.075],[-121.93418,38.086816],[-121.993115,38.120117],[-122.031494,38.123535],[-122.15376,38.065527],[-122.208301,38.072559],[-122.337109,38.135889],[-122.393359,38.144824],[-122.483887,38.108838],[-122.494922,37.953564],[-122.466895,37.838184],[-122.521338,37.826416],[-122.58418,37.874072],[-122.680713,37.902344],[-122.7604,37.945654],[-122.872949,38.026074],[-122.931982,38.055469],[-122.998779,37.988623],[-123.001465,38.019287],[-122.968164,38.097021],[-122.977588,38.227344],[-122.876807,38.12334],[-122.908154,38.196582],[-122.986523,38.2771],[-123.046191,38.305078],[-123.121143,38.449268],[-123.289746,38.53584],[-123.424805,38.675635],[-123.701123,38.907275],[-123.719531,39.110986],[-123.820312,39.368408],[-123.777783,39.514941],[-123.783496,39.618701],[-123.83291,39.775488],[-123.884473,39.860791],[-124.108496,40.094531],[-124.324023,40.251953],[-124.356543,40.371094],[-124.37168,40.491211],[-124.324512,40.598096],[-124.283691,40.710547],[-124.253906,40.740283],[-124.242334,40.727881],[-124.250586,40.703906],[-124.22002,40.696484],[-124.208447,40.746094],[-124.190234,40.771729],[-124.22251,40.775049],[-124.219189,40.790723],[-124.199902,40.82207],[-124.133105,40.969775],[-124.140039,41.155908],[-124.068506,41.38418],[-124.071924,41.459521],[-124.117676,41.621729],[-124.163232,41.718994],[-124.244629,41.787939],[-124.20874,41.888574],[-124.21167,41.984619],[-124.355273,42.1229],[-124.41001,42.304346],[-124.420508,42.381006],[-124.406152,42.583691],[-124.443799,42.670215],[-124.539648,42.812891],[-124.498584,42.936865],[-124.454443,43.012354],[-124.346582,43.34165],[-124.320605,43.368213],[-124.275488,43.367383],[-124.196924,43.42334],[-124.233154,43.436377],[-124.287988,43.409717],[-124.239209,43.540039],[-124.184375,43.651562],[-124.14873,43.691748],[-124.130664,44.055664],[-124.09917,44.333789],[-124.047461,44.425488],[-124.06543,44.520068],[-124.044531,44.648242],[-124.05918,44.777734],[-123.948584,45.40083],[-123.963086,45.476074],[-123.929346,45.576953],[-123.96123,45.842969],[-123.947119,46.140576],[-123.975244,46.17832],[-123.989307,46.219385],[-123.962939,46.225439],[-123.91167,46.182178],[-123.673633,46.182617],[-123.521631,46.222656],[-123.466357,46.209424],[-123.402295,46.15498],[-123.321582,46.143994],[-123.220605,46.153613],[-123.251318,46.167285],[-123.298682,46.17085],[-123.404736,46.220996],[-123.464844,46.271094],[-123.650342,46.267725],[-123.688379,46.299854],[-123.895703,46.267773],[-123.959766,46.300732],[-124.072754,46.279443],[-124.045117,46.3729],[-124.050195,46.490527],[-124.044336,46.605078],[-124.016406,46.521387],[-123.946143,46.432568],[-123.912402,46.53335],[-123.88916,46.66001],[-123.957715,46.708691],[-124.07168,46.744775],[-124.112549,46.862695],[-123.842871,46.963184],[-123.986035,46.984473],[-124.042236,47.029687],[-124.111719,47.035205],[-124.116797,47.000342],[-124.139258,46.954687],[-124.163574,47.015332],[-124.170508,47.08667],[-124.198828,47.208545],[-124.309277,47.40459],[-124.376025,47.658643],[-124.460059,47.784229],[-124.621094,47.90415],[-124.663086,47.974121],[-124.70166,48.15166],[-124.67998,48.285889],[-124.709961,48.380371],[-124.632617,48.375049],[-124.429053,48.300781],[-124.175488,48.242432],[-124.098779,48.2],[-123.975781,48.168457],[-123.294434,48.119531],[-123.249902,48.124219],[-123.161865,48.154541],[-123.124414,48.150928],[-123.024219,48.081592],[-122.973877,48.073291],[-122.908887,48.076904],[-122.860889,48.090039],[-122.778613,48.137598],[-122.767529,48.12002],[-122.769092,48.075977],[-122.739746,48.013232],[-122.679492,47.931787],[-122.656641,47.881152],[-122.778418,47.738428],[-122.801758,47.735352],[-122.805371,47.783643],[-122.821387,47.793164],[-123.050635,47.551953],[-123.131055,47.437744],[-123.139062,47.386084],[-123.136328,47.355811],[-123.104199,47.348389],[-123.030908,47.360205],[-122.922168,47.407666],[-122.916895,47.417969],[-123.018213,47.401074],[-123.066797,47.399658],[-123.060156,47.453662],[-123.048633,47.479346],[-122.982471,47.559375],[-122.912891,47.607373],[-122.814063,47.658545],[-122.757129,47.700537],[-122.717871,47.762109],[-122.608154,47.835498],[-122.587891,47.855957],[-122.592676,47.916406],[-122.585742,47.927881],[-122.532813,47.919727],[-122.510791,47.815723],[-122.523926,47.769336],[-122.618408,47.712793],[-122.630176,47.692822],[-122.613623,47.615625],[-122.628271,47.608154],[-122.664307,47.617236],[-122.675488,47.612354],[-122.58584,47.528418],[-122.557422,47.463184],[-122.553564,47.404932],[-122.577881,47.293164],[-122.603906,47.274609],[-122.648633,47.281445],[-122.707715,47.316406],[-122.720898,47.305127],[-122.767773,47.218359],[-122.783301,47.225977],[-122.812549,47.328955],[-122.828467,47.336572],[-122.919531,47.289648],[-122.956201,47.24458],[-122.987646,47.172559],[-123.027588,47.138916],[-122.91416,47.131494],[-122.811963,47.145996],[-122.729883,47.111816],[-122.701953,47.110889],[-122.627051,47.144238],[-122.60415,47.166992],[-122.542187,47.275586],[-122.511084,47.29502],[-122.464844,47.295801],[-122.420117,47.312109],[-122.353809,47.371582],[-122.351123,47.395215],[-122.375244,47.528369],[-122.368359,47.603906],[-122.380762,47.627832],[-122.410498,47.652637],[-122.406787,47.676758],[-122.383643,47.716455],[-122.381982,47.752344],[-122.401807,47.784277],[-122.392871,47.820557],[-122.330322,47.898633],[-122.318457,47.933057],[-122.241992,48.010742],[-122.261279,48.042041],[-122.31748,48.080176],[-122.352979,48.113818],[-122.388672,48.166357],[-122.41582,48.183936],[-122.424707,48.175928],[-122.386621,48.089941],[-122.394775,48.084131],[-122.494043,48.130469],[-122.516992,48.159668],[-122.52915,48.199316],[-122.520312,48.229102],[-122.467041,48.258496],[-122.403369,48.269189],[-122.408545,48.293896],[-122.488428,48.374316],[-122.54165,48.410937],[-122.582568,48.428662],[-122.637793,48.433301],[-122.6625,48.446387],[-122.668994,48.465234],[-122.657275,48.48999],[-122.627979,48.4979],[-122.542676,48.487988],[-122.496777,48.505566],[-122.501074,48.5375],[-122.514795,48.555176],[-122.512744,48.669434],[-122.545117,48.762305],[-122.562012,48.777979],[-122.580176,48.77959],[-122.599414,48.76709],[-122.653027,48.763867],[-122.685937,48.794287],[-122.722461,48.853027],[-122.78877,48.993018],[-122.686377,48.993018],[-122.26001,48.993018],[-121.833594,48.993018],[-121.407227,48.993018],[-120.980859,48.993018],[-120.554492,48.993018],[-120.128076,48.993018],[-119.701709,48.993018],[-119.275342,48.993066],[-118.848926,48.993066],[-118.422559,48.993066],[-117.996191,48.993066],[-117.569775,48.993066],[-117.143408,48.993066],[-116.717041,48.993066],[-116.290625,48.993066],[-115.864258,48.993066],[-115.437891,48.993066],[-115.011523,48.993066],[-114.585107,48.993066],[-114.15874,48.993066],[-113.732373,48.993066],[-113.305957,48.993066],[-112.87959,48.993066],[-112.453223,48.993066],[-112.026807,48.993066],[-111.600439,48.993066],[-111.174072,48.993066],[-110.747656,48.993066],[-110.321289,48.993066],[-109.894922,48.993066],[-109.468555,48.993066],[-109.042139,48.993115],[-108.615771,48.993115],[-108.189404,48.993115],[-107.762988,48.993115],[-107.336621,48.993115],[-106.910254,48.993115],[-106.483838,48.993115],[-106.057471,48.993115],[-105.631104,48.993115],[-105.204687,48.993115],[-104.77832,48.993115],[-104.351953,48.993115],[-103.925586,48.993115],[-103.49917,48.993115],[-103.072803,48.993115],[-102.646436,48.993115],[-102.22002,48.993115],[-101.793652,48.993115],[-101.367285,48.993115],[-100.940869,48.993115],[-100.514502,48.993115],[-100.088135,48.993115],[-99.661719,48.993115],[-99.235352,48.993115],[-98.808984,48.993164],[-98.382617,48.993164],[-97.956201,48.993164],[-97.529834,48.993164],[-97.103467,48.993164],[-96.677051,48.993164],[-96.250684,48.993164],[-95.824316,48.993164],[-95.3979,48.993164],[-95.162061,48.991748],[-95.158252,49.203076],[-95.155273,49.369678],[-94.939355,49.349414],[-94.874805,49.319043],[-94.854346,49.30459],[-94.8604,49.258594],[-94.842578,49.119189],[-94.803467,49.00293],[-94.712793,48.863428],[-94.712549,48.862988],[-94.705078,48.808496],[-94.675342,48.774414],[-94.620898,48.742627],[-94.41416,48.704102],[-94.055176,48.659033],[-93.851611,48.607275],[-93.803564,48.548926],[-93.707715,48.525439],[-93.564258,48.536914],[-93.463623,48.561279],[-93.377881,48.616553],[-93.257959,48.628857],[-93.155225,48.625342],[-93.051709,48.619873],[-92.99624,48.611816],[-92.836719,48.567773],[-92.732666,48.531836],[-92.583252,48.465088],[-92.500586,48.435352],[-92.460889,48.365869],[-92.4146,48.276611],[-92.348437,48.276611],[-92.298682,48.328906],[-92.171777,48.338379],[-92.005176,48.301855],[-91.858398,48.197559],[-91.647314,48.10459],[-91.518311,48.058301],[-91.387207,48.058545],[-91.220654,48.10459],[-91.043457,48.193701],[-90.916064,48.209131],[-90.840332,48.200537],[-90.797314,48.131055],[-90.744385,48.10459],[-90.60708,48.112598],[-90.320117,48.09917],[-90.091797,48.118115],[-90.039941,48.078174],[-89.993652,48.015332],[-89.901025,47.995459],[-89.775391,48.015332],[-89.550586,47.999902],[-89.455664,47.99624],[-89.273193,48.019971],[-89.185645,48.047412],[-89.062598,48.093799],[-88.898682,48.155713],[-88.611768,48.264014],[-88.378174,48.303076],[-88.160645,48.225391],[-87.987451,48.156885],[-87.920508,48.130371],[-87.743896,48.060547],[-87.494238,47.961768],[-87.208008,47.848486],[-86.921826,47.735205],[-86.672168,47.636426],[-86.495557,47.566602],[-86.428564,47.540088],[-86.234473,47.460059],[-86.040381,47.380029],[-85.846338,47.3],[-85.652246,47.219971],[-85.458203,47.139941],[-85.264111,47.059961],[-85.070068,46.979932],[-84.875977,46.899902],[-84.827051,46.766846],[-84.779395,46.637305],[-84.665771,46.543262],[-84.561768,46.457373],[-84.501562,46.461865],[-84.440479,46.498145],[-84.401709,46.515625],[-84.336719,46.518506],[-84.192187,46.549561],[-84.149463,46.542773],[-84.125195,46.527246],[-84.123193,46.50293],[-84.128125,46.483594],[-84.150488,46.444775],[-84.115186,46.370801],[-84.107764,46.288623],[-84.088379,46.226514],[-84.029199,46.147021],[-83.977783,46.084912],[-83.913037,46.0729],[-83.763184,46.109082],[-83.669287,46.122754],[-83.615967,46.116846],[-83.524756,46.058691],[-83.480127,46.02373],[-83.469482,45.994678],[-83.592676,45.817139],[-83.397314,45.729053],[-83.179297,45.632764],[-82.919336,45.517969],[-82.7604,45.447705],[-82.551074,45.347363],[-82.515234,45.204395],[-82.485059,45.08374],[-82.446582,44.915527],[-82.407373,44.743945],[-82.368262,44.572998],[-82.326807,44.391553],[-82.28125,44.192236],[-82.240771,44.015332],[-82.196582,43.822217],[-82.137842,43.570898],[-82.190381,43.474072],[-82.304785,43.263232],[-82.408203,43.072656],[-82.417236,43.017383],[-82.48833,42.739502],[-82.545312,42.624707],[-82.645117,42.558057],[-82.744189,42.493457],[-82.867773,42.385205],[-83.003711,42.331738],[-83.073145,42.300293],[-83.109521,42.250684],[-83.149658,42.141943],[-83.141943,41.975879],[-83.02998,41.832959],[-82.866211,41.753027],[-82.690039,41.675195],[-82.439062,41.674854],[-82.21333,41.778711],[-81.97417,41.888721],[-81.760937,41.986816],[-81.507324,42.103467],[-81.277637,42.20918],[-81.028223,42.247168],[-80.682617,42.299756],[-80.247559,42.366016],[-80.035742,42.441455],[-79.762012,42.538965],[-79.44624,42.651465],[-79.17373,42.748535],[-79.036719,42.802344],[-78.939258,42.863721],[-78.915088,42.909131],[-78.92085,42.935205],[-78.945996,42.961328],[-78.980762,42.980615],[-79.01167,42.997021],[-79.026172,43.017334],[-79.029053,43.061768],[-79.047998,43.087305],[-79.066064,43.106104],[-79.059229,43.278076],[-79.083057,43.331396],[-79.171875,43.466553],[-79.00249,43.527148],[-78.845557,43.58335],[-78.72041,43.624951],[-78.458252,43.631494],[-78.214795,43.630664],[-77.879248,43.629541],[-77.596533,43.628613],[-77.266699,43.62749],[-77.07334,43.626855],[-76.819971,43.628809],[-76.696484,43.784814],[-76.586133,43.924316],[-76.4646,44.057617],[-76.248535,44.214111],[-76.185791,44.242236],[-76.151172,44.303955],[-76.020215,44.362598],[-75.875928,44.416992],[-75.819336,44.468018],[-75.791943,44.49707],[-75.40127,44.772266],[-75.179395,44.899365],[-74.996143,44.970117],[-74.856641,45.003906],[-74.762451,44.999072],[-74.708887,45.003857]]],[[[-72.509766,40.986035],[-72.580859,40.921338],[-72.516602,40.914795],[-72.461328,40.933789],[-72.408984,40.972168],[-72.287451,41.024072],[-72.183887,41.046777],[-72.15127,41.051465],[-72.101904,41.015039],[-72.003955,41.044287],[-71.903223,41.060693],[-72.338965,40.894141],[-72.428076,40.875391],[-72.555566,40.825781],[-72.676074,40.790625],[-72.762842,40.777832],[-73.194287,40.654199],[-73.228516,40.651514],[-73.265527,40.663574],[-73.620898,40.599902],[-73.766748,40.592725],[-73.899561,40.570508],[-73.801318,40.621777],[-73.79917,40.640967],[-73.822656,40.655957],[-73.875195,40.651611],[-73.929004,40.598828],[-74.014893,40.581201],[-74.032031,40.638672],[-74.003369,40.683154],[-73.964551,40.725342],[-73.879248,40.79165],[-73.757227,40.833691],[-73.695215,40.87002],[-73.652246,40.838037],[-73.642822,40.88125],[-73.609766,40.906201],[-73.573828,40.919629],[-73.487402,40.919971],[-73.440869,40.926758],[-73.407227,40.941113],[-73.372705,40.943799],[-73.278174,40.924219],[-73.18584,40.929834],[-73.111279,40.956885],[-73.033789,40.965967],[-72.828809,40.97207],[-72.625098,40.991846],[-72.543652,41.027002],[-72.372559,41.125537],[-72.274121,41.153027],[-72.427393,41.038525],[-72.509766,40.986035]]],[[[-68.187256,44.332471],[-68.245459,44.312988],[-68.309277,44.321484],[-68.307959,44.268701],[-68.315088,44.249707],[-68.385791,44.276855],[-68.411719,44.294336],[-68.409473,44.364258],[-68.347021,44.430371],[-68.299414,44.456494],[-68.238037,44.438379],[-68.190918,44.364355],[-68.187256,44.332471]]],[[[-74.188135,40.522852],[-74.235889,40.518701],[-74.188184,40.6146],[-74.100488,40.658447],[-74.06875,40.649316],[-74.067383,40.61543],[-74.079687,40.586475],[-74.138525,40.541846],[-74.188135,40.522852]]],[[[-70.509912,41.376318],[-70.785303,41.327441],[-70.829199,41.358984],[-70.760498,41.373584],[-70.67373,41.448535],[-70.616016,41.457227],[-70.525342,41.414795],[-70.509912,41.376318]]],[[[-71.241406,41.491943],[-71.290918,41.4646],[-71.34624,41.469385],[-71.318164,41.506299],[-71.307471,41.560498],[-71.280176,41.62002],[-71.264453,41.638232],[-71.232031,41.654297],[-71.241406,41.491943]]],[[[-69.97793,41.265576],[-70.055078,41.249463],[-70.233057,41.286328],[-70.086621,41.317578],[-70.062695,41.328467],[-70.043604,41.374414],[-70.041211,41.397461],[-69.985596,41.298633],[-69.97793,41.265576]]],[[[-75.635693,35.855908],[-75.650781,35.835596],[-75.717187,35.946143],[-75.648877,35.9104],[-75.63667,35.880664],[-75.635693,35.855908]]],[[[-75.544141,35.240088],[-75.678271,35.212842],[-75.690088,35.221582],[-75.536377,35.278613],[-75.487891,35.479492],[-75.48125,35.572119],[-75.504297,35.7354],[-75.503516,35.769141],[-75.478516,35.716504],[-75.456445,35.56416],[-75.464746,35.448633],[-75.509326,35.280322],[-75.544141,35.240088]]],[[[-75.781934,35.190186],[-75.963672,35.118848],[-75.98418,35.123096],[-75.864941,35.174121],[-75.781934,35.190186]]],[[[-76.503662,34.642969],[-76.528564,34.631494],[-76.437012,34.756348],[-76.256201,34.914697],[-76.207373,34.938916],[-76.357715,34.803662],[-76.503662,34.642969]]],[[[-82.037207,26.453613],[-82.072852,26.427539],[-82.144971,26.44668],[-82.184375,26.480957],[-82.201367,26.548047],[-82.138574,26.477002],[-82.116064,26.460938],[-82.037207,26.453613]]],[[[-82.083789,26.552344],[-82.085205,26.493604],[-82.135596,26.591992],[-82.169141,26.700732],[-82.121143,26.665527],[-82.083789,26.552344]]],[[[-80.381836,25.142285],[-80.580566,24.954248],[-80.558545,25.001318],[-80.481055,25.101953],[-80.456006,25.149316],[-80.403662,25.179346],[-80.354932,25.233643],[-80.35127,25.296973],[-80.280469,25.34126],[-80.25708,25.347607],[-80.381836,25.142285]]],[[[-91.793701,29.500732],[-91.830859,29.486475],[-91.99624,29.573096],[-92.006641,29.610303],[-91.925049,29.643945],[-91.875244,29.640967],[-91.796484,29.596973],[-91.767676,29.584717],[-91.754297,29.566895],[-91.761914,29.539014],[-91.793701,29.500732]]],[[[-97.014355,27.901611],[-97.036035,27.89917],[-96.987646,27.981055],[-96.978662,28.013867],[-96.899316,28.11748],[-96.857422,28.13291],[-96.839746,28.088818],[-96.921338,28.016016],[-97.014355,27.901611]]],[[[-96.764404,28.152588],[-96.801123,28.148438],[-96.755615,28.202441],[-96.681641,28.229687],[-96.519336,28.333447],[-96.453125,28.340576],[-96.418652,28.376318],[-96.403564,28.381592],[-96.41333,28.337793],[-96.543896,28.275586],[-96.764404,28.152588]]],[[[-97.353613,27.300049],[-97.384814,27.242529],[-97.376221,27.328271],[-97.29502,27.523096],[-97.130029,27.77915],[-97.060547,27.822021],[-97.250879,27.541211],[-97.353613,27.300049]]],[[[-95.039697,29.145898],[-95.089648,29.136328],[-94.87168,29.290137],[-94.825977,29.341309],[-94.767627,29.339062],[-94.864941,29.252881],[-95.039697,29.145898]]],[[[-97.170703,26.159375],[-97.184521,26.112939],[-97.267334,26.329785],[-97.4021,26.820508],[-97.407178,27.100195],[-97.385986,27.196484],[-97.351221,26.801465],[-97.202246,26.299805],[-97.170703,26.159375]]],[[[-120.306592,34.024854],[-120.359717,34.022266],[-120.441553,34.03291],[-120.412939,34.056299],[-120.367725,34.073291],[-120.35332,34.060596],[-120.306592,34.024854]]],[[[-119.438037,33.217187],[-119.48252,33.215332],[-119.543652,33.224609],[-119.575195,33.27832],[-119.525146,33.282031],[-119.478809,33.274609],[-119.442041,33.232422],[-119.438037,33.217187]]],[[[-118.350391,32.827588],[-118.408594,32.818506],[-118.473193,32.838916],[-118.528906,32.935596],[-118.590186,33.011182],[-118.55708,33.032666],[-118.507471,32.959912],[-118.383203,32.849463],[-118.350391,32.827588]]],[[[-120.043555,33.918848],[-120.113916,33.904883],[-120.167139,33.918066],[-120.251904,34.013867],[-120.071826,34.026514],[-119.994385,33.984912],[-119.983936,33.97334],[-120.043555,33.918848]]],[[[-119.882373,34.079687],[-119.678857,34.028467],[-119.569141,34.052979],[-119.549268,34.028174],[-119.562207,34.006592],[-119.80957,33.967773],[-119.885498,33.994922],[-119.892432,34.032178],[-119.918066,34.067822],[-119.882373,34.079687]]],[[[-118.347949,33.385742],[-118.297461,33.312109],[-118.370215,33.32124],[-118.446289,33.31709],[-118.469336,33.357129],[-118.492041,33.412793],[-118.507324,33.427002],[-118.559424,33.431982],[-118.56333,33.437061],[-118.569434,33.46416],[-118.554834,33.4771],[-118.391699,33.415088],[-118.347949,33.385742]]],[[[-122.782129,48.672705],[-122.768848,48.650977],[-122.808984,48.629834],[-122.837598,48.626562],[-122.883105,48.660645],[-122.903027,48.664697],[-122.887012,48.612305],[-122.892529,48.594482],[-122.985645,48.626709],[-123.002832,48.652197],[-122.97666,48.67915],[-122.918018,48.706982],[-122.897705,48.710352],[-122.782129,48.672705]]],[[[-123.013135,48.500879],[-122.986768,48.468018],[-123.094434,48.489062],[-123.139941,48.507959],[-123.153418,48.526318],[-123.16958,48.586719],[-123.162158,48.606396],[-123.11416,48.613281],[-123.02417,48.538477],[-123.013135,48.500879]]],[[[-122.572754,48.156641],[-122.523828,48.025439],[-122.502832,48.080078],[-122.366748,47.985449],[-122.366602,47.938818],[-122.383154,47.923193],[-122.411426,47.917725],[-122.437598,47.931348],[-122.461621,47.964014],[-122.492285,47.981299],[-122.55752,47.99248],[-122.591357,48.029639],[-122.603174,48.055029],[-122.606299,48.128564],[-122.622656,48.151416],[-122.657275,48.156494],[-122.690381,48.173877],[-122.741504,48.225293],[-122.74873,48.239014],[-122.724512,48.280908],[-122.668994,48.351025],[-122.628613,48.384229],[-122.603516,48.380615],[-122.572461,48.35957],[-122.535547,48.321191],[-122.542432,48.293994],[-122.692139,48.241064],[-122.697021,48.228662],[-122.624414,48.21377],[-122.597607,48.200439],[-122.572754,48.156641]]],[[[-71.365332,41.485254],[-71.393066,41.466748],[-71.403418,41.515039],[-71.383984,41.570557],[-71.364307,41.571826],[-71.354492,41.542285],[-71.365332,41.485254]]],[[[-74.133203,39.680762],[-74.250488,39.529395],[-74.253174,39.558496],[-74.106738,39.746436],[-74.133203,39.680762]]],[[[-75.333057,37.888281],[-75.378516,37.87207],[-75.225977,38.072314],[-75.137402,38.240088],[-75.0979,38.298096],[-75.13623,38.180518],[-75.203223,38.072412],[-75.333057,37.888281]]],[[[-76.54624,34.654883],[-76.568506,34.652539],[-76.607812,34.663574],[-76.661963,34.684668],[-76.673926,34.700146],[-76.622266,34.694531],[-76.54624,34.654883]]],[[[-81.334814,24.650488],[-81.364795,24.629932],[-81.379053,24.636279],[-81.379053,24.66626],[-81.42168,24.732617],[-81.420068,24.75],[-81.322314,24.685059],[-81.319824,24.667627],[-81.334814,24.650488]]],[[[-80.829395,24.803662],[-80.84834,24.803662],[-80.838867,24.817871],[-80.799414,24.846289],[-80.785205,24.835254],[-80.786768,24.821045],[-80.829395,24.803662]]],[[[-80.638281,24.903174],[-80.665137,24.898438],[-80.625684,24.941113],[-80.6146,24.937939],[-80.638281,24.903174]]],[[[-81.044189,24.716797],[-81.08999,24.693115],[-81.137354,24.710498],[-81.085254,24.73418],[-80.930469,24.759473],[-80.988916,24.727881],[-81.044189,24.716797]]],[[[-81.418994,30.971436],[-81.463477,30.727783],[-81.482715,30.814062],[-81.484619,30.897852],[-81.450928,30.947412],[-81.418994,30.971436]]],[[[-81.566699,24.599902],[-81.631494,24.590039],[-81.579248,24.629395],[-81.562305,24.68916],[-81.531641,24.64248],[-81.532227,24.61416],[-81.566699,24.599902]]],[[[-80.186768,27.278418],[-80.170508,27.204785],[-80.262451,27.375586],[-80.376074,27.643408],[-80.436914,27.850537],[-80.395752,27.794531],[-80.355518,27.678613],[-80.186768,27.278418]]],[[[-81.783838,24.54458],[-81.809229,24.542334],[-81.811426,24.557812],[-81.767676,24.576709],[-81.738672,24.575439],[-81.739746,24.554492],[-81.783838,24.54458]]],[[[-88.889307,29.712598],[-88.943604,29.660254],[-88.941113,29.680225],[-88.901172,29.732617],[-88.872656,29.752979],[-88.889307,29.712598]]],[[[-88.558105,30.215918],[-88.570654,30.204785],[-88.659229,30.225586],[-88.713086,30.244922],[-88.722852,30.264258],[-88.573975,30.22915],[-88.558105,30.215918]]],[[[-88.071338,30.252344],[-88.159326,30.230908],[-88.289746,30.23291],[-88.31626,30.24043],[-88.263916,30.254736],[-88.109375,30.27373],[-88.071338,30.252344]]],[[[-89.223975,30.084082],[-89.220459,30.037598],[-89.269434,30.060742],[-89.341992,30.062842],[-89.310059,30.078711],[-89.287646,30.094189],[-89.276465,30.11084],[-89.184668,30.168652],[-89.210693,30.126221],[-89.223975,30.084082]]],[[[-88.827441,29.807715],[-88.855664,29.775879],[-88.827979,29.928369],[-88.866895,30.056738],[-88.825879,30.000391],[-88.812598,29.93335],[-88.827441,29.807715]]],[[[-84.90791,29.642627],[-85.008252,29.606641],[-85.116748,29.632812],[-85.049316,29.637793],[-85.000537,29.627197],[-84.877002,29.678662],[-84.812207,29.717627],[-84.737158,29.732422],[-84.90791,29.642627]]],[[[-122.853076,47.204736],[-122.862598,47.185059],[-122.876758,47.186133],[-122.907959,47.226123],[-122.911914,47.254346],[-122.885107,47.274707],[-122.84917,47.216309],[-122.853076,47.204736]]],[[[-122.394141,47.395264],[-122.39873,47.37251],[-122.437109,47.354785],[-122.456982,47.359326],[-122.458203,47.386133],[-122.468555,47.390234],[-122.509912,47.358008],[-122.506836,47.42168],[-122.486475,47.48877],[-122.468604,47.48999],[-122.44209,47.446143],[-122.394141,47.395264]]],[[[-122.497266,47.59458],[-122.502637,47.575439],[-122.557812,47.598291],[-122.575928,47.619482],[-122.57373,47.666846],[-122.560107,47.697754],[-122.549756,47.703955],[-122.517236,47.690576],[-122.507861,47.682666],[-122.497266,47.59458]]],[[[-122.820898,48.431348],[-122.836572,48.421533],[-122.890039,48.434668],[-122.921631,48.456934],[-122.932275,48.484766],[-122.912207,48.537988],[-122.885498,48.551611],[-122.868896,48.548633],[-122.861914,48.501855],[-122.8146,48.452344],[-122.820898,48.431348]]],[[[-68.623193,44.196045],[-68.661182,44.17627],[-68.701709,44.182666],[-68.703027,44.231982],[-68.690771,44.24873],[-68.676758,44.256201],[-68.655957,44.242334],[-68.623193,44.196045]]]]}}]}